corpus: ok
HOST gb10c Linux 6.17.0-1021-nvidia aarch64
CPU  microcode 
OS #21-Ubuntu SMP PREEMPT_DYNAMIC Wed May 27 19:14:05 UTC 2026
GOVERNOR cpu8 performance boost 0
THP always [madvise] never
PIN 'taskset -c 8' PINCPU '8' TOKS_TIER '' REPS 5 REF 1 REF_REPS 3 GIGA 1
GIT 245cc5c005419456271a30431e1f9a25cf4d8af7
CC clang version 21.1.8 (https://github.com/llvm/llvm-project 2078da43e25a4623cab2d0d60decddf709aaea28)
KERNELS -DTOKS_HAVE_K1_NEON=1 -DTOKS_HAVE_K3_CL100K_NEON=1 -DTOKS_HAVE_K3_DSV3_NEON=1 -DTOKS_HAVE_K3_O200K_NEON=1 -DTOKS_HAVE_K5_NEON=1 -DTOKS_HAVE_K6_NEON=1 -DTOKS_HAVE_K7_SPM_NEON=1 k1_neon.S k3_cl100k_neon.S k3_dsv3_neon.S k3_o200k_neon.S k5_neon.S k6_neon.S k7_spm_neon.S selftest.S
BIN fd3c729f1b428e0f2252e199be61d7e401ca6380e72b479e81f28041b958b8c0  build/e2e
BIN 6be4ebbc47dc60b5632c5f6434ae7b9ac9ee1db3b407c4df0417a397c752a099  build/linux-arm64/libtoks.a
BIN 60c2bf09df39530f946634015f1c6dfa5c6592b5906faefe0d20913f7d981057  build/giga-target/release/gigatoken-bench
GIGATOKEN fac0114b37120ec8a76362e9ee8e1c742aaafaef rustc 1.101.0-nightly (db8f076d2 2026-10-03)
TOKENIZER gpt2 8414cab924d8b9b33013f0d221c5862f365ee9be39c5c2bfae8a5a9e970478a6
TOKENIZER llama3 6b9e4e7fb171f92fd137b777cc2714bf87d11576700a1dcd7a399e7bbe39537b
TOKENIZER glm53 19e773648cb4e65de8660ea6365e10acca112d42a854923df93db4a6f333a82d
TOKENIZER qwen38 0997f410c57a1f4e53b09e4be8f4a172d90edd9564368fb0847030937229b9f3
TOKENIZER o200k 0614fe83cadab421296e664e1f48f4261fa8fef6e03e63bb75c20f38e37d07d3
TOKENIZER gemma4 cc8d3a0ce36466ccc1278bf987df5f71db1719b9ca6b4118264f45cb627bfe0f
TOKENIZER nemotron3-4b 623c34567aebb18582765289fbe23d901c62704d6518d71866e0e58db892b5b7
TOKENIZER llama4 172c9eb4beafc72601690da3ccfcede5c2e6806a8d5ec1fca33e22acea8023a4
TOKENIZER minimaxm2 757622126525aeeb131756849d93298070ff3f0319c455ec8c5bb0f6b1cebbe8
TOKENIZER dsv4 8f9f37ca37fdc4f5fd36d5cf4d3b0e8392edb4e894fd10cc0d70b4957c8633cf
TOKENIZER kimik3 b3c9d5b7185255e33e51d006de2e0c50e3534a08aafe5678fb3b70dc11794a7e
CORPUS en 1353eaefbc8d2900cbf7acfb9078d1307b0ebcaaed16247432cc36087661f3a4 2048653 bytes: build/text/gut-en-1342.txt build/text/gut-en-2701.txt
CORPUS code a7dbee59d29f63a043c32f5564d5f8a4fa4e2b4ec14fe8278f7ad7507b39acf8 614699 bytes: build/text/code-cpython.py build/text/code-toks.c
CORPUS ml 85d1754c0ab788e2dab51a0a81920a8cfe463a902d305ef8b2a7275f6fb80463 6443660 bytes: build/text/wiki-ar.txt build/text/wiki-de.txt build/text/wiki-el.txt build/text/wiki-fr.txt build/text/wiki-he.txt build/text/wiki-hi.txt build/text/wiki-ka.txt build/text/wiki-ru.txt build/text/wiki-ta.txt build/text/wiki-th.txt build/text/wiki-uk.txt build/text/wiki-vi.txt build/text/gut-de-2229.txt build/text/gut-es-2000.txt build/text/gut-fr-17489.txt
CORPUS cjk 0a4d7d2bc20799e3314f31ab406421ebcb38f3bd265044f6bfa9a63b71544bf2 3129985 bytes: build/text/wiki-zh.txt build/text/wiki-ja.txt build/text/wiki-ko.txt build/text/gut-zh-24264.txt
UPTIME  03:00:29 up 11 days,  9:50, 8192 users,  load average: 1.91, 2.58, 3.19
== gpt2 en chunk 4096
LOAD before 1.91 2.58 3.19
PINNED cpu 8 siblings 8: 
toks  chunk    4096  cold   296.4 MB/s  81.88 Mtok/s     13905 ns/call | pass   367.1 MB/s | warm  5678.0 MB/s | floor  49340.2 MB/s (memcpy) x_floor    134 | neon
E2E tool=toks tier=neon chunk=4096 bytes=2048653 calls=497 ids=565852 sha=568009b147dcbd5c cold_s=0.006911 pass_s=0.005581 warm_s=0.000361 lang_s=0.005243 warmo_s=0.000904 coldo_s=0.007287 floor_s=0.000042 floor_v=memcpy floor_xor_s=0.000153 floor_memcpy_s=0.000042 floor_nt_s=0.000160 ghz0=3.890 ghz1=3.894 load_ms=33 scratch_mib=6.37 cache_mib=0 memo_mib=4 reps=5 pass_after=other cold_reps_s=0.008072,0.007028,0.006933,0.006937,0.006911 pass_reps_s=0.005595,0.005595,0.005596,0.005581,0.005586 warm_reps_s=0.000363,0.000361,0.000363,0.000365,0.000374 lang_reps_s=0.005248,0.005247,0.005248,0.005253,0.005243 warmo_reps_s=0.000937,0.000928,0.000910,0.000907,0.000904 coldo_reps_s=0.007287,0.007296,0.007316,0.007301,0.007293
CTR pieces=483426 one=112267 over15=276 thp_kb=4096 cold=426715/17926/38785 lc=0/0 memo=4345024/0 pass=128561/337173/17692 lc=0/0 memo=4060928/0 warm=9486/29022/173 lc=0/0 memo=0/458 lang=123846/342404/17176 lc=0/0 memo=0/0 warmo=16058/34953/2496 lc=0/0 memo=469184/443 coldo=426715/17926/38785 lc=0/0 memo=4345024/0
giga  chunk    4096  cold   184.3 MB/s | pass   346.0 MB/s | warm   842.0 MB/s | bpe
GIGA tool=gigatoken version=fac0114b37120ec8a76362e9ee8e1c742aaafaef kind=bpe chunk=4096 bytes=2048653 calls=497 ids=565852 cold_s=0.011117 pass_s=0.005921 warm_s=0.002433 lang_s=0.006663 warmo_s=0.002062 coldo_s=0.010943 reps=5 cold_reps=2 load_ms=66 fresh_state_ms=7.821 cache_entries=65602 cache_mib=512 pass_after=other cold_reps_s=0.011194,0.011117 pass_reps_s=0.005933,0.005953,0.005928,0.005921,0.005955 entries_pass=65602 warm_reps_s=0.002436,0.002433,0.002435,0.002443,0.002441 entries_warm=65602 lang_reps_s=0.006764,0.006835,0.006887,0.006740,0.006663 entries_lang=307065 warmo_reps_s=0.002067,0.002064,0.002062,0.002069,0.002067 entries_warmo=307065 coldo_reps_s=0.011165,0.010943
hf    chunk    4096      5.17 MB/s   1.427 Mtok/s      797951 ns/call
REF tool=hf version=0.23.2 chunk=4096 bytes=2048653 calls=497 ids=565852 sha=568009b147dcbd5c s=0.396582 reps=3
FIRSTDIFF none
REF tool=gigatoken chunk=4096 ids=565852 sha=568009b147dcbd5c hf_nopp_ids=565852 hf_nopp_sha=568009b147dcbd5c same_as_hf_nopp=yes first_diff=none
tikt  chunk    4096     22.77 MB/s   6.289 Mtok/s      181048 ns/call  ids==hf(no post-processor): yes
REF tool=tiktoken version=0.14.0 chunk=4096 bytes=2048653 calls=497 ids=565852 sha=568009b147dcbd5c s=0.089981 reps=3 hf_nopp_ids=565852 hf_nopp_sha=568009b147dcbd5c same_as_hf_nopp=yes
EXACT yes toks == hf (565852 568009b147dcbd5c)
PINNED cpu 8 siblings 8: 8/ps/0.0 
BUSY cpu8 99% 
LOAD after 1.72 2.50 3.14
== gpt2 en chunk 0
LOAD before 1.72 2.50 3.14
PINNED cpu 8 siblings 8: 
toks  chunk       0  cold   416.6 MB/s 115.06 Mtok/s   4917710 ns/call | pass   392.5 MB/s | warm   671.0 MB/s | floor  40150.0 MB/s (memcpy) x_floor    102 | neon
E2E tool=toks tier=neon chunk=0 bytes=2048653 calls=1 ids=565852 sha=568009b147dcbd5c cold_s=0.004918 pass_s=0.005219 warm_s=0.003053 lang_s=0.005151 warmo_s=0.004830 coldo_s=0.005196 floor_s=0.000051 floor_v=memcpy floor_xor_s=0.000164 floor_memcpy_s=0.000051 floor_nt_s=0.000157 ghz0=3.891 ghz1=3.894 load_ms=33 scratch_mib=76.34 cache_mib=0 memo_mib=4 reps=5 pass_after=other cold_reps_s=0.005835,0.005050,0.004985,0.004973,0.004918 pass_reps_s=0.005634,0.005377,0.005238,0.005219,0.005264 warm_reps_s=0.003104,0.003092,0.003058,0.003053,0.003070 lang_reps_s=0.006286,0.005155,0.005161,0.005151,0.005155 warmo_reps_s=0.004889,0.004830,0.004867,0.004843,0.005306 coldo_reps_s=0.005232,0.005196,0.005457,0.005224,0.005242
CTR pieces=483762 one=113030 over15=276 thp_kb=4096 cold=129160/336901/17701 lc=0/0 memo=0/0 pass=129160/336901/17701 lc=0/0 memo=0/0 warm=116141/362588/5033 lc=0/0 memo=0/0 lang=124609/341968/17185 lc=0/0 memo=0/0 warmo=123417/345157/15188 lc=0/0 memo=0/0 coldo=129160/336901/17701 lc=0/0 memo=0/0
giga  chunk       0  cold   365.8 MB/s | pass   351.9 MB/s | warm   874.1 MB/s | bpe
GIGA tool=gigatoken version=fac0114b37120ec8a76362e9ee8e1c742aaafaef kind=bpe chunk=0 bytes=2048653 calls=1 ids=565852 cold_s=0.005600 pass_s=0.005822 warm_s=0.002344 lang_s=0.006472 warmo_s=0.002029 coldo_s=0.005906 reps=5 cold_reps=2 load_ms=64 fresh_state_ms=7.517 cache_entries=65600 cache_mib=512 pass_after=other cold_reps_s=0.006514,0.005600 pass_reps_s=0.005941,0.005955,0.005967,0.005822,0.005881 entries_pass=65600 warm_reps_s=0.002358,0.002376,0.002373,0.002344,0.002354 entries_warm=65600 lang_reps_s=0.006515,0.006653,0.006652,0.006472,0.006527 entries_lang=307064 warmo_reps_s=0.002032,0.002048,0.002035,0.002030,0.002029 entries_warmo=307064 coldo_reps_s=0.006002,0.005906
hf    chunk       0      2.92 MB/s   0.807 Mtok/s   701300797 ns/call
REF tool=hf version=0.23.2 chunk=0 bytes=2048653 calls=1 ids=565852 sha=568009b147dcbd5c s=0.701301 reps=3
FIRSTDIFF none
REF tool=gigatoken chunk=0 ids=565852 sha=568009b147dcbd5c hf_nopp_ids=565852 hf_nopp_sha=568009b147dcbd5c same_as_hf_nopp=yes first_diff=none
tikt  chunk       0     20.33 MB/s   5.615 Mtok/s   100773525 ns/call  ids==hf(no post-processor): yes
REF tool=tiktoken version=0.14.0 chunk=0 bytes=2048653 calls=1 ids=565852 sha=568009b147dcbd5c s=0.100774 reps=3 hf_nopp_ids=565852 hf_nopp_sha=568009b147dcbd5c same_as_hf_nopp=yes
EXACT yes toks == hf (565852 568009b147dcbd5c)
PINNED cpu 8 siblings 8: 
BUSY cpu8 100% 
LOAD after 1.67 2.47 3.13
== gpt2 code chunk 4096
LOAD before 1.67 2.47 3.13
PINNED cpu 8 siblings 8: 
toks  chunk    4096  cold   325.7 MB/s 146.00 Mtok/s     12666 ns/call | pass   379.4 MB/s | warm 10574.7 MB/s | floor  40781.5 MB/s (memcpy) x_floor    108 | neon
E2E tool=toks tier=neon chunk=4096 bytes=614699 calls=149 ids=275533 sha=33c67d02ab3998ee cold_s=0.001887 pass_s=0.001620 warm_s=0.000058 lang_s=0.001523 warmo_s=0.000189 coldo_s=0.002114 floor_s=0.000015 floor_v=memcpy floor_xor_s=0.000055 floor_memcpy_s=0.000015 floor_nt_s=0.000057 ghz0=3.893 ghz1=3.894 load_ms=33 scratch_mib=6.37 cache_mib=0 memo_mib=4 reps=5 pass_after=other cold_reps_s=0.002141,0.001960,0.001910,0.001887,0.001890 pass_reps_s=0.001625,0.001641,0.001620,0.001627,0.001631 warm_reps_s=0.000058,0.000060,0.000060,0.000059,0.000060 lang_reps_s=0.001523,0.001526,0.001534,0.001532,0.001543 warmo_reps_s=0.000198,0.000190,0.000205,0.000189,0.000190 coldo_reps_s=0.002132,0.002137,0.002114,0.002131,0.002131
CTR pieces=151434 one=39946 over15=2554 thp_kb=4096 cold=120459/13736/17239 lc=0/0 memo=1726336/0 pass=45893/93754/11787 lc=0/0 memo=1726336/0 warm=1170/2423/181 lc=0/0 memo=39040/146 lang=42410/97350/11674 lc=0/0 memo=0/0 warmo=2613/5014/794 lc=0/0 memo=85696/141 coldo=120459/13736/17239 lc=0/0 memo=1726336/0
giga  chunk    4096  cold   178.2 MB/s | pass   373.2 MB/s | warm   716.7 MB/s | bpe
GIGA tool=gigatoken version=fac0114b37120ec8a76362e9ee8e1c742aaafaef kind=bpe chunk=4096 bytes=614699 calls=149 ids=275533 cold_s=0.003449 pass_s=0.001647 warm_s=0.000858 lang_s=0.001907 warmo_s=0.000753 coldo_s=0.003387 reps=5 cold_reps=2 load_ms=64 fresh_state_ms=7.499 cache_entries=53403 cache_mib=512 pass_after=other cold_reps_s=0.003493,0.003449 pass_reps_s=0.001651,0.001648,0.001668,0.001647,0.001663 entries_pass=53403 warm_reps_s=0.000858,0.000861,0.000864,0.000862,0.000860 entries_warm=53403 lang_reps_s=0.001907,0.001907,0.001914,0.001911,0.001916 entries_lang=307065 warmo_reps_s=0.000761,0.000755,0.000761,0.000760,0.000753 entries_warmo=307065 coldo_reps_s=0.003434,0.003387
hf    chunk    4096      5.53 MB/s   2.479 Mtok/s      746018 ns/call
REF tool=hf version=0.23.2 chunk=4096 bytes=614699 calls=149 ids=275533 sha=33c67d02ab3998ee s=0.111157 reps=3
FIRSTDIFF none
REF tool=gigatoken chunk=4096 ids=275533 sha=33c67d02ab3998ee hf_nopp_ids=275533 hf_nopp_sha=33c67d02ab3998ee same_as_hf_nopp=yes first_diff=none
tikt  chunk    4096     20.17 MB/s   9.040 Mtok/s      204558 ns/call  ids==hf(no post-processor): yes
REF tool=tiktoken version=0.14.0 chunk=4096 bytes=614699 calls=149 ids=275533 sha=33c67d02ab3998ee s=0.030479 reps=3 hf_nopp_ids=275533 hf_nopp_sha=33c67d02ab3998ee same_as_hf_nopp=yes
EXACT yes toks == hf (275533 33c67d02ab3998ee)
PINNED cpu 8 siblings 8: 
BUSY cpu8 99% 
LOAD after 1.56 2.42 3.11
== gpt2 code chunk 0
LOAD before 1.56 2.42 3.11
PINNED cpu 8 siblings 8: 
toks  chunk       0  cold   447.2 MB/s 200.46 Mtok/s   1374429 ns/call | pass   396.2 MB/s | warm 14454.0 MB/s | floor  37888.3 MB/s (memcpy) x_floor     96 | neon
E2E tool=toks tier=neon chunk=0 bytes=614699 calls=1 ids=275512 sha=9ce800c4b28f8c6c cold_s=0.001374 pass_s=0.001552 warm_s=0.000043 lang_s=0.001468 warmo_s=0.001413 coldo_s=0.001557 floor_s=0.000016 floor_v=memcpy floor_xor_s=0.000058 floor_memcpy_s=0.000016 floor_nt_s=0.000057 ghz0=3.894 ghz1=3.892 load_ms=33 scratch_mib=27.11 cache_mib=0 memo_mib=4 reps=5 pass_after=other cold_reps_s=0.001695,0.001443,0.001397,0.001383,0.001374 pass_reps_s=0.001557,0.001554,0.001558,0.001565,0.001552 warm_reps_s=0.000043,0.000043,0.000048,0.000043,0.000043 lang_reps_s=0.001468,0.001478,0.001469,0.001473,0.001491 warmo_reps_s=0.001415,0.001422,0.001420,0.001418,0.001413 coldo_reps_s=0.001562,0.001559,0.001565,0.001557,0.001561
CTR pieces=151311 one=39823 over15=2562 thp_kb=4096 cold=45639/93885/11787 lc=0/0 memo=1716800/0 pass=45639/93885/11787 lc=0/0 memo=1716800/0 warm=0/0/0 lc=0/0 memo=0/1 lang=42287/97350/11674 lc=0/0 memo=0/0 warmo=42149/97880/11282 lc=0/0 memo=0/0 coldo=45639/93885/11787 lc=0/0 memo=1716800/0
giga  chunk       0  cold   398.2 MB/s | pass   376.7 MB/s | warm   737.4 MB/s | bpe
GIGA tool=gigatoken version=fac0114b37120ec8a76362e9ee8e1c742aaafaef kind=bpe chunk=0 bytes=614699 calls=1 ids=275512 cold_s=0.001544 pass_s=0.001632 warm_s=0.000834 lang_s=0.001844 warmo_s=0.000732 coldo_s=0.001627 reps=5 cold_reps=2 load_ms=64 fresh_state_ms=7.499 cache_entries=53403 cache_mib=512 pass_after=other cold_reps_s=0.001602,0.001544 pass_reps_s=0.001633,0.001634,0.001638,0.001632,0.001640 entries_pass=53403 warm_reps_s=0.000838,0.000838,0.000836,0.000838,0.000834 entries_warm=53403 lang_reps_s=0.001862,0.001847,0.001845,0.001844,0.001850 entries_lang=307065 warmo_reps_s=0.000743,0.000734,0.000733,0.000732,0.000741 entries_warmo=307065 coldo_reps_s=0.001628,0.001627
hf    chunk       0      3.43 MB/s   1.539 Mtok/s   179068026 ns/call
REF tool=hf version=0.23.2 chunk=0 bytes=614699 calls=1 ids=275512 sha=9ce800c4b28f8c6c s=0.179068 reps=3
FIRSTDIFF none
REF tool=gigatoken chunk=0 ids=275512 sha=9ce800c4b28f8c6c hf_nopp_ids=275512 hf_nopp_sha=9ce800c4b28f8c6c same_as_hf_nopp=yes first_diff=none
tikt  chunk       0     18.74 MB/s   8.399 Mtok/s    32801263 ns/call  ids==hf(no post-processor): yes
REF tool=tiktoken version=0.14.0 chunk=0 bytes=614699 calls=1 ids=275512 sha=9ce800c4b28f8c6c s=0.032801 reps=3 hf_nopp_ids=275512 hf_nopp_sha=9ce800c4b28f8c6c same_as_hf_nopp=yes
EXACT yes toks == hf (275512 9ce800c4b28f8c6c)
PINNED cpu 8 siblings 8: 
BUSY cpu8 99% 
LOAD after 1.52 2.40 3.10
== gpt2 ml chunk 4096
LOAD before 1.52 2.40 3.10
PINNED cpu 8 siblings 8: 
toks  chunk    4096  cold   138.1 MB/s  65.89 Mtok/s     32324 ns/call | pass   213.8 MB/s | warm   330.1 MB/s | floor  34260.0 MB/s (memcpy) x_floor    160 | neon
E2E tool=toks tier=neon chunk=4096 bytes=6443660 calls=1443 ids=3073094 sha=b1cba24ad9a63d53 cold_s=0.046643 pass_s=0.030134 warm_s=0.019519 lang_s=0.029347 warmo_s=0.021002 coldo_s=0.046925 floor_s=0.000188 floor_v=memcpy floor_xor_s=0.000604 floor_memcpy_s=0.000188 floor_nt_s=0.000653 ghz0=3.893 ghz1=3.888 load_ms=33 scratch_mib=6.37 cache_mib=0 memo_mib=4 reps=5 pass_after=other cold_reps_s=0.048810,0.046746,0.046715,0.046647,0.046643 pass_reps_s=0.030134,0.030160,0.030341,0.030238,0.030201 warm_reps_s=0.019548,0.019519,0.019531,0.019559,0.019563 lang_reps_s=0.029394,0.029386,0.029453,0.029347,0.029399 warmo_reps_s=0.021094,0.021072,0.021041,0.021049,0.021002 coldo_reps_s=0.046925,0.046965,0.047003,0.046953,0.047008
CTR pieces=1385162 one=327501 over15=31600 thp_kb=4096 cold=756772/201800/426590 lc=0/0 memo=18829888/0 pass=337849/853329/193984 lc=0/0 memo=4074240/0 warm=270111/735412/112510 lc=0/0 memo=4048000/287 lang=334145/857888/193129 lc=0/0 memo=12480/0 warmo=270068/722586/125379 lc=0/0 memo=4048000/287 coldo=756772/201800/426590 lc=0/0 memo=18829888/0
giga  chunk    4096  cold    72.4 MB/s | pass   161.1 MB/s | warm   458.7 MB/s | bpe
GIGA tool=gigatoken version=fac0114b37120ec8a76362e9ee8e1c742aaafaef kind=bpe chunk=4096 bytes=6443660 calls=1443 ids=3073094 cold_s=0.088975 pass_s=0.040009 warm_s=0.014047 lang_s=0.043366 warmo_s=0.012364 coldo_s=0.089190 reps=5 cold_reps=2 load_ms=63 fresh_state_ms=8.253 cache_entries=170719 cache_mib=512 pass_after=other cold_reps_s=0.088975,0.089205 pass_reps_s=0.040484,0.040252,0.040142,0.040107,0.040009 entries_pass=170719 warm_reps_s=0.014179,0.014174,0.014133,0.014089,0.014047 entries_warm=170719 lang_reps_s=0.046229,0.043690,0.045889,0.043366,0.043682 entries_lang=307065 warmo_reps_s=0.012769,0.012406,0.012364,0.012417,0.012397 entries_warmo=307065 coldo_reps_s=0.089190,0.089223
hf    chunk    4096      4.13 MB/s   1.968 Mtok/s     1082411 ns/call
REF tool=hf version=0.23.2 chunk=4096 bytes=6443660 calls=1443 ids=3073094 sha=b1cba24ad9a63d53 s=1.561920 reps=3
FIRSTDIFF none
REF tool=gigatoken chunk=4096 ids=3073094 sha=b1cba24ad9a63d53 hf_nopp_ids=3073094 hf_nopp_sha=b1cba24ad9a63d53 same_as_hf_nopp=yes first_diff=none
tikt  chunk    4096     18.62 MB/s   8.880 Mtok/s      239816 ns/call  ids==hf(no post-processor): yes
REF tool=tiktoken version=0.14.0 chunk=4096 bytes=6443660 calls=1443 ids=3073094 sha=b1cba24ad9a63d53 s=0.346055 reps=3 hf_nopp_ids=3073094 hf_nopp_sha=b1cba24ad9a63d53 same_as_hf_nopp=yes
EXACT yes toks == hf (3073094 b1cba24ad9a63d53)
PINNED cpu 8 siblings 8: 8/ps/0.0 
BUSY cpu8 100% 
LOAD after 1.22 2.18 2.98
== gpt2 ml chunk 0
LOAD before 1.22 2.18 2.98
PINNED cpu 8 siblings 8: 
toks  chunk       0  cold   221.3 MB/s 105.54 Mtok/s  29116557 ns/call | pass   223.3 MB/s | warm   248.5 MB/s | floor  18241.8 MB/s (memcpy) x_floor     82 | neon
E2E tool=toks tier=neon chunk=0 bytes=6443660 calls=1 ids=3073097 sha=9c4f7b0df9c351d5 cold_s=0.029117 pass_s=0.028859 warm_s=0.025928 lang_s=0.028643 warmo_s=0.027596 coldo_s=0.029096 floor_s=0.000353 floor_v=memcpy floor_xor_s=0.000648 floor_memcpy_s=0.000353 floor_nt_s=0.000618 ghz0=3.892 ghz1=3.894 load_ms=34 scratch_mib=227.23 cache_mib=0 memo_mib=4 reps=5 pass_after=other cold_reps_s=0.034661,0.029778,0.029117,0.029182,0.029148 pass_reps_s=0.029073,0.028915,0.028913,0.028859,0.028882 warm_reps_s=0.026264,0.026056,0.025928,0.025980,0.025934 lang_reps_s=0.028856,0.028736,0.028643,0.028707,0.028710 warmo_reps_s=0.027695,0.027618,0.027596,0.027610,0.027931 coldo_reps_s=0.029112,0.029130,0.029096,0.029163,0.029226
CTR pieces=1385741 one=328755 over15=31600 thp_kb=4096 cold=339082/852675/193984 lc=0/0 memo=0/0 pass=339082/852675/193984 lc=0/0 memo=0/0 warm=335012/879990/170739 lc=0/0 memo=0/0 lang=335399/857214/193128 lc=0/0 memo=0/0 warmo=334901/868040/182800 lc=0/0 memo=0/0 coldo=339082/852675/193984 lc=0/0 memo=0/0
giga  chunk       0  cold   161.2 MB/s | pass   161.8 MB/s | warm   455.3 MB/s | bpe
GIGA tool=gigatoken version=fac0114b37120ec8a76362e9ee8e1c742aaafaef kind=bpe chunk=0 bytes=6443660 calls=1 ids=3073097 cold_s=0.039981 pass_s=0.039818 warm_s=0.014154 lang_s=0.043561 warmo_s=0.012516 coldo_s=0.039885 reps=5 cold_reps=2 load_ms=63 fresh_state_ms=8.352 cache_entries=170719 cache_mib=512 pass_after=other cold_reps_s=0.044917,0.039981 pass_reps_s=0.040429,0.039960,0.039818,0.040134,0.040158 entries_pass=170719 warm_reps_s=0.014248,0.014283,0.014154,0.014333,0.014248 entries_warm=170719 lang_reps_s=0.046378,0.043561,0.046270,0.046020,0.046110 entries_lang=307065 warmo_reps_s=0.012525,0.012516,0.012531,0.012695,0.012609 entries_warmo=307065 coldo_reps_s=0.039885,0.040369
hf    chunk       0      2.23 MB/s   1.062 Mtok/s  2893546195 ns/call
REF tool=hf version=0.23.2 chunk=0 bytes=6443660 calls=1 ids=3073097 sha=9c4f7b0df9c351d5 s=2.893546 reps=3
FIRSTDIFF none
REF tool=gigatoken chunk=0 ids=3073097 sha=9c4f7b0df9c351d5 hf_nopp_ids=3073097 hf_nopp_sha=9c4f7b0df9c351d5 same_as_hf_nopp=yes first_diff=none
tikt  chunk       0     16.65 MB/s   7.939 Mtok/s   387087481 ns/call  ids==hf(no post-processor): yes
REF tool=tiktoken version=0.14.0 chunk=0 bytes=6443660 calls=1 ids=3073097 sha=9c4f7b0df9c351d5 s=0.387087 reps=3 hf_nopp_ids=3073097 hf_nopp_sha=9c4f7b0df9c351d5 same_as_hf_nopp=yes
EXACT yes toks == hf (3073097 9c4f7b0df9c351d5)
PINNED cpu 8 siblings 8: 
BUSY cpu8 100% 
LOAD after 1.23 2.12 2.95
== gpt2 cjk chunk 4096
LOAD before 1.23 2.12 2.95
PINNED cpu 8 siblings 8: 
toks  chunk    4096  cold   147.8 MB/s 108.94 Mtok/s     28461 ns/call | pass   148.9 MB/s | warm   231.1 MB/s | floor  27614.7 MB/s (memcpy) x_floor    185 | neon
E2E tool=toks tier=neon chunk=4096 bytes=3129985 calls=744 ids=2306848 sha=b493817c6ec0d5e5 cold_s=0.021175 pass_s=0.021024 warm_s=0.013543 lang_s=0.020420 warmo_s=0.014230 coldo_s=0.021480 floor_s=0.000113 floor_v=memcpy floor_xor_s=0.000365 floor_memcpy_s=0.000113 floor_nt_s=0.000390 ghz0=3.890 ghz1=3.893 load_ms=33 scratch_mib=6.37 cache_mib=0 memo_mib=4 reps=5 pass_after=other cold_reps_s=0.023463,0.021399,0.021196,0.021196,0.021175 pass_reps_s=0.021026,0.021026,0.021027,0.021024,0.021039 warm_reps_s=0.013583,0.013560,0.013543,0.013587,0.013601 lang_reps_s=0.020559,0.020483,0.020495,0.020479,0.020420 warmo_reps_s=0.014311,0.014260,0.014270,0.014255,0.014230 coldo_reps_s=0.021494,0.021494,0.021480,0.021512,0.021503
CTR pieces=387883 one=79995 over15=65833 thp_kb=4096 cold=116051/103339/168493 lc=0/0 memo=12405184/0 pass=84274/154997/148612 lc=0/0 memo=4062976/0 warm=40014/91370/95794 lc=0/0 memo=0/244 lang=81377/158304/148202 lc=0/0 memo=0/0 warmo=40582/89145/98814 lc=0/0 memo=4049728/243 coldo=116051/103339/168493 lc=0/0 memo=12405184/0
giga  chunk    4096  cold    61.2 MB/s | pass    80.4 MB/s | warm   275.6 MB/s | bpe
GIGA tool=gigatoken version=fac0114b37120ec8a76362e9ee8e1c742aaafaef kind=bpe chunk=4096 bytes=3129985 calls=744 ids=2306848 cold_s=0.051118 pass_s=0.038950 warm_s=0.011358 lang_s=0.040009 warmo_s=0.012504 coldo_s=0.051266 reps=5 cold_reps=2 load_ms=62 fresh_state_ms=8.669 cache_entries=169456 cache_mib=512 pass_after=other cold_reps_s=0.051118,0.051200 pass_reps_s=0.042402,0.041259,0.039196,0.038950,0.039100 entries_pass=169456 warm_reps_s=0.011448,0.011436,0.011455,0.011358,0.011400 entries_warm=169456 lang_reps_s=0.042511,0.040474,0.041988,0.040009,0.040775 entries_lang=307065 warmo_reps_s=0.012685,0.012757,0.012629,0.012692,0.012504 entries_warmo=307065 coldo_reps_s=0.051325,0.051266
hf    chunk    4096      4.73 MB/s   3.483 Mtok/s      890101 ns/call
REF tool=hf version=0.23.2 chunk=4096 bytes=3129985 calls=744 ids=2306848 sha=b493817c6ec0d5e5 s=0.662235 reps=3
FIRSTDIFF none
REF tool=gigatoken chunk=4096 ids=2306848 sha=b493817c6ec0d5e5 hf_nopp_ids=2306848 hf_nopp_sha=b493817c6ec0d5e5 same_as_hf_nopp=yes first_diff=none
tikt  chunk    4096     20.84 MB/s  15.363 Mtok/s      201828 ns/call  ids==hf(no post-processor): yes
REF tool=tiktoken version=0.14.0 chunk=4096 bytes=3129985 calls=744 ids=2306848 sha=b493817c6ec0d5e5 s=0.150160 reps=3 hf_nopp_ids=2306848 hf_nopp_sha=b493817c6ec0d5e5 same_as_hf_nopp=yes
EXACT yes toks == hf (2306848 b493817c6ec0d5e5)
PINNED cpu 8 siblings 8: 
BUSY cpu8 100% 
LOAD after 1.14 2.01 2.88
== gpt2 cjk chunk 0
LOAD before 1.14 2.01 2.88
PINNED cpu 8 siblings 8: 
toks  chunk       0  cold   151.5 MB/s 111.66 Mtok/s  20659119 ns/call | pass   155.7 MB/s | warm   161.5 MB/s | floor  14384.0 MB/s (memcpy) x_floor     92 | neon
E2E tool=toks tier=neon chunk=0 bytes=3129985 calls=1 ids=2306848 sha=b493817c6ec0d5e5 cold_s=0.020659 pass_s=0.020101 warm_s=0.019375 lang_s=0.020001 warmo_s=0.019968 coldo_s=0.020123 floor_s=0.000218 floor_v=memcpy floor_xor_s=0.000383 floor_memcpy_s=0.000218 floor_nt_s=0.000373 ghz0=3.893 ghz1=3.892 load_ms=33 scratch_mib=113.46 cache_mib=0 memo_mib=4 reps=5 pass_after=other cold_reps_s=0.025007,0.021201,0.020659,0.020670,0.020661 pass_reps_s=0.020175,0.020110,0.020138,0.020101,0.020112 warm_reps_s=0.019449,0.019414,0.019375,0.019389,0.019414 lang_reps_s=0.020043,0.020001,0.020015,0.020071,0.020022 warmo_reps_s=0.019976,0.019989,0.019973,0.019982,0.019968 coldo_reps_s=0.020294,0.020286,0.020269,0.020232,0.020123
CTR pieces=388442 one=81188 over15=65833 thp_kb=4096 cold=85452/154370/148620 lc=0/0 memo=0/0 pass=85452/154370/148620 lc=0/0 memo=0/0 warm=81388/165607/141447 lc=0/0 memo=0/0 lang=82570/157662/148210 lc=0/0 memo=0/0 warmo=82570/158560/147312 lc=0/0 memo=0/0 coldo=85452/154370/148620 lc=0/0 memo=0/0
giga  chunk       0  cold    76.5 MB/s | pass    81.3 MB/s | warm   279.7 MB/s | bpe
GIGA tool=gigatoken version=fac0114b37120ec8a76362e9ee8e1c742aaafaef kind=bpe chunk=0 bytes=3129985 calls=1 ids=2306848 cold_s=0.040926 pass_s=0.038512 warm_s=0.011191 lang_s=0.039824 warmo_s=0.012681 coldo_s=0.038749 reps=5 cold_reps=2 load_ms=71 fresh_state_ms=8.615 cache_entries=169455 cache_mib=512 pass_after=other cold_reps_s=0.045893,0.040926 pass_reps_s=0.038541,0.038512,0.039178,0.038827,0.038713 entries_pass=169455 warm_reps_s=0.011191,0.011216,0.011599,0.011514,0.011496 entries_warm=169455 lang_reps_s=0.044649,0.041544,0.040046,0.039931,0.039824 entries_lang=307065 warmo_reps_s=0.012681,0.012699,0.012929,0.012890,0.012807 entries_warmo=307065 coldo_reps_s=0.041435,0.038749
hf    chunk       0      2.67 MB/s   1.968 Mtok/s  1172253735 ns/call
REF tool=hf version=0.23.2 chunk=0 bytes=3129985 calls=1 ids=2306848 sha=b493817c6ec0d5e5 s=1.172254 reps=3
FIRSTDIFF none
REF tool=gigatoken chunk=0 ids=2306848 sha=b493817c6ec0d5e5 hf_nopp_ids=2306848 hf_nopp_sha=b493817c6ec0d5e5 same_as_hf_nopp=yes first_diff=none
tikt  chunk       0     19.28 MB/s  14.206 Mtok/s   162379820 ns/call  ids==hf(no post-processor): yes
REF tool=tiktoken version=0.14.0 chunk=0 bytes=3129985 calls=1 ids=2306848 sha=b493817c6ec0d5e5 s=0.162380 reps=3 hf_nopp_ids=2306848 hf_nopp_sha=b493817c6ec0d5e5 same_as_hf_nopp=yes
EXACT yes toks == hf (2306848 b493817c6ec0d5e5)
PINNED cpu 8 siblings 8: 
BUSY cpu8 100% 
LOAD after 1.12 1.98 2.86
== llama3 en chunk 4096
LOAD before 1.12 1.98 2.86
PINNED cpu 8 siblings 8: 
toks  chunk    4096  cold   269.8 MB/s  64.57 Mtok/s     15278 ns/call | pass   252.3 MB/s | warm 10774.2 MB/s | floor  50549.1 MB/s (memcpy) x_floor    200 | neon
E2E tool=toks tier=neon chunk=4096 bytes=2048653 calls=497 ids=490310 sha=8a0cbbfb1954b8bc cold_s=0.007593 pass_s=0.008119 warm_s=0.000190 lang_s=0.007417 warmo_s=0.000561 coldo_s=0.009438 floor_s=0.000041 floor_v=memcpy floor_xor_s=0.000148 floor_memcpy_s=0.000041 floor_nt_s=0.000155 ghz0=3.894 ghz1=3.893 load_ms=174 scratch_mib=6.37 cache_mib=0 memo_mib=4 reps=5 pass_after=other cold_reps_s=0.009900,0.007886,0.007631,0.007593,0.008056 pass_reps_s=0.008164,0.008133,0.008144,0.008135,0.008119 warm_reps_s=0.000193,0.000193,0.000191,0.000190,0.000194 lang_reps_s=0.007462,0.007417,0.007760,0.007455,0.007465 warmo_reps_s=0.000574,0.000561,0.000563,0.000566,0.000565 coldo_reps_s=0.009471,0.009447,0.009438,0.009466,0.009483
CTR pieces=436979 one=46243 over15=276 thp_kb=16384 cold=392260/7034/37685 lc=0/0 memo=4040064/0 pass=63423/355831/17725 lc=0/0 memo=4040064/0 warm=494/3849/43 lc=0/0 memo=16064/492 lang=58860/360650/17469 lc=0/0 memo=0/0 warmo=2382/6362/707 lc=0/0 memo=73088/486 coldo=392260/7034/37685 lc=0/0 memo=4040064/0
giga  chunk    4096  cold    65.7 MB/s | pass   224.0 MB/s | warm   773.5 MB/s | bpe
GIGA tool=gigatoken version=fac0114b37120ec8a76362e9ee8e1c742aaafaef kind=bpe chunk=4096 bytes=2048653 calls=497 ids=489813 cold_s=0.031198 pass_s=0.009146 warm_s=0.002648 lang_s=0.008550 warmo_s=0.002441 coldo_s=0.034979 reps=5 cold_reps=2 load_ms=265 fresh_state_ms=7.789 cache_entries=142888 cache_mib=512 pass_after=other cold_reps_s=0.031198,0.032582 pass_reps_s=0.009146,0.009157,0.009193,0.009296,0.009170 entries_pass=142888 warm_reps_s=0.002654,0.002656,0.002648,0.002658,0.002669 entries_warm=142888 lang_reps_s=0.008585,0.008594,0.008561,0.008602,0.008550 entries_lang=384447 warmo_reps_s=0.002448,0.002470,0.002448,0.002441,0.002453 entries_warmo=384447 coldo_reps_s=0.035063,0.034979
hf    chunk    4096      5.36 MB/s   1.284 Mtok/s      768556 ns/call
REF tool=hf version=0.23.2 chunk=4096 bytes=2048653 calls=497 ids=490310 sha=8a0cbbfb1954b8bc s=0.381972 reps=3
FIRSTDIFF none
REF tool=gigatoken chunk=4096 ids=489813 sha=c4cf41338a9bbe5c hf_nopp_ids=489813 hf_nopp_sha=c4cf41338a9bbe5c same_as_hf_nopp=yes first_diff=none
tikt  chunk    4096     30.26 MB/s   7.236 Mtok/s      136203 ns/call  ids==hf(no post-processor): yes
REF tool=tiktoken version=0.14.0 chunk=4096 bytes=2048653 calls=497 ids=489813 sha=c4cf41338a9bbe5c s=0.067693 reps=3 hf_nopp_ids=489813 hf_nopp_sha=c4cf41338a9bbe5c same_as_hf_nopp=yes
EXACT yes toks == hf (490310 8a0cbbfb1954b8bc)
PINNED cpu 8 siblings 8: 
BUSY cpu8 100% 
LOAD after 1.16 1.93 2.83
== llama3 en chunk 0
LOAD before 1.16 1.93 2.83
PINNED cpu 8 siblings 8: 
toks  chunk       0  cold   355.7 MB/s  85.04 Mtok/s   5759109 ns/call | pass   278.6 MB/s | warm   632.4 MB/s | floor  39494.4 MB/s (memcpy) x_floor    142 | neon
E2E tool=toks tier=neon chunk=0 bytes=2048653 calls=1 ids=489751 sha=2f5fe9c564903229 cold_s=0.005759 pass_s=0.007354 warm_s=0.003240 lang_s=0.007321 warmo_s=0.007159 coldo_s=0.007330 floor_s=0.000052 floor_v=memcpy floor_xor_s=0.000152 floor_memcpy_s=0.000052 floor_nt_s=0.000151 ghz0=3.887 ghz1=3.894 load_ms=174 scratch_mib=76.34 cache_mib=0 memo_mib=4 reps=5 pass_after=other cold_reps_s=0.007407,0.006137,0.005910,0.005861,0.005759 pass_reps_s=0.007439,0.007480,0.007354,0.007436,0.007454 warm_reps_s=0.003243,0.003250,0.003297,0.003314,0.003240 lang_reps_s=0.007379,0.007336,0.007401,0.007434,0.007321 warmo_reps_s=0.007159,0.007263,0.007335,0.007201,0.007426 coldo_reps_s=0.007330,0.007386,0.007476,0.007495,0.007430
CTR pieces=436913 one=46243 over15=276 thp_kb=16384 cold=63372/355818/17723 lc=0/0 memo=0/0 pass=63372/355818/17723 lc=0/0 memo=0/0 warm=49685/382758/4470 lc=0/0 memo=0/0 lang=58860/360586/17467 lc=0/0 memo=0/0 warmo=58528/361516/16869 lc=0/0 memo=0/0 coldo=63372/355818/17723 lc=0/0 memo=0/0
giga  chunk       0  cold   231.5 MB/s | pass   227.6 MB/s | warm   783.4 MB/s | bpe
GIGA tool=gigatoken version=fac0114b37120ec8a76362e9ee8e1c742aaafaef kind=bpe chunk=0 bytes=2048653 calls=1 ids=489750 cold_s=0.008851 pass_s=0.009000 warm_s=0.002615 lang_s=0.008451 warmo_s=0.002405 coldo_s=0.009065 reps=5 cold_reps=2 load_ms=267 fresh_state_ms=7.727 cache_entries=142886 cache_mib=512 pass_after=other cold_reps_s=0.009024,0.008851 pass_reps_s=0.009000,0.009039,0.009047,0.009078,0.009066 entries_pass=142886 warm_reps_s=0.002615,0.002624,0.002628,0.002629,0.002621 entries_warm=142886 lang_reps_s=0.008537,0.008451,0.008483,0.008575,0.008535 entries_lang=384445 warmo_reps_s=0.002412,0.002411,0.002405,0.002425,0.002415 entries_warmo=384445 coldo_reps_s=0.009065,0.009066
hf    chunk       0      3.17 MB/s   0.759 Mtok/s   645358867 ns/call
REF tool=hf version=0.23.2 chunk=0 bytes=2048653 calls=1 ids=489751 sha=2f5fe9c564903229 s=0.645359 reps=3
FIRSTDIFF none
REF tool=gigatoken chunk=0 ids=489750 sha=7c17506204cdad8e hf_nopp_ids=489750 hf_nopp_sha=7c17506204cdad8e same_as_hf_nopp=yes first_diff=none
tikt  chunk       0     25.71 MB/s   6.147 Mtok/s    79672079 ns/call  ids==hf(no post-processor): yes
REF tool=tiktoken version=0.14.0 chunk=0 bytes=2048653 calls=1 ids=489750 sha=7c17506204cdad8e s=0.079672 reps=3 hf_nopp_ids=489750 hf_nopp_sha=7c17506204cdad8e same_as_hf_nopp=yes
EXACT yes toks == hf (489751 2f5fe9c564903229)
PINNED cpu 8 siblings 8: 
BUSY cpu8 100% 
LOAD after 1.13 1.90 2.81
== llama3 code chunk 4096
LOAD before 1.13 1.90 2.81
PINNED cpu 8 siblings 8: 
toks  chunk    4096  cold   424.1 MB/s 102.27 Mtok/s      9728 ns/call | pass   302.5 MB/s | warm 13706.3 MB/s | floor  54572.0 MB/s (memcpy) x_floor    180 | neon
E2E tool=toks tier=neon chunk=4096 bytes=614699 calls=149 ids=148232 sha=0a734bfae0037624 cold_s=0.001449 pass_s=0.002032 warm_s=0.000045 lang_s=0.001944 warmo_s=0.000209 coldo_s=0.002113 floor_s=0.000011 floor_v=memcpy floor_xor_s=0.000044 floor_memcpy_s=0.000011 floor_nt_s=0.000046 ghz0=3.890 ghz1=3.893 load_ms=173 scratch_mib=6.37 cache_mib=0 memo_mib=4 reps=5 pass_after=other cold_reps_s=0.001821,0.001532,0.001478,0.001464,0.001449 pass_reps_s=0.002054,0.002051,0.002054,0.002032,0.002049 warm_reps_s=0.000046,0.000045,0.000046,0.000046,0.000046 lang_reps_s=0.001955,0.001963,0.001952,0.001966,0.001944 warmo_reps_s=0.000210,0.000212,0.000209,0.000212,0.000214 coldo_reps_s=0.002145,0.002131,0.002173,0.002113,0.002128
CTR pieces=136966 one=19496 over15=1570 thp_kb=16384 cold=125869/4425/6672 lc=0/0 memo=1216640/0 pass=28624/104102/4240 lc=0/0 memo=1216640/0 warm=0/0/0 lc=0/0 memo=0/149 lang=24356/108377/4233 lc=0/0 memo=0/0 warmo=1040/3040/243 lc=0/0 memo=23104/144 coldo=125869/4425/6672 lc=0/0 memo=1216640/0
giga  chunk    4096  cold    94.0 MB/s | pass   263.0 MB/s | warm   747.2 MB/s | bpe
GIGA tool=gigatoken version=fac0114b37120ec8a76362e9ee8e1c742aaafaef kind=bpe chunk=4096 bytes=614699 calls=149 ids=148083 cold_s=0.006540 pass_s=0.002338 warm_s=0.000823 lang_s=0.002141 warmo_s=0.000835 coldo_s=0.006555 reps=5 cold_reps=2 load_ms=265 fresh_state_ms=7.657 cache_entries=129162 cache_mib=512 pass_after=other cold_reps_s=0.006582,0.006540 pass_reps_s=0.002345,0.002345,0.002338,0.002343,0.002355 entries_pass=129162 warm_reps_s=0.000825,0.000824,0.000824,0.000823,0.000823 entries_warm=129162 lang_reps_s=0.002176,0.002171,0.002162,0.002154,0.002141 entries_lang=384447 warmo_reps_s=0.000847,0.000835,0.000839,0.000841,0.000844 entries_warmo=384447 coldo_reps_s=0.006555,0.006584
hf    chunk    4096      5.54 MB/s   1.336 Mtok/s      744756 ns/call
REF tool=hf version=0.23.2 chunk=4096 bytes=614699 calls=149 ids=148232 sha=0a734bfae0037624 s=0.110969 reps=3
FIRSTDIFF none
REF tool=gigatoken chunk=4096 ids=148083 sha=8712dc614efb2f75 hf_nopp_ids=148083 hf_nopp_sha=8712dc614efb2f75 same_as_hf_nopp=yes first_diff=none
tikt  chunk    4096     26.78 MB/s   6.451 Mtok/s      154049 ns/call  ids==hf(no post-processor): yes
REF tool=tiktoken version=0.14.0 chunk=4096 bytes=614699 calls=149 ids=148083 sha=8712dc614efb2f75 s=0.022953 reps=3 hf_nopp_ids=148083 hf_nopp_sha=8712dc614efb2f75 same_as_hf_nopp=yes
EXACT yes toks == hf (148232 0a734bfae0037624)
PINNED cpu 8 siblings 8: 
BUSY cpu8 100% 
LOAD after 1.11 1.87 2.79
== llama3 code chunk 0
LOAD before 1.11 1.87 2.79
PINNED cpu 8 siblings 8: 
toks  chunk       0  cold   486.8 MB/s 117.26 Mtok/s   1262683 ns/call | pass   296.4 MB/s | warm 13735.4 MB/s | floor  54572.0 MB/s (memcpy) x_floor    184 | neon
E2E tool=toks tier=neon chunk=0 bytes=614699 calls=1 ids=148062 sha=eae95eba97787193 cold_s=0.001263 pass_s=0.002074 warm_s=0.000045 lang_s=0.002042 warmo_s=0.002001 coldo_s=0.001972 floor_s=0.000011 floor_v=memcpy floor_xor_s=0.000046 floor_memcpy_s=0.000011 floor_nt_s=0.000045 ghz0=3.891 ghz1=3.892 load_ms=175 scratch_mib=27.11 cache_mib=0 memo_mib=4 reps=5 pass_after=other cold_reps_s=0.001667,0.001367,0.001302,0.001282,0.001263 pass_reps_s=0.002132,0.002081,0.002081,0.002074,0.002095 warm_reps_s=0.000047,0.000046,0.000045,0.000045,0.000045 lang_reps_s=0.002048,0.002053,0.002054,0.002043,0.002042 warmo_reps_s=0.002006,0.002029,0.002025,0.002001,0.002021 coldo_reps_s=0.001980,0.001972,0.002009,0.002415,0.002106
CTR pieces=136942 one=19472 over15=1570 thp_kb=16384 cold=28512/104189/4241 lc=0/0 memo=1207040/0 pass=28512/104189/4241 lc=0/0 memo=1207040/0 warm=0/0/0 lc=0/0 memo=0/1 lang=24332/108376/4234 lc=0/0 memo=0/0 warmo=24255/108531/4156 lc=0/0 memo=0/0 coldo=28512/104189/4241 lc=0/0 memo=1207040/0
giga  chunk       0  cold   286.4 MB/s | pass   267.1 MB/s | warm   776.7 MB/s | bpe
GIGA tool=gigatoken version=fac0114b37120ec8a76362e9ee8e1c742aaafaef kind=bpe chunk=0 bytes=614699 calls=1 ids=148061 cold_s=0.002146 pass_s=0.002302 warm_s=0.000791 lang_s=0.002135 warmo_s=0.000812 coldo_s=0.002291 reps=5 cold_reps=2 load_ms=265 fresh_state_ms=7.731 cache_entries=129163 cache_mib=512 pass_after=other cold_reps_s=0.002222,0.002146 pass_reps_s=0.002313,0.002302,0.002306,0.002306,0.002303 entries_pass=129163 warm_reps_s=0.000794,0.000797,0.000799,0.000791,0.000797 entries_warm=129163 lang_reps_s=0.002139,0.002135,0.002156,0.002151,0.002139 entries_lang=384448 warmo_reps_s=0.000812,0.000818,0.000815,0.000816,0.000812 entries_warmo=384448 coldo_reps_s=0.002298,0.002291
hf    chunk       0      3.92 MB/s   0.944 Mtok/s   156799399 ns/call
REF tool=hf version=0.23.2 chunk=0 bytes=614699 calls=1 ids=148062 sha=eae95eba97787193 s=0.156799 reps=3
FIRSTDIFF none
REF tool=gigatoken chunk=0 ids=148061 sha=c91f5ff500e95a65 hf_nopp_ids=148061 hf_nopp_sha=c91f5ff500e95a65 same_as_hf_nopp=yes first_diff=none
tikt  chunk       0     25.73 MB/s   6.198 Mtok/s    23886636 ns/call  ids==hf(no post-processor): yes
REF tool=tiktoken version=0.14.0 chunk=0 bytes=614699 calls=1 ids=148061 sha=c91f5ff500e95a65 s=0.023887 reps=3 hf_nopp_ids=148061 hf_nopp_sha=c91f5ff500e95a65 same_as_hf_nopp=yes
EXACT yes toks == hf (148062 eae95eba97787193)
PINNED cpu 8 siblings 8: 
BUSY cpu8 99% 
LOAD after 1.10 1.85 2.78
== llama3 ml chunk 4096
LOAD before 1.10 1.85 2.78
PINNED cpu 8 siblings 8: 
toks  chunk    4096  cold   115.5 MB/s  35.07 Mtok/s     38651 ns/call | pass   152.1 MB/s | warm   262.5 MB/s | floor  39822.4 MB/s (memcpy) x_floor    262 | neon
E2E tool=toks tier=neon chunk=4096 bytes=6443660 calls=1443 ids=1955953 sha=e0c8fe1d00582002 cold_s=0.055773 pass_s=0.042365 warm_s=0.024549 lang_s=0.040519 warmo_s=0.028446 coldo_s=0.057549 floor_s=0.000162 floor_v=memcpy floor_xor_s=0.000502 floor_memcpy_s=0.000162 floor_nt_s=0.000553 ghz0=3.893 ghz1=3.892 load_ms=174 scratch_mib=6.37 cache_mib=0 memo_mib=4 reps=5 pass_after=other cold_reps_s=0.058841,0.056665,0.056647,0.056433,0.055773 pass_reps_s=0.042507,0.042457,0.042464,0.042418,0.042365 warm_reps_s=0.024563,0.024549,0.024596,0.024737,0.024567 lang_reps_s=0.040647,0.040545,0.040997,0.040519,0.040555 warmo_reps_s=0.028459,0.028516,0.028446,0.028500,0.028471 coldo_reps_s=0.057549,0.057704,0.057643,0.057840,0.057660
CTR pieces=1227687 one=148944 over15=32553 thp_kb=16384 cold=819795/92474/315418 lc=0/0 memo=14355072/0 pass=166476/913976/147235 lc=0/0 memo=4072192/0 warm=116102/735540/72900 lc=0/0 memo=4049216/353 lang=163034/917695/146958 lc=0/0 memo=8576/0 warmo=117625/717088/89829 lc=0/0 memo=4049216/353 coldo=819795/92474/315418 lc=0/0 memo=14355072/0
giga  chunk    4096  cold    29.9 MB/s | pass   103.0 MB/s | warm   494.9 MB/s | bpe
GIGA tool=gigatoken version=fac0114b37120ec8a76362e9ee8e1c742aaafaef kind=bpe chunk=4096 bytes=6443660 calls=1443 ids=1954510 cold_s=0.215587 pass_s=0.062537 warm_s=0.013020 lang_s=0.059248 warmo_s=0.013652 coldo_s=0.220120 reps=5 cold_reps=2 load_ms=266 fresh_state_ms=8.288 cache_entries=245051 cache_mib=512 pass_after=other cold_reps_s=0.215587,0.219477 pass_reps_s=0.063010,0.062607,0.063309,0.063050,0.062537 entries_pass=245051 warm_reps_s=0.013162,0.013060,0.013124,0.013145,0.013020 entries_warm=245051 lang_reps_s=0.059798,0.059886,0.059620,0.059694,0.059248 entries_lang=384448 warmo_reps_s=0.013675,0.013784,0.013713,0.013703,0.013652 entries_warmo=384448 coldo_reps_s=0.220120,0.220249
hf    chunk    4096      4.72 MB/s   1.433 Mtok/s      945623 ns/call
REF tool=hf version=0.23.2 chunk=4096 bytes=6443660 calls=1443 ids=1955953 sha=e0c8fe1d00582002 s=1.364535 reps=3
FIRSTDIFF none
REF tool=gigatoken chunk=4096 ids=1954510 sha=aa2ddb9c4ad3cc73 hf_nopp_ids=1954510 hf_nopp_sha=aa2ddb9c4ad3cc73 same_as_hf_nopp=yes first_diff=none
tikt  chunk    4096     24.82 MB/s   7.530 Mtok/s      179887 ns/call  ids==hf(no post-processor): yes
REF tool=tiktoken version=0.14.0 chunk=4096 bytes=6443660 calls=1443 ids=1954510 sha=aa2ddb9c4ad3cc73 s=0.259576 reps=3 hf_nopp_ids=1954510 hf_nopp_sha=aa2ddb9c4ad3cc73 same_as_hf_nopp=yes
EXACT yes toks == hf (1955953 e0c8fe1d00582002)
PINNED cpu 8 siblings 8: 
BUSY cpu8 100% 
LOAD after 1.09 1.72 2.68
== llama3 ml chunk 0
LOAD before 1.09 1.72 2.68
PINNED cpu 8 siblings 8: 
toks  chunk       0  cold   168.0 MB/s  50.95 Mtok/s  38352945 ns/call | pass   160.5 MB/s | warm   180.7 MB/s | floor  24972.1 MB/s (memcpy) x_floor    156 | neon
E2E tool=toks tier=neon chunk=0 bytes=6443660 calls=1 ids=1953957 sha=4d3f9dcefe76c41b cold_s=0.038353 pass_s=0.040152 warm_s=0.035665 lang_s=0.040049 warmo_s=0.039453 coldo_s=0.039906 floor_s=0.000258 floor_v=memcpy floor_xor_s=0.000536 floor_memcpy_s=0.000258 floor_nt_s=0.000523 ghz0=3.893 ghz1=3.872 load_ms=173 scratch_mib=227.23 cache_mib=0 memo_mib=4 reps=5 pass_after=other cold_reps_s=0.043104,0.040082,0.039366,0.039026,0.038353 pass_reps_s=0.040859,0.040184,0.040226,0.040152,0.040266 warm_reps_s=0.036740,0.035845,0.035665,0.035784,0.035681 lang_reps_s=0.040255,0.040226,0.040049,0.040065,0.040149 warmo_reps_s=0.039453,0.039498,0.039523,0.039646,0.039544 coldo_reps_s=0.040001,0.039987,0.039906,0.040880,0.044358
CTR pieces=1227112 one=148447 over15=32553 thp_kb=16384 cold=165939/913945/147228 lc=0/0 memo=0/0 pass=165939/913945/147228 lc=0/0 memo=0/0 warm=160854/936067/130191 lc=0/0 memo=0/0 lang=162536/917625/146951 lc=0/0 memo=0/0 warmo=162211/921496/143405 lc=0/0 memo=0/0 coldo=165939/913945/147228 lc=0/0 memo=0/0
giga  chunk       0  cold   102.6 MB/s | pass   102.3 MB/s | warm   496.1 MB/s | bpe
GIGA tool=gigatoken version=fac0114b37120ec8a76362e9ee8e1c742aaafaef kind=bpe chunk=0 bytes=6443660 calls=1 ids=1953956 cold_s=0.062793 pass_s=0.063012 warm_s=0.012988 lang_s=0.060108 warmo_s=0.013296 coldo_s=0.062955 reps=5 cold_reps=2 load_ms=265 fresh_state_ms=8.318 cache_entries=245043 cache_mib=512 pass_after=other cold_reps_s=0.066459,0.062793 pass_reps_s=0.063012,0.063406,0.063195,0.063436,0.063363 entries_pass=245043 warm_reps_s=0.013012,0.012988,0.013109,0.013062,0.013076 entries_warm=245043 lang_reps_s=0.060352,0.060108,0.060423,0.060310,0.060286 entries_lang=384440 warmo_reps_s=0.013393,0.013427,0.013296,0.013323,0.013409 entries_warmo=384440 coldo_reps_s=0.062955,0.063024
hf    chunk       0      2.67 MB/s   0.809 Mtok/s  2413966880 ns/call
REF tool=hf version=0.23.2 chunk=0 bytes=6443660 calls=1 ids=1953957 sha=4d3f9dcefe76c41b s=2.413967 reps=3
FIRSTDIFF none
REF tool=gigatoken chunk=0 ids=1953956 sha=f48874f8144a3fef hf_nopp_ids=1953956 hf_nopp_sha=f48874f8144a3fef same_as_hf_nopp=yes first_diff=none
tikt  chunk       0     22.51 MB/s   6.825 Mtok/s   286310446 ns/call  ids==hf(no post-processor): yes
REF tool=tiktoken version=0.14.0 chunk=0 bytes=6443660 calls=1 ids=1953956 sha=f48874f8144a3fef s=0.286310 reps=3 hf_nopp_ids=1953956 hf_nopp_sha=f48874f8144a3fef same_as_hf_nopp=yes
EXACT yes toks == hf (1953957 4d3f9dcefe76c41b)
PINNED cpu 8 siblings 8: 
BUSY cpu8 100% 
LOAD after 1.07 1.67 2.64
== llama3 cjk chunk 4096
LOAD before 1.07 1.67 2.64
PINNED cpu 8 siblings 8: 
toks  chunk    4096  cold   147.5 MB/s  49.54 Mtok/s     28514 ns/call | pass   132.1 MB/s | warm   377.6 MB/s | floor  41542.6 MB/s (memcpy) x_floor    314 | neon
E2E tool=toks tier=neon chunk=4096 bytes=3129985 calls=744 ids=1051005 sha=6815964c542706e0 cold_s=0.021214 pass_s=0.023692 warm_s=0.008289 lang_s=0.022399 warmo_s=0.010958 coldo_s=0.023406 floor_s=0.000075 floor_v=memcpy floor_xor_s=0.000251 floor_memcpy_s=0.000075 floor_nt_s=0.000271 ghz0=3.890 ghz1=3.893 load_ms=170 scratch_mib=6.37 cache_mib=0 memo_mib=4 reps=5 pass_after=other cold_reps_s=0.024484,0.021510,0.021245,0.021271,0.021214 pass_reps_s=0.023692,0.023784,0.023720,0.023752,0.023788 warm_reps_s=0.008289,0.008401,0.008360,0.008576,0.008408 lang_reps_s=0.022410,0.022450,0.022402,0.022684,0.022399 warmo_reps_s=0.011073,0.011031,0.010958,0.010985,0.011033 coldo_reps_s=0.023458,0.023429,0.023467,0.023545,0.023406
CTR pieces=270599 one=17370 over15=74905 thp_kb=16384 cold=109046/16204/145349 lc=0/0 memo=7380160/0 pass=23633/121003/125963 lc=0/0 memo=4059200/0 warm=610/51696/46940 lc=0/0 memo=0/403 lang=20363/124461/125775 lc=0/0 memo=0/0 warmo=1752/41810/58181 lc=0/0 memo=3352384/400 coldo=109046/16204/145349 lc=0/0 memo=7380160/0
giga  chunk    4096  cold    19.1 MB/s | pass    38.2 MB/s | warm   264.8 MB/s | bpe
GIGA tool=gigatoken version=fac0114b37120ec8a76362e9ee8e1c742aaafaef kind=bpe chunk=4096 bytes=3129985 calls=744 ids=1050261 cold_s=0.163732 pass_s=0.081994 warm_s=0.011818 lang_s=0.079373 warmo_s=0.011435 coldo_s=0.164613 reps=5 cold_reps=2 load_ms=263 fresh_state_ms=7.739 cache_entries=247729 cache_mib=512 pass_after=other cold_reps_s=0.163732,0.163963 pass_reps_s=0.082872,0.081994,0.082262,0.082282,0.082235 entries_pass=247729 warm_reps_s=0.011913,0.011834,0.011906,0.011818,0.011889 entries_warm=247729 lang_reps_s=0.079373,0.079584,0.079736,0.079857,0.079653 entries_lang=384448 warmo_reps_s=0.011823,0.011435,0.011670,0.011709,0.011638 entries_warmo=384448 coldo_reps_s=0.164613,0.165600
hf    chunk    4096      5.72 MB/s   1.920 Mtok/s      735662 ns/call
REF tool=hf version=0.23.2 chunk=4096 bytes=3129985 calls=744 ids=1051005 sha=6815964c542706e0 s=0.547333 reps=3
FIRSTDIFF none
REF tool=gigatoken chunk=4096 ids=1050261 sha=47d15bd498e92e8b hf_nopp_ids=1050261 hf_nopp_sha=47d15bd498e92e8b same_as_hf_nopp=yes first_diff=none
tikt  chunk    4096     25.95 MB/s   8.708 Mtok/s      162102 ns/call  ids==hf(no post-processor): yes
REF tool=tiktoken version=0.14.0 chunk=4096 bytes=3129985 calls=744 ids=1050261 sha=47d15bd498e92e8b s=0.120604 reps=3 hf_nopp_ids=1050261 hf_nopp_sha=47d15bd498e92e8b same_as_hf_nopp=yes
EXACT yes toks == hf (1051005 6815964c542706e0)
PINNED cpu 8 siblings 8: 
BUSY cpu8 100% 
LOAD after 1.10 1.63 2.59
== llama3 cjk chunk 0
LOAD before 1.10 1.63 2.59
PINNED cpu 8 siblings 8: 
toks  chunk       0  cold   153.6 MB/s  51.55 Mtok/s  20371211 ns/call | pass   141.8 MB/s | warm   172.6 MB/s | floor  29123.5 MB/s (memcpy) x_floor    205 | neon
E2E tool=toks tier=neon chunk=0 bytes=3129985 calls=1 ids=1050182 sha=41c1f65218ae8b08 cold_s=0.020371 pass_s=0.022066 warm_s=0.018136 lang_s=0.022010 warmo_s=0.021887 coldo_s=0.022091 floor_s=0.000107 floor_v=memcpy floor_xor_s=0.000265 floor_memcpy_s=0.000107 floor_nt_s=0.000261 ghz0=3.893 ghz1=3.893 load_ms=175 scratch_mib=113.46 cache_mib=0 memo_mib=4 reps=5 pass_after=other cold_reps_s=0.023895,0.021448,0.020950,0.020628,0.020371 pass_reps_s=0.022066,0.022091,0.022198,0.022275,0.022156 warm_reps_s=0.018136,0.018269,0.018349,0.018344,0.018238 lang_reps_s=0.022055,0.022010,0.022038,0.022039,0.022129 warmo_reps_s=0.021887,0.022013,0.022094,0.022007,0.021922 coldo_reps_s=0.022170,0.022091,0.022120,0.022135,0.022246
CTR pieces=270519 one=17304 over15=74905 thp_kb=16384 cold=23510/121046/125963 lc=0/0 memo=0/0 pass=23510/121046/125963 lc=0/0 memo=0/0 warm=18627/148383/103509 lc=0/0 memo=0/0 lang=20297/124447/125775 lc=0/0 memo=0/0 warmo=20244/125671/124604 lc=0/0 memo=0/0 coldo=23510/121046/125963 lc=0/0 memo=0/0
giga  chunk       0  cold    38.3 MB/s | pass    38.2 MB/s | warm   261.7 MB/s | bpe
GIGA tool=gigatoken version=fac0114b37120ec8a76362e9ee8e1c742aaafaef kind=bpe chunk=0 bytes=3129985 calls=1 ids=1050181 cold_s=0.081793 pass_s=0.081961 warm_s=0.011960 lang_s=0.079469 warmo_s=0.011729 coldo_s=0.081817 reps=5 cold_reps=2 load_ms=264 fresh_state_ms=7.776 cache_entries=247729 cache_mib=512 pass_after=other cold_reps_s=0.084616,0.081793 pass_reps_s=0.081961,0.084478,0.082140,0.082111,0.082110 entries_pass=247729 warm_reps_s=0.012139,0.012054,0.012167,0.011960,0.012114 entries_warm=247729 lang_reps_s=0.079469,0.080046,0.079611,0.080117,0.079471 entries_lang=384448 warmo_reps_s=0.011745,0.011827,0.011729,0.011775,0.011797 entries_warmo=384448 coldo_reps_s=0.082017,0.081817
hf    chunk       0      3.32 MB/s   1.114 Mtok/s   942410149 ns/call
REF tool=hf version=0.23.2 chunk=0 bytes=3129985 calls=1 ids=1050182 sha=41c1f65218ae8b08 s=0.942410 reps=3
FIRSTDIFF none
REF tool=gigatoken chunk=0 ids=1050181 sha=3ba795d487ee20f0 hf_nopp_ids=1050181 hf_nopp_sha=3ba795d487ee20f0 same_as_hf_nopp=yes first_diff=none
tikt  chunk       0     23.32 MB/s   7.826 Mtok/s   134199251 ns/call  ids==hf(no post-processor): yes
REF tool=tiktoken version=0.14.0 chunk=0 bytes=3129985 calls=1 ids=1050181 sha=3ba795d487ee20f0 s=0.134199 reps=3 hf_nopp_ids=1050181 hf_nopp_sha=3ba795d487ee20f0 same_as_hf_nopp=yes
EXACT yes toks == hf (1050182 41c1f65218ae8b08)
PINNED cpu 8 siblings 8: 
BUSY cpu8 100% 
LOAD after 1.08 1.60 2.58
== glm53 en chunk 4096
LOAD before 1.08 1.60 2.58
PINNED cpu 8 siblings 8: 
toks  chunk    4096  cold   278.9 MB/s  66.66 Mtok/s     14782 ns/call | pass   239.0 MB/s | warm 10014.0 MB/s | floor  48062.2 MB/s (memcpy) x_floor    201 | neon
E2E tool=toks tier=neon chunk=4096 bytes=2048653 calls=497 ids=489695 sha=2e4a4b239bbd0e76 cold_s=0.007347 pass_s=0.008573 warm_s=0.000205 lang_s=0.007926 warmo_s=0.000306 coldo_s=0.009759 floor_s=0.000043 floor_v=memcpy floor_xor_s=0.000146 floor_memcpy_s=0.000043 floor_nt_s=0.000155 ghz0=3.894 ghz1=3.894 load_ms=212 scratch_mib=6.37 cache_mib=0 memo_mib=4 reps=5 pass_after=other cold_reps_s=0.010326,0.007923,0.007502,0.007400,0.007347 pass_reps_s=0.008613,0.008643,0.008573,0.008623,0.008632 warm_reps_s=0.000208,0.000205,0.000205,0.000206,0.000205 lang_reps_s=0.008042,0.007968,0.007926,0.007976,0.007985 warmo_reps_s=0.000310,0.000306,0.000309,0.000309,0.000312 coldo_reps_s=0.009776,0.009807,0.009784,0.009819,0.009759
CTR pieces=436979 one=46243 over15=276 thp_kb=22528 cold=395077/6401/35501 lc=0/0 memo=4039424/0 pass=63982/355804/17193 lc=0/0 memo=4039424/0 warm=576/4658/44 lc=0/0 memo=16192/491 lang=59433/360619/16927 lc=0/0 memo=0/0 warmo=956/2435/175 lc=0/0 memo=0/493 coldo=395077/6401/35501 lc=0/0 memo=4039424/0
giga  chunk    4096  cold    56.5 MB/s | pass   187.7 MB/s | warm   605.3 MB/s | bpe
GIGA tool=gigatoken version=fac0114b37120ec8a76362e9ee8e1c742aaafaef kind=bpe chunk=4096 bytes=2048653 calls=497 ids=489695 cold_s=0.036239 pass_s=0.010914 warm_s=0.003385 lang_s=0.009302 warmo_s=0.003082 coldo_s=0.037023 reps=5 cold_reps=2 load_ms=314 fresh_state_ms=9.643 cache_entries=168929 cache_mib=512 pass_after=other cold_reps_s=0.036387,0.036239 pass_reps_s=0.010914,0.010944,0.010927,0.010964,0.010928 entries_pass=168929 warm_reps_s=0.003396,0.003396,0.003385,0.003391,0.003385 entries_warm=168929 lang_reps_s=0.009302,0.009404,0.009436,0.009354,0.009351 entries_lang=410695 warmo_reps_s=0.003084,0.003101,0.003082,0.003090,0.003092 entries_warmo=410695 coldo_reps_s=0.037437,0.037023
hf    chunk    4096      5.41 MB/s   1.293 Mtok/s      761985 ns/call
REF tool=hf version=0.23.2 chunk=4096 bytes=2048653 calls=497 ids=489695 sha=2e4a4b239bbd0e76 s=0.378707 reps=3
FIRSTDIFF none
REF tool=gigatoken chunk=4096 ids=489695 sha=2e4a4b239bbd0e76 hf_nopp_ids=489695 hf_nopp_sha=2e4a4b239bbd0e76 same_as_hf_nopp=yes first_diff=none
tikt  chunk    4096     30.19 MB/s   7.217 Mtok/s      136525 ns/call  ids==hf(no post-processor): yes
REF tool=tiktoken version=0.14.0 chunk=4096 bytes=2048653 calls=497 ids=489695 sha=2e4a4b239bbd0e76 s=0.067853 reps=3 hf_nopp_ids=489695 hf_nopp_sha=2e4a4b239bbd0e76 same_as_hf_nopp=yes
EXACT yes toks == hf (489695 2e4a4b239bbd0e76)
PINNED cpu 8 siblings 8: 
BUSY cpu8 100% 
LOAD after 1.06 1.55 2.53
== glm53 en chunk 0
LOAD before 1.06 1.55 2.53
PINNED cpu 8 siblings 8: 
toks  chunk       0  cold   346.3 MB/s  82.77 Mtok/s   5915702 ns/call | pass   260.1 MB/s | warm   600.2 MB/s | floor  36930.6 MB/s (memcpy) x_floor    142 | neon
E2E tool=toks tier=neon chunk=0 bytes=2048653 calls=1 ids=489632 sha=915310729d0c10c7 cold_s=0.005916 pass_s=0.007875 warm_s=0.003413 lang_s=0.007863 warmo_s=0.007673 coldo_s=0.007879 floor_s=0.000055 floor_v=memcpy floor_xor_s=0.000153 floor_memcpy_s=0.000055 floor_nt_s=0.000154 ghz0=3.886 ghz1=3.893 load_ms=214 scratch_mib=76.34 cache_mib=0 memo_mib=4 reps=5 pass_after=other cold_reps_s=0.008003,0.006575,0.006175,0.006013,0.005916 pass_reps_s=0.007875,0.008010,0.008094,0.007957,0.007984 warm_reps_s=0.003436,0.003413,0.003441,0.003471,0.003437 lang_reps_s=0.008013,0.007900,0.007891,0.007863,0.007892 warmo_reps_s=0.007673,0.007705,0.007691,0.007686,0.007727 coldo_reps_s=0.008049,0.008035,0.007992,0.007989,0.007879
CTR pieces=436913 one=46243 over15=276 thp_kb=22528 cold=63930/355792/17191 lc=0/0 memo=0/0 pass=63930/355792/17191 lc=0/0 memo=0/0 warm=49874/382754/4285 lc=0/0 memo=0/0 lang=59433/360555/16925 lc=0/0 memo=0/0 warmo=59090/361445/16378 lc=0/0 memo=0/0 coldo=63930/355792/17191 lc=0/0 memo=0/0
giga  chunk       0  cold   211.6 MB/s | pass   190.5 MB/s | warm   617.0 MB/s | bpe
GIGA tool=gigatoken version=fac0114b37120ec8a76362e9ee8e1c742aaafaef kind=bpe chunk=0 bytes=2048653 calls=1 ids=489632 cold_s=0.009681 pass_s=0.010752 warm_s=0.003320 lang_s=0.009248 warmo_s=0.003001 coldo_s=0.010753 reps=5 cold_reps=2 load_ms=316 fresh_state_ms=9.706 cache_entries=168927 cache_mib=512 pass_after=other cold_reps_s=0.009688,0.009681 pass_reps_s=0.010752,0.010780,0.010809,0.010814,0.010798 entries_pass=168927 warm_reps_s=0.003330,0.003320,0.003333,0.003331,0.003343 entries_warm=168927 lang_reps_s=0.009354,0.009298,0.009320,0.009358,0.009248 entries_lang=410693 warmo_reps_s=0.003009,0.003024,0.003008,0.003015,0.003001 entries_warmo=410693 coldo_reps_s=0.010753,0.010772
hf    chunk       0      3.29 MB/s   0.787 Mtok/s   622245326 ns/call
REF tool=hf version=0.23.2 chunk=0 bytes=2048653 calls=1 ids=489632 sha=915310729d0c10c7 s=0.622245 reps=3
FIRSTDIFF none
REF tool=gigatoken chunk=0 ids=489632 sha=915310729d0c10c7 hf_nopp_ids=489632 hf_nopp_sha=915310729d0c10c7 same_as_hf_nopp=yes first_diff=none
tikt  chunk       0     26.28 MB/s   6.281 Mtok/s    77958702 ns/call  ids==hf(no post-processor): yes
REF tool=tiktoken version=0.14.0 chunk=0 bytes=2048653 calls=1 ids=489632 sha=915310729d0c10c7 s=0.077959 reps=3 hf_nopp_ids=489632 hf_nopp_sha=915310729d0c10c7 same_as_hf_nopp=yes
EXACT yes toks == hf (489632 915310729d0c10c7)
PINNED cpu 8 siblings 8: 8/kworker/8:0-events/0.0 
BUSY cpu8 100% 
LOAD after 1.13 1.55 2.52
== glm53 code chunk 4096
LOAD before 1.13 1.55 2.52
PINNED cpu 8 siblings 8: 
toks  chunk    4096  cold   424.4 MB/s 102.52 Mtok/s      9720 ns/call | pass   283.7 MB/s | warm  8596.6 MB/s | floor  55199.3 MB/s (memcpy) x_floor    195 | neon
E2E tool=toks tier=neon chunk=4096 bytes=614699 calls=149 ids=148482 sha=f11686ca81bb6167 cold_s=0.001448 pass_s=0.002167 warm_s=0.000072 lang_s=0.002066 warmo_s=0.000271 coldo_s=0.002263 floor_s=0.000011 floor_v=memcpy floor_xor_s=0.000043 floor_memcpy_s=0.000011 floor_nt_s=0.000045 ghz0=3.891 ghz1=3.869 load_ms=211 scratch_mib=6.37 cache_mib=0 memo_mib=4 reps=5 pass_after=other cold_reps_s=0.001836,0.001528,0.001479,0.001474,0.001448 pass_reps_s=0.002232,0.002199,0.002172,0.002182,0.002167 warm_reps_s=0.000072,0.000074,0.000072,0.000073,0.000075 lang_reps_s=0.002099,0.002078,0.002066,0.002067,0.002092 warmo_reps_s=0.000279,0.000272,0.000271,0.000272,0.000273 coldo_reps_s=0.002279,0.002280,0.002290,0.002270,0.002263
CTR pieces=136966 one=19496 over15=1570 thp_kb=22528 cold=126259/4110/6597 lc=0/0 memo=1218368/0 pass=28561/104077/4328 lc=0/0 memo=1218368/0 warm=0/0/0 lc=0/0 memo=0/149 lang=24406/108348/4212 lc=0/0 memo=0/0 warmo=1262/4362/282 lc=0/0 memo=38400/142 coldo=126259/4110/6597 lc=0/0 memo=1218368/0
giga  chunk    4096  cold    87.5 MB/s | pass   171.2 MB/s | warm   583.2 MB/s | bpe
GIGA tool=gigatoken version=fac0114b37120ec8a76362e9ee8e1c742aaafaef kind=bpe chunk=4096 bytes=614699 calls=149 ids=148482 cold_s=0.007026 pass_s=0.003591 warm_s=0.001054 lang_s=0.002383 warmo_s=0.001047 coldo_s=0.007090 reps=5 cold_reps=2 load_ms=318 fresh_state_ms=9.594 cache_entries=155400 cache_mib=512 pass_after=other cold_reps_s=0.007047,0.007026 pass_reps_s=0.003610,0.003610,0.003591,0.003648,0.003630 entries_pass=155400 warm_reps_s=0.001066,0.001055,0.001054,0.001055,0.001056 entries_warm=155400 lang_reps_s=0.002397,0.002394,0.002383,0.002424,0.002396 entries_lang=410695 warmo_reps_s=0.001051,0.001047,0.001050,0.001049,0.001050 entries_warmo=410695 coldo_reps_s=0.007104,0.007090
hf    chunk    4096      5.30 MB/s   1.280 Mtok/s      778431 ns/call
REF tool=hf version=0.23.2 chunk=4096 bytes=614699 calls=149 ids=148482 sha=f11686ca81bb6167 s=0.115986 reps=3
FIRSTDIFF none
REF tool=gigatoken chunk=4096 ids=148482 sha=f11686ca81bb6167 hf_nopp_ids=148482 hf_nopp_sha=f11686ca81bb6167 same_as_hf_nopp=yes first_diff=none
tikt  chunk    4096     26.90 MB/s   6.498 Mtok/s      153364 ns/call  ids==hf(no post-processor): yes
REF tool=tiktoken version=0.14.0 chunk=4096 bytes=614699 calls=149 ids=148482 sha=f11686ca81bb6167 s=0.022851 reps=3 hf_nopp_ids=148482 hf_nopp_sha=f11686ca81bb6167 same_as_hf_nopp=yes
EXACT yes toks == hf (148482 f11686ca81bb6167)
PINNED cpu 8 siblings 8: 
BUSY cpu8 100% 
LOAD after 1.10 1.53 2.50
== glm53 code chunk 0
LOAD before 1.10 1.53 2.50
PINNED cpu 8 siblings 8: 
toks  chunk       0  cold   482.3 MB/s 116.48 Mtok/s   1274556 ns/call | pass   289.0 MB/s | warm  8600.4 MB/s | floor  56332.4 MB/s (memcpy) x_floor    195 | neon
E2E tool=toks tier=neon chunk=0 bytes=614699 calls=1 ids=148460 sha=1083e757a9fec451 cold_s=0.001275 pass_s=0.002127 warm_s=0.000071 lang_s=0.002076 warmo_s=0.002048 coldo_s=0.002148 floor_s=0.000011 floor_v=memcpy floor_xor_s=0.000046 floor_memcpy_s=0.000011 floor_nt_s=0.000045 ghz0=3.884 ghz1=3.861 load_ms=216 scratch_mib=27.11 cache_mib=0 memo_mib=4 reps=5 pass_after=other cold_reps_s=0.001709,0.001353,0.001296,0.001278,0.001275 pass_reps_s=0.002127,0.002272,0.002516,0.002271,0.002247 warm_reps_s=0.000072,0.000077,0.000081,0.000071,0.000080 lang_reps_s=0.002076,0.002157,0.002241,0.002212,0.002191 warmo_reps_s=0.002048,0.002372,0.002201,0.002179,0.002140 coldo_reps_s=0.002167,0.002167,0.002148,0.002149,0.002155
CTR pieces=136942 one=19472 over15=1570 thp_kb=22528 cold=28449/104164/4329 lc=0/0 memo=1208576/0 pass=28449/104164/4329 lc=0/0 memo=1208576/0 warm=0/0/0 lc=0/0 memo=0/1 lang=24382/108347/4213 lc=0/0 memo=0/0 warmo=24308/108502/4132 lc=0/0 memo=0/0 coldo=28449/104164/4329 lc=0/0 memo=1208576/0
giga  chunk       0  cold   260.4 MB/s | pass   173.5 MB/s | warm   608.9 MB/s | bpe
GIGA tool=gigatoken version=fac0114b37120ec8a76362e9ee8e1c742aaafaef kind=bpe chunk=0 bytes=614699 calls=1 ids=148460 cold_s=0.002360 pass_s=0.003544 warm_s=0.001010 lang_s=0.002329 warmo_s=0.001002 coldo_s=0.003527 reps=5 cold_reps=2 load_ms=318 fresh_state_ms=9.945 cache_entries=155401 cache_mib=512 pass_after=other cold_reps_s=0.002493,0.002360 pass_reps_s=0.003584,0.003544,0.003565,0.003588,0.003612 entries_pass=155401 warm_reps_s=0.001012,0.001016,0.001010,0.001017,0.001010 entries_warm=155401 lang_reps_s=0.002329,0.002378,0.002351,0.002365,0.002348 entries_lang=410696 warmo_reps_s=0.001002,0.001006,0.001010,0.001004,0.001011 entries_warmo=410696 coldo_reps_s=0.003584,0.003527
hf    chunk       0      3.88 MB/s   0.936 Mtok/s   158550803 ns/call
REF tool=hf version=0.23.2 chunk=0 bytes=614699 calls=1 ids=148460 sha=1083e757a9fec451 s=0.158551 reps=3
FIRSTDIFF none
REF tool=gigatoken chunk=0 ids=148460 sha=1083e757a9fec451 hf_nopp_ids=148460 hf_nopp_sha=1083e757a9fec451 same_as_hf_nopp=yes first_diff=none
tikt  chunk       0     25.97 MB/s   6.273 Mtok/s    23667706 ns/call  ids==hf(no post-processor): yes
REF tool=tiktoken version=0.14.0 chunk=0 bytes=614699 calls=1 ids=148460 sha=1083e757a9fec451 s=0.023668 reps=3 hf_nopp_ids=148460 hf_nopp_sha=1083e757a9fec451 same_as_hf_nopp=yes
EXACT yes toks == hf (148460 1083e757a9fec451)
PINNED cpu 8 siblings 8: 
BUSY cpu8 100% 
LOAD after 1.09 1.52 2.49
== glm53 ml chunk 4096
LOAD before 1.09 1.52 2.49
PINNED cpu 8 siblings 8: 
toks  chunk    4096  cold   111.8 MB/s  33.75 Mtok/s     39945 ns/call | pass   144.9 MB/s | warm   256.5 MB/s | floor  41629.7 MB/s (memcpy) x_floor    287 | neon
E2E tool=toks tier=neon chunk=4096 bytes=6443660 calls=1443 ids=1945324 sha=6f91c21bf190cd34 cold_s=0.057641 pass_s=0.044458 warm_s=0.025120 lang_s=0.043050 warmo_s=0.029556 coldo_s=0.059456 floor_s=0.000155 floor_v=memcpy floor_xor_s=0.000501 floor_memcpy_s=0.000155 floor_nt_s=0.000559 ghz0=3.893 ghz1=3.894 load_ms=210 scratch_mib=6.37 cache_mib=0 memo_mib=4 reps=5 pass_after=other cold_reps_s=0.059700,0.058315,0.058443,0.057996,0.057641 pass_reps_s=0.044705,0.044573,0.044603,0.044458,0.044549 warm_reps_s=0.025120,0.025150,0.025239,0.025132,0.025153 lang_reps_s=0.043116,0.043050,0.043245,0.043140,0.043126 warmo_reps_s=0.029623,0.029556,0.029661,0.029620,0.029622 coldo_reps_s=0.059556,0.059759,0.059513,0.059456,0.059515
CTR pieces=1227687 one=148944 over15=32553 thp_kb=22528 cold=836555/92672/298460 lc=0/0 memo=14318336/0 pass=167455/914091/146141 lc=0/0 memo=4072320/0 warm=117582/737089/72582 lc=0/0 memo=4053824/350 lang=164461/917654/145572 lc=0/0 memo=9536/0 warmo=119798/718391/89064 lc=0/0 memo=4053824/350 coldo=836555/92672/298460 lc=0/0 memo=14318336/0
giga  chunk    4096  cold    29.2 MB/s | pass   101.1 MB/s | warm   453.2 MB/s | bpe
GIGA tool=gigatoken version=fac0114b37120ec8a76362e9ee8e1c742aaafaef kind=bpe chunk=4096 bytes=6443660 calls=1443 ids=1945324 cold_s=0.220961 pass_s=0.063731 warm_s=0.014217 lang_s=0.058016 warmo_s=0.014862 coldo_s=0.222055 reps=5 cold_reps=2 load_ms=318 fresh_state_ms=10.405 cache_entries=271785 cache_mib=512 pass_after=other cold_reps_s=0.220961,0.221809 pass_reps_s=0.063793,0.064680,0.063731,0.064377,0.063844 entries_pass=271785 warm_reps_s=0.014217,0.014367,0.014271,0.014442,0.014304 entries_warm=271785 lang_reps_s=0.058097,0.058056,0.058110,0.058122,0.058016 entries_lang=410696 warmo_reps_s=0.014927,0.014908,0.014876,0.014918,0.014862 entries_warmo=410696 coldo_reps_s=0.222274,0.222055
hf    chunk    4096      4.79 MB/s   1.445 Mtok/s      932945 ns/call
REF tool=hf version=0.23.2 chunk=4096 bytes=6443660 calls=1443 ids=1945324 sha=6f91c21bf190cd34 s=1.346239 reps=3
FIRSTDIFF none
REF tool=gigatoken chunk=4096 ids=1945324 sha=6f91c21bf190cd34 hf_nopp_ids=1945324 hf_nopp_sha=6f91c21bf190cd34 same_as_hf_nopp=yes first_diff=none
tikt  chunk    4096     24.50 MB/s   7.397 Mtok/s      182244 ns/call  ids==hf(no post-processor): yes
REF tool=tiktoken version=0.14.0 chunk=4096 bytes=6443660 calls=1443 ids=1945324 sha=6f91c21bf190cd34 s=0.262978 reps=3 hf_nopp_ids=1945324 hf_nopp_sha=6f91c21bf190cd34 same_as_hf_nopp=yes
EXACT yes toks == hf (1945324 6f91c21bf190cd34)
PINNED cpu 8 siblings 8: 
BUSY cpu8 100% 
LOAD after 1.08 1.43 2.39
== glm53 ml chunk 0
LOAD before 1.08 1.43 2.39
PINNED cpu 8 siblings 8: 
toks  chunk       0  cold   156.7 MB/s  47.30 Mtok/s  41116122 ns/call | pass   150.8 MB/s | warm   172.4 MB/s | floor  23527.7 MB/s (memcpy) x_floor    156 | neon
E2E tool=toks tier=neon chunk=0 bytes=6443660 calls=1 ids=1944767 sha=5f7b831b59051e42 cold_s=0.041116 pass_s=0.042732 warm_s=0.037381 lang_s=0.042528 warmo_s=0.041821 coldo_s=0.042749 floor_s=0.000274 floor_v=memcpy floor_xor_s=0.000543 floor_memcpy_s=0.000274 floor_nt_s=0.000512 ghz0=3.892 ghz1=3.889 load_ms=213 scratch_mib=227.23 cache_mib=0 memo_mib=4 reps=5 pass_after=other cold_reps_s=0.045377,0.042721,0.042386,0.041998,0.041116 pass_reps_s=0.042791,0.042790,0.042800,0.042732,0.042770 warm_reps_s=0.037864,0.037531,0.037538,0.037451,0.037381 lang_reps_s=0.042688,0.042606,0.042593,0.042528,0.042622 warmo_reps_s=0.041880,0.041976,0.041821,0.041946,0.041885 coldo_reps_s=0.042749,0.042885,0.042990,0.042933,0.043016
CTR pieces=1227112 one=148447 over15=32553 thp_kb=22528 cold=166918/914062/146132 lc=0/0 memo=0/0 pass=166918/914062/146132 lc=0/0 memo=0/0 warm=161688/935993/129431 lc=0/0 memo=0/0 lang=163966/917582/145564 lc=0/0 memo=0/0 warmo=163568/921279/142265 lc=0/0 memo=0/0 coldo=166918/914062/146132 lc=0/0 memo=0/0
giga  chunk       0  cold   101.1 MB/s | pass   101.1 MB/s | warm   451.3 MB/s | bpe
GIGA tool=gigatoken version=fac0114b37120ec8a76362e9ee8e1c742aaafaef kind=bpe chunk=0 bytes=6443660 calls=1 ids=1944767 cold_s=0.063749 pass_s=0.063708 warm_s=0.014279 lang_s=0.058133 warmo_s=0.014758 coldo_s=0.063770 reps=5 cold_reps=2 load_ms=317 fresh_state_ms=10.412 cache_entries=271775 cache_mib=512 pass_after=other cold_reps_s=0.067180,0.063749 pass_reps_s=0.063846,0.063926,0.063708,0.063822,0.063834 entries_pass=271775 warm_reps_s=0.014286,0.014310,0.014353,0.014279,0.014360 entries_warm=271775 lang_reps_s=0.058133,0.058191,0.058264,0.058210,0.058260 entries_lang=410686 warmo_reps_s=0.014758,0.014788,0.014763,0.014800,0.014802 entries_warmo=410686 coldo_reps_s=0.063770,0.063822
hf    chunk       0      2.86 MB/s   0.863 Mtok/s  2253018001 ns/call
REF tool=hf version=0.23.2 chunk=0 bytes=6443660 calls=1 ids=1944767 sha=5f7b831b59051e42 s=2.253018 reps=3
FIRSTDIFF none
REF tool=gigatoken chunk=0 ids=1944767 sha=5f7b831b59051e42 hf_nopp_ids=1944767 hf_nopp_sha=5f7b831b59051e42 same_as_hf_nopp=yes first_diff=none
tikt  chunk       0     21.94 MB/s   6.622 Mtok/s   293679771 ns/call  ids==hf(no post-processor): yes
REF tool=tiktoken version=0.14.0 chunk=0 bytes=6443660 calls=1 ids=1944767 sha=5f7b831b59051e42 s=0.293680 reps=3 hf_nopp_ids=1944767 hf_nopp_sha=5f7b831b59051e42 same_as_hf_nopp=yes
EXACT yes toks == hf (1944767 5f7b831b59051e42)
PINNED cpu 8 siblings 8: 
BUSY cpu8 100% 
LOAD after 1.05 1.39 2.35
== glm53 cjk chunk 4096
LOAD before 1.05 1.39 2.35
PINNED cpu 8 siblings 8: 
toks  chunk    4096  cold   123.9 MB/s  39.71 Mtok/s     33949 ns/call | pass   114.9 MB/s | warm   337.6 MB/s | floor  42342.9 MB/s (memcpy) x_floor    369 | neon
E2E tool=toks tier=neon chunk=4096 bytes=3129985 calls=744 ids=1002914 sha=1764b73c295a2ed6 cold_s=0.025258 pass_s=0.027248 warm_s=0.009272 lang_s=0.026282 warmo_s=0.012380 coldo_s=0.027498 floor_s=0.000074 floor_v=memcpy floor_xor_s=0.000246 floor_memcpy_s=0.000074 floor_nt_s=0.000263 ghz0=3.892 ghz1=3.893 load_ms=212 scratch_mib=6.37 cache_mib=0 memo_mib=4 reps=5 pass_after=other cold_reps_s=0.027845,0.025678,0.025517,0.025479,0.025258 pass_reps_s=0.027328,0.027248,0.027319,0.027260,0.027254 warm_reps_s=0.009409,0.009351,0.009272,0.009297,0.009320 lang_reps_s=0.026295,0.026343,0.026327,0.026343,0.026282 warmo_reps_s=0.012439,0.012448,0.012380,0.012489,0.012740 coldo_reps_s=0.027498,0.027574,0.027543,0.027637,0.027512
CTR pieces=270599 one=17370 over15=74905 thp_kb=22528 cold=111387/14808/144404 lc=0/0 memo=7190592/0 pass=23825/121283/125491 lc=0/0 memo=4063040/0 warm=554/51639/44627 lc=0/0 memo=0/410 lang=20850/124637/125112 lc=0/0 memo=0/0 warmo=1780/41003/56430 lc=0/0 memo=3184320/405 coldo=111387/14808/144404 lc=0/0 memo=7190592/0
giga  chunk    4096  cold    17.3 MB/s | pass    34.0 MB/s | warm   261.7 MB/s | bpe
GIGA tool=gigatoken version=fac0114b37120ec8a76362e9ee8e1c742aaafaef kind=bpe chunk=4096 bytes=3129985 calls=744 ids=1002914 cold_s=0.180665 pass_s=0.091964 warm_s=0.011961 lang_s=0.085864 warmo_s=0.012522 coldo_s=0.181323 reps=5 cold_reps=2 load_ms=316 fresh_state_ms=10.187 cache_entries=273920 cache_mib=512 pass_after=other cold_reps_s=0.180665,0.181307 pass_reps_s=0.097231,0.092536,0.093005,0.091970,0.091964 entries_pass=273920 warm_reps_s=0.012285,0.012334,0.012210,0.011961,0.012321 entries_warm=273920 lang_reps_s=0.086006,0.086856,0.085864,0.086041,0.085991 entries_lang=410696 warmo_reps_s=0.012896,0.012719,0.012810,0.012850,0.012522 entries_warmo=410696 coldo_reps_s=0.181323,0.183057
hf    chunk    4096      5.91 MB/s   1.895 Mtok/s      711438 ns/call
REF tool=hf version=0.23.2 chunk=4096 bytes=3129985 calls=744 ids=1002914 sha=1764b73c295a2ed6 s=0.529310 reps=3
FIRSTDIFF none
REF tool=gigatoken chunk=4096 ids=1002914 sha=1764b73c295a2ed6 hf_nopp_ids=1002914 hf_nopp_sha=1764b73c295a2ed6 same_as_hf_nopp=yes first_diff=none
tikt  chunk    4096     24.70 MB/s   7.915 Mtok/s      170311 ns/call  ids==hf(no post-processor): yes
REF tool=tiktoken version=0.14.0 chunk=4096 bytes=3129985 calls=744 ids=1002914 sha=1764b73c295a2ed6 s=0.126711 reps=3 hf_nopp_ids=1002914 hf_nopp_sha=1764b73c295a2ed6 same_as_hf_nopp=yes
EXACT yes toks == hf (1002914 1764b73c295a2ed6)
PINNED cpu 8 siblings 8: 
BUSY cpu8 100% 
LOAD after 3.82 1.94 2.49
== glm53 cjk chunk 0
LOAD before 3.82 1.94 2.49
PINNED cpu 8 siblings 8: 8/ps/0.0 
toks  chunk       0  cold   124.0 MB/s  39.74 Mtok/s  25231784 ns/call | pass   116.1 MB/s | warm   143.2 MB/s | floor  23197.3 MB/s (memcpy) x_floor    200 | neon
E2E tool=toks tier=neon chunk=0 bytes=3129985 calls=1 ids=1002834 sha=2d19d494e265f5ff cold_s=0.025232 pass_s=0.026965 warm_s=0.021860 lang_s=0.026908 warmo_s=0.026690 coldo_s=0.026926 floor_s=0.000135 floor_v=memcpy floor_xor_s=0.000262 floor_memcpy_s=0.000135 floor_nt_s=0.000257 ghz0=3.889 ghz1=3.892 load_ms=213 scratch_mib=113.46 cache_mib=0 memo_mib=4 reps=5 pass_after=other cold_reps_s=0.028269,0.026677,0.026063,0.025576,0.025232 pass_reps_s=0.027215,0.027582,0.027019,0.026965,0.027285 warm_reps_s=0.022186,0.022051,0.022042,0.021899,0.021860 lang_reps_s=0.026919,0.027390,0.027054,0.026908,0.026924 warmo_reps_s=0.026841,0.026823,0.026716,0.026856,0.026690 coldo_reps_s=0.027283,0.027094,0.026926,0.027256,0.027085
CTR pieces=270519 one=17304 over15=74905 thp_kb=22528 cold=23707/121321/125491 lc=0/0 memo=0/0 pass=23707/121321/125491 lc=0/0 memo=0/0 warm=18824/149108/102587 lc=0/0 memo=0/0 lang=20784/124623/125112 lc=0/0 memo=0/0 warmo=20723/125850/123946 lc=0/0 memo=0/0 coldo=23707/121321/125491 lc=0/0 memo=0/0
giga  chunk       0  cold    33.4 MB/s | pass    34.1 MB/s | warm   255.7 MB/s | bpe
GIGA tool=gigatoken version=fac0114b37120ec8a76362e9ee8e1c742aaafaef kind=bpe chunk=0 bytes=3129985 calls=1 ids=1002834 cold_s=0.093759 pass_s=0.091707 warm_s=0.012243 lang_s=0.085709 warmo_s=0.012485 coldo_s=0.092250 reps=5 cold_reps=2 load_ms=331 fresh_state_ms=10.884 cache_entries=273920 cache_mib=512 pass_after=other cold_reps_s=0.095383,0.093759 pass_reps_s=0.092031,0.092192,0.092463,0.092186,0.091707 entries_pass=273920 warm_reps_s=0.012243,0.012276,0.012332,0.012353,0.012258 entries_warm=273920 lang_reps_s=0.086045,0.085904,0.086048,0.085709,0.085863 entries_lang=410696 warmo_reps_s=0.012708,0.012485,0.012583,0.012756,0.012817 entries_warmo=410696 coldo_reps_s=0.092495,0.092250
hf    chunk       0      3.62 MB/s   1.161 Mtok/s   863524571 ns/call
REF tool=hf version=0.23.2 chunk=0 bytes=3129985 calls=1 ids=1002834 sha=2d19d494e265f5ff s=0.863525 reps=3
FIRSTDIFF none
REF tool=gigatoken chunk=0 ids=1002834 sha=2d19d494e265f5ff hf_nopp_ids=1002834 hf_nopp_sha=2d19d494e265f5ff same_as_hf_nopp=yes first_diff=none
tikt  chunk       0     21.89 MB/s   7.014 Mtok/s   142978369 ns/call  ids==hf(no post-processor): yes
REF tool=tiktoken version=0.14.0 chunk=0 bytes=3129985 calls=1 ids=1002834 sha=2d19d494e265f5ff s=0.142978 reps=3 hf_nopp_ids=1002834 hf_nopp_sha=2d19d494e265f5ff same_as_hf_nopp=yes
EXACT yes toks == hf (1002834 2d19d494e265f5ff)
PINNED cpu 8 siblings 8: 
BUSY cpu8 100% 
LOAD after 4.52 2.16 2.56
== qwen38 en chunk 4096
LOAD before 4.52 2.16 2.56
PINNED cpu 8 siblings 8: 
toks  chunk    4096  cold   281.6 MB/s  68.06 Mtok/s     14638 ns/call | pass   239.2 MB/s | warm 11107.8 MB/s | floor  50649.1 MB/s (memcpy) x_floor    212 | neon
E2E tool=toks tier=neon chunk=4096 bytes=2048653 calls=497 ids=495170 sha=a0c357031c76f61f cold_s=0.007275 pass_s=0.008565 warm_s=0.000184 lang_s=0.007928 warmo_s=0.000634 coldo_s=0.009733 floor_s=0.000040 floor_v=memcpy floor_xor_s=0.000146 floor_memcpy_s=0.000040 floor_nt_s=0.000153 ghz0=3.871 ghz1=3.894 load_ms=270 scratch_mib=7.15 cache_mib=0 memo_mib=4 reps=5 pass_after=other cold_reps_s=0.010512,0.007779,0.007399,0.007347,0.007275 pass_reps_s=0.008620,0.008629,0.008950,0.008565,0.008592 warm_reps_s=0.000186,0.000186,0.000191,0.000185,0.000184 lang_reps_s=0.008014,0.007967,0.007956,0.008107,0.007928 warmo_reps_s=0.000691,0.000670,0.000634,0.000672,0.000634 coldo_reps_s=0.009733,0.009781,0.009772,0.009775,0.009776
CTR pieces=437812 one=47615 over15=276 thp_kb=24576 cold=390564/10069/37179 lc=0/0 memo=4061952/0 pass=65165/355570/17077 lc=0/0 memo=4061952/0 warm=427/3139/26 lc=0/0 memo=0/493 lang=60827/360125/16860 lc=0/0 memo=0/0 warmo=3055/8133/878 lc=0/0 memo=97792/483 coldo=390564/10069/37179 lc=0/0 memo=4061952/0
giga  chunk    4096  cold   105.9 MB/s | pass   246.2 MB/s | warm   598.5 MB/s | bpe
GIGA tool=gigatoken version=fac0114b37120ec8a76362e9ee8e1c742aaafaef kind=bpe chunk=4096 bytes=2048653 calls=497 ids=495170 cold_s=0.019345 pass_s=0.008323 warm_s=0.003423 lang_s=0.009420 warmo_s=0.003773 coldo_s=0.019394 reps=5 cold_reps=2 load_ms=482 fresh_state_ms=55.305 cache_entries=256944 cache_mib=512 pass_after=other cold_reps_s=0.020143,0.019345 pass_reps_s=0.011104,0.008346,0.008378,0.008323,0.008328 entries_pass=256944 warm_reps_s=0.003425,0.003426,0.003437,0.003423,0.003428 entries_warm=256944 lang_reps_s=0.009484,0.009463,0.009540,0.009420,0.009559 entries_lang=488592 warmo_reps_s=0.003803,0.003790,0.003775,0.003773,0.003789 entries_warmo=488592 coldo_reps_s=0.019394,0.022091
hf    chunk    4096      4.64 MB/s   1.122 Mtok/s      887632 ns/call
REF tool=hf version=0.23.2 chunk=4096 bytes=2048653 calls=497 ids=495170 sha=a0c357031c76f61f s=0.441153 reps=3
FIRSTDIFF none
REF tool=gigatoken chunk=4096 ids=495170 sha=a0c357031c76f61f hf_nopp_ids=495170 hf_nopp_sha=a0c357031c76f61f same_as_hf_nopp=yes first_diff=none
tikt  chunk    4096     28.97 MB/s   7.002 Mtok/s      142284 ns/call  ids==hf(no post-processor): yes
REF tool=tiktoken version=0.14.0 chunk=4096 bytes=2048653 calls=497 ids=495170 sha=a0c357031c76f61f s=0.070715 reps=3 hf_nopp_ids=495170 hf_nopp_sha=a0c357031c76f61f same_as_hf_nopp=yes
EXACT yes toks == hf (495170 a0c357031c76f61f)
PINNED cpu 8 siblings 8: 
BUSY cpu8 100% 
LOAD after 2.20 2.39 2.62
== qwen38 en chunk 0
LOAD before 2.20 2.39 2.62
PINNED cpu 8 siblings 8: 8/ps/0.0 
toks  chunk       0  cold   355.7 MB/s  85.96 Mtok/s   5759529 ns/call | pass   266.3 MB/s | warm   584.5 MB/s | floor  42424.8 MB/s (memcpy) x_floor    159 | neon
E2E tool=toks tier=neon chunk=0 bytes=2048653 calls=1 ids=495104 sha=4eed678f9111f781 cold_s=0.005760 pass_s=0.007692 warm_s=0.003505 lang_s=0.007617 warmo_s=0.007458 coldo_s=0.007667 floor_s=0.000048 floor_v=memcpy floor_xor_s=0.000153 floor_memcpy_s=0.000048 floor_nt_s=0.000150 ghz0=3.892 ghz1=3.892 load_ms=266 scratch_mib=222.87 cache_mib=0 memo_mib=4 reps=5 pass_after=other cold_reps_s=0.007677,0.006259,0.005927,0.005832,0.005760 pass_reps_s=0.007702,0.007692,0.007862,0.007742,0.007702 warm_reps_s=0.003530,0.003548,0.003566,0.003533,0.003505 lang_reps_s=0.007617,0.007646,0.007718,0.007723,0.007678 warmo_reps_s=0.007494,0.007458,0.007615,0.007600,0.007528 coldo_reps_s=0.007737,0.007667,0.007779,0.007794,0.007718
CTR pieces=437746 one=47615 over15=276 thp_kb=24576 cold=65097/355574/17075 lc=0/0 memo=0/0 pass=65097/355574/17075 lc=0/0 memo=0/0 warm=51188/382367/4191 lc=0/0 memo=0/0 lang=60827/360061/16858 lc=0/0 memo=0/0 warmo=60559/360733/16454 lc=0/0 memo=0/0 coldo=65097/355574/17075 lc=0/0 memo=0/0
giga  chunk       0  cold   247.4 MB/s | pass   238.7 MB/s | warm   609.9 MB/s | bpe
GIGA tool=gigatoken version=fac0114b37120ec8a76362e9ee8e1c742aaafaef kind=bpe chunk=0 bytes=2048653 calls=1 ids=495104 cold_s=0.008282 pass_s=0.008584 warm_s=0.003359 lang_s=0.009648 warmo_s=0.003707 coldo_s=0.008586 reps=5 cold_reps=2 load_ms=480 fresh_state_ms=55.275 cache_entries=256942 cache_mib=512 pass_after=other cold_reps_s=0.008301,0.008282 pass_reps_s=0.011469,0.008710,0.009158,0.008584,0.008592 entries_pass=256942 warm_reps_s=0.003377,0.003369,0.003370,0.003359,0.003360 entries_warm=256942 lang_reps_s=0.009667,0.009691,0.009648,0.009693,0.009649 entries_lang=488590 warmo_reps_s=0.003757,0.003710,0.003724,0.003707,0.003754 entries_warmo=488590 coldo_reps_s=0.008705,0.008586
hf    chunk       0      2.83 MB/s   0.684 Mtok/s   723704276 ns/call
REF tool=hf version=0.23.2 chunk=0 bytes=2048653 calls=1 ids=495104 sha=4eed678f9111f781 s=0.723704 reps=3
FIRSTDIFF none
REF tool=gigatoken chunk=0 ids=495104 sha=4eed678f9111f781 hf_nopp_ids=495104 hf_nopp_sha=4eed678f9111f781 same_as_hf_nopp=yes first_diff=none
tikt  chunk       0     26.14 MB/s   6.317 Mtok/s    78371186 ns/call  ids==hf(no post-processor): yes
REF tool=tiktoken version=0.14.0 chunk=0 bytes=2048653 calls=1 ids=495104 sha=4eed678f9111f781 s=0.078371 reps=3 hf_nopp_ids=495104 hf_nopp_sha=4eed678f9111f781 same_as_hf_nopp=yes
EXACT yes toks == hf (495104 4eed678f9111f781)
PINNED cpu 8 siblings 8: 8/ps/0.0 
BUSY cpu8 100% 
LOAD after 1.94 2.32 2.59
== qwen38 code chunk 4096
LOAD before 1.94 2.32 2.59
PINNED cpu 8 siblings 8: 
toks  chunk    4096  cold   392.8 MB/s 102.68 Mtok/s     10502 ns/call | pass   308.0 MB/s | warm 13784.7 MB/s | floor  53657.4 MB/s (memcpy) x_floor    174 | neon
E2E tool=toks tier=neon chunk=4096 bytes=614699 calls=149 ids=160675 sha=800c736cab464292 cold_s=0.001565 pass_s=0.001995 warm_s=0.000045 lang_s=0.001910 warmo_s=0.000278 coldo_s=0.002217 floor_s=0.000011 floor_v=memcpy floor_xor_s=0.000045 floor_memcpy_s=0.000011 floor_nt_s=0.000046 ghz0=3.887 ghz1=3.891 load_ms=265 scratch_mib=7.15 cache_mib=0 memo_mib=4 reps=5 pass_after=other cold_reps_s=0.001974,0.001650,0.001597,0.001578,0.001565 pass_reps_s=0.001995,0.002012,0.002000,0.002005,0.002001 warm_reps_s=0.000045,0.000045,0.000046,0.000045,0.000045 lang_reps_s=0.001926,0.001913,0.001910,0.001912,0.001921 warmo_reps_s=0.000284,0.000278,0.000278,0.000280,0.000278 coldo_reps_s=0.002217,0.002221,0.002231,0.002232,0.002224
CTR pieces=139379 one=23807 over15=1570 thp_kb=24576 cold=119186/11119/9074 lc=0/0 memo=1267392/0 pass=32028/102997/4354 lc=0/0 memo=1267392/0 warm=0/0/0 lc=0/0 memo=0/149 lang=28448/106597/4334 lc=0/0 memo=0/0 warmo=2674/5661/468 lc=0/0 memo=69952/140 coldo=119186/11119/9074 lc=0/0 memo=1267392/0
giga  chunk    4096  cold   112.2 MB/s | pass   295.2 MB/s | warm   681.5 MB/s | bpe
GIGA tool=gigatoken version=fac0114b37120ec8a76362e9ee8e1c742aaafaef kind=bpe chunk=4096 bytes=614699 calls=149 ids=160675 cold_s=0.005480 pass_s=0.002082 warm_s=0.000902 lang_s=0.002294 warmo_s=0.001009 coldo_s=0.005540 reps=5 cold_reps=2 load_ms=476 fresh_state_ms=55.083 cache_entries=243571 cache_mib=512 pass_after=other cold_reps_s=0.005507,0.005480 pass_reps_s=0.004822,0.002554,0.002082,0.002533,0.002521 entries_pass=243571 warm_reps_s=0.000905,0.000902,0.000903,0.000906,0.000904 entries_warm=243571 lang_reps_s=0.002326,0.002303,0.002296,0.002294,0.002302 entries_lang=488592 warmo_reps_s=0.001012,0.001013,0.001013,0.001009,0.001010 entries_warmo=488592 coldo_reps_s=0.005540,0.005569
hf    chunk    4096      5.09 MB/s   1.331 Mtok/s      810436 ns/call
REF tool=hf version=0.23.2 chunk=4096 bytes=614699 calls=149 ids=160675 sha=800c736cab464292 s=0.120755 reps=3
FIRSTDIFF none
REF tool=gigatoken chunk=4096 ids=160675 sha=800c736cab464292 hf_nopp_ids=160675 hf_nopp_sha=800c736cab464292 same_as_hf_nopp=yes first_diff=none
tikt  chunk    4096     26.44 MB/s   6.910 Mtok/s      156051 ns/call  ids==hf(no post-processor): yes
REF tool=tiktoken version=0.14.0 chunk=4096 bytes=614699 calls=149 ids=160675 sha=800c736cab464292 s=0.023252 reps=3 hf_nopp_ids=160675 hf_nopp_sha=800c736cab464292 same_as_hf_nopp=yes
EXACT yes toks == hf (160675 800c736cab464292)
PINNED cpu 8 siblings 8: 
BUSY cpu8 100% 
LOAD after 1.48 2.15 2.52
== qwen38 code chunk 0
LOAD before 1.48 2.15 2.52
PINNED cpu 8 siblings 8: 
toks  chunk       0  cold   483.3 MB/s 126.32 Mtok/s   1271776 ns/call | pass   315.1 MB/s | warm 13152.3 MB/s | floor  50352.1 MB/s (memcpy) x_floor    160 | neon
E2E tool=toks tier=neon chunk=0 bytes=614699 calls=1 ids=160651 sha=3b57255e78b3957e cold_s=0.001272 pass_s=0.001951 warm_s=0.000047 lang_s=0.001896 warmo_s=0.001868 coldo_s=0.001953 floor_s=0.000012 floor_v=memcpy floor_xor_s=0.000047 floor_memcpy_s=0.000012 floor_nt_s=0.000046 ghz0=3.891 ghz1=3.893 load_ms=267 scratch_mib=71.07 cache_mib=0 memo_mib=4 reps=5 pass_after=other cold_reps_s=0.001735,0.001354,0.001306,0.001295,0.001272 pass_reps_s=0.001951,0.001952,0.001960,0.001972,0.001971 warm_reps_s=0.000048,0.000047,0.000047,0.000049,0.000048 lang_reps_s=0.001896,0.001897,0.001904,0.001918,0.001912 warmo_reps_s=0.001868,0.001932,0.001885,0.001884,0.001916 coldo_reps_s=0.001966,0.001972,0.001961,0.001953,0.001970
CTR pieces=139355 one=23783 over15=1570 thp_kb=24576 cold=31913/103087/4355 lc=0/0 memo=1257344/0 pass=31913/103087/4355 lc=0/0 memo=1257344/0 warm=0/0/0 lc=0/0 memo=0/1 lang=28424/106596/4335 lc=0/0 memo=0/0 warmo=28378/106709/4268 lc=0/0 memo=0/0 coldo=31913/103087/4355 lc=0/0 memo=1257344/0
giga  chunk       0  cold   288.6 MB/s | pass   276.1 MB/s | warm   596.8 MB/s | bpe
GIGA tool=gigatoken version=fac0114b37120ec8a76362e9ee8e1c742aaafaef kind=bpe chunk=0 bytes=614699 calls=1 ids=160651 cold_s=0.002130 pass_s=0.002226 warm_s=0.001030 lang_s=0.002398 warmo_s=0.001141 coldo_s=0.004919 reps=5 cold_reps=2 load_ms=475 fresh_state_ms=55.201 cache_entries=243572 cache_mib=512 pass_after=other cold_reps_s=0.002141,0.002130 pass_reps_s=0.005029,0.005008,0.002226,0.004947,0.002240 entries_pass=243572 warm_reps_s=0.001031,0.001035,0.001030,0.001033,0.001036 entries_warm=243572 lang_reps_s=0.002398,0.002412,0.002404,0.002409,0.002399 entries_lang=488593 warmo_reps_s=0.001146,0.001141,0.001141,0.001144,0.001142 entries_warmo=488593 coldo_reps_s=0.004919,0.004976
hf    chunk       0      3.30 MB/s   0.864 Mtok/s   186033155 ns/call
REF tool=hf version=0.23.2 chunk=0 bytes=614699 calls=1 ids=160651 sha=3b57255e78b3957e s=0.186033 reps=3
FIRSTDIFF none
REF tool=gigatoken chunk=0 ids=160651 sha=3b57255e78b3957e hf_nopp_ids=160651 hf_nopp_sha=3b57255e78b3957e same_as_hf_nopp=yes first_diff=none
tikt  chunk       0     25.40 MB/s   6.638 Mtok/s    24202732 ns/call  ids==hf(no post-processor): yes
REF tool=tiktoken version=0.14.0 chunk=0 bytes=614699 calls=1 ids=160651 sha=3b57255e78b3957e s=0.024203 reps=3 hf_nopp_ids=160651 hf_nopp_sha=3b57255e78b3957e same_as_hf_nopp=yes
EXACT yes toks == hf (160651 3b57255e78b3957e)
PINNED cpu 8 siblings 8: 
BUSY cpu8 100% 
LOAD after 1.40 2.12 2.51
== qwen38 ml chunk 4096
LOAD before 1.40 2.12 2.51
PINNED cpu 8 siblings 8: 
toks  chunk    4096  cold   112.3 MB/s  30.59 Mtok/s     39772 ns/call | pass   140.4 MB/s | warm   253.8 MB/s | floor  43420.3 MB/s (memcpy) x_floor    309 | neon
E2E tool=toks tier=neon chunk=4096 bytes=6443660 calls=1443 ids=1755501 sha=d1d9f3b62739eb69 cold_s=0.057390 pass_s=0.045910 warm_s=0.025387 lang_s=0.044580 warmo_s=0.029751 coldo_s=0.058670 floor_s=0.000148 floor_v=memcpy floor_xor_s=0.000482 floor_memcpy_s=0.000148 floor_nt_s=0.000545 ghz0=3.893 ghz1=3.893 load_ms=267 scratch_mib=7.15 cache_mib=0 memo_mib=4 reps=5 pass_after=other cold_reps_s=0.059544,0.057824,0.057767,0.057673,0.057390 pass_reps_s=0.046057,0.045910,0.046140,0.046183,0.046130 warm_reps_s=0.025387,0.025552,0.025510,0.025448,0.025427 lang_reps_s=0.044580,0.044831,0.044831,0.044931,0.044856 warmo_reps_s=0.029751,0.030112,0.029885,0.029949,0.029940 coldo_reps_s=0.058753,0.058670,0.058836,0.058876,0.058753
CTR pieces=1248268 one=249648 over15=39260 thp_kb=24576 cold=901570/83769/262929 lc=0/0 memo=13560640/0 pass=272301/842185/133782 lc=0/0 memo=4071936/0 warm=166669/688375/61310 lc=0/0 memo=4049600/382 lang=269706/845024/133538 lc=0/0 memo=9472/0 warmo=170207/667560/78587 lc=0/0 memo=4049600/382 coldo=901570/83769/262929 lc=0/0 memo=13560640/0
giga  chunk    4096  cold    50.3 MB/s | pass    92.9 MB/s | warm   279.3 MB/s | bpe
GIGA tool=gigatoken version=fac0114b37120ec8a76362e9ee8e1c742aaafaef kind=bpe chunk=4096 bytes=6443660 calls=1443 ids=1755501 cold_s=0.127997 pass_s=0.069362 warm_s=0.023068 lang_s=0.071259 warmo_s=0.023648 coldo_s=0.129766 reps=5 cold_reps=2 load_ms=474 fresh_state_ms=55.247 cache_entries=350712 cache_mib=512 pass_after=other cold_reps_s=0.127997,0.128114 pass_reps_s=0.069362,0.069411,0.069458,0.071333,0.069482 entries_pass=350712 warm_reps_s=0.023165,0.023169,0.023068,0.023255,0.023099 entries_warm=350712 lang_reps_s=0.071284,0.071277,0.071314,0.071374,0.071259 entries_lang=488593 warmo_reps_s=0.023648,0.023708,0.023744,0.023725,0.023729 entries_warmo=488593 coldo_reps_s=0.129766,0.129990
hf    chunk    4096      3.88 MB/s   1.058 Mtok/s     1149888 ns/call
REF tool=hf version=0.23.2 chunk=4096 bytes=6443660 calls=1443 ids=1755501 sha=d1d9f3b62739eb69 s=1.659288 reps=3
FIRSTDIFF none
REF tool=gigatoken chunk=4096 ids=1755501 sha=d1d9f3b62739eb69 hf_nopp_ids=1755501 hf_nopp_sha=d1d9f3b62739eb69 same_as_hf_nopp=yes first_diff=none
tikt  chunk    4096     23.75 MB/s   6.470 Mtok/s      188027 ns/call  ids==hf(no post-processor): no
REF tool=tiktoken version=0.14.0 chunk=4096 bytes=6443660 calls=1443 ids=1755349 sha=9d4e8482cf9f9295 s=0.271323 reps=3 hf_nopp_ids=1755501 hf_nopp_sha=d1d9f3b62739eb69 same_as_hf_nopp=no
EXACT yes toks == hf (1755501 d1d9f3b62739eb69)
PINNED cpu 8 siblings 8: 
BUSY cpu8 100% 
LOAD after 1.00 1.37 2.05
== qwen38 ml chunk 0
LOAD before 1.00 1.37 2.05
PINNED cpu 8 siblings 8: 
toks  chunk       0  cold   147.3 MB/s  40.11 Mtok/s  43754883 ns/call | pass   145.1 MB/s | warm   162.7 MB/s | floor  28741.4 MB/s (memcpy) x_floor    198 | neon
E2E tool=toks tier=neon chunk=0 bytes=6443660 calls=1 ids=1754927 sha=a74750919f4024eb cold_s=0.043755 pass_s=0.044409 warm_s=0.039606 lang_s=0.044394 warmo_s=0.043865 coldo_s=0.044776 floor_s=0.000224 floor_v=memcpy floor_xor_s=0.000517 floor_memcpy_s=0.000224 floor_nt_s=0.000500 ghz0=3.893 ghz1=3.893 load_ms=266 scratch_mib=688.11 cache_mib=0 memo_mib=4 reps=5 pass_after=other cold_reps_s=0.046760,0.044950,0.044924,0.043755,0.043970 pass_reps_s=0.044678,0.044467,0.044652,0.044409,0.044849 warm_reps_s=0.039830,0.039857,0.039902,0.039606,0.039951 lang_reps_s=0.044394,0.044448,0.044738,0.044526,0.044772 warmo_reps_s=0.044147,0.043942,0.043865,0.043975,0.043928 coldo_reps_s=0.044803,0.044860,0.044904,0.044776,0.044865
CTR pieces=1247693 one=249148 over15=39260 thp_kb=24576 cold=271784/842136/133773 lc=0/0 memo=0/0 pass=271784/842136/133773 lc=0/0 memo=0/0 warm=265865/863759/118069 lc=0/0 memo=0/0 lang=269206/844958/133529 lc=0/0 memo=0/0 warmo=268761/847926/131006 lc=0/0 memo=0/0 coldo=271784/842136/133773 lc=0/0 memo=0/0
giga  chunk       0  cold    91.3 MB/s | pass    91.1 MB/s | warm   274.6 MB/s | bpe
GIGA tool=gigatoken version=fac0114b37120ec8a76362e9ee8e1c742aaafaef kind=bpe chunk=0 bytes=6443660 calls=1 ids=1754927 cold_s=0.070556 pass_s=0.070732 warm_s=0.023466 lang_s=0.072051 warmo_s=0.023367 coldo_s=0.070917 reps=5 cold_reps=2 load_ms=475 fresh_state_ms=55.297 cache_entries=350706 cache_mib=512 pass_after=other cold_reps_s=0.073995,0.070556 pass_reps_s=0.070732,0.071334,0.071275,0.071146,0.071019 entries_pass=350706 warm_reps_s=0.023511,0.023496,0.023556,0.023466,0.023565 entries_warm=350706 lang_reps_s=0.072109,0.072051,0.072291,0.072411,0.072219 entries_lang=488586 warmo_reps_s=0.023367,0.023655,0.023592,0.023562,0.023592 entries_warmo=488586 coldo_reps_s=0.071955,0.070917
hf    chunk       0      2.47 MB/s   0.672 Mtok/s  2610604078 ns/call
REF tool=hf version=0.23.2 chunk=0 bytes=6443660 calls=1 ids=1754927 sha=a74750919f4024eb s=2.610604 reps=3
FIRSTDIFF none
REF tool=gigatoken chunk=0 ids=1754927 sha=a74750919f4024eb hf_nopp_ids=1754927 hf_nopp_sha=a74750919f4024eb same_as_hf_nopp=yes first_diff=none
tikt  chunk       0     21.62 MB/s   5.887 Mtok/s   298085864 ns/call  ids==hf(no post-processor): no
REF tool=tiktoken version=0.14.0 chunk=0 bytes=6443660 calls=1 ids=1754775 sha=18047df00eddcd9d s=0.298086 reps=3 hf_nopp_ids=1754927 hf_nopp_sha=a74750919f4024eb same_as_hf_nopp=no
EXACT yes toks == hf (1754927 a74750919f4024eb)
PINNED cpu 8 siblings 8: 
BUSY cpu8 100% 
LOAD after 1.00 1.34 2.02
== qwen38 cjk chunk 4096
LOAD before 1.00 1.34 2.02
PINNED cpu 8 siblings 8: 
toks  chunk    4096  cold   146.1 MB/s  41.53 Mtok/s     28791 ns/call | pass   133.9 MB/s | warm   443.3 MB/s | floor  46432.7 MB/s (memcpy) x_floor    347 | neon
E2E tool=toks tier=neon chunk=4096 bytes=3129985 calls=744 ids=889663 sha=d0df8bcb326d9e52 cold_s=0.021421 pass_s=0.023380 warm_s=0.007061 lang_s=0.022431 warmo_s=0.009761 coldo_s=0.023427 floor_s=0.000067 floor_v=memcpy floor_xor_s=0.000235 floor_memcpy_s=0.000067 floor_nt_s=0.000246 ghz0=3.892 ghz1=3.892 load_ms=264 scratch_mib=7.15 cache_mib=0 memo_mib=4 reps=5 pass_after=other cold_reps_s=0.023968,0.022004,0.021583,0.021504,0.021421 pass_reps_s=0.023403,0.023405,0.023380,0.023497,0.024771 warm_reps_s=0.007098,0.007142,0.007095,0.007061,0.007410 lang_reps_s=0.022431,0.022457,0.022526,0.022613,0.023555 warmo_reps_s=0.009761,0.009781,0.009802,0.010084,0.010086 coldo_reps_s=0.023442,0.023435,0.023427,0.023477,0.023502
CTR pieces=285229 one=41201 over15=74905 thp_kb=24576 cold=127105/16480/141644 lc=0/0 memo=6737088/0 pass=47613/115194/122422 lc=0/0 memo=4062912/0 warm=2222/51056/38591 lc=0/0 memo=0/434 lang=45473/117522/122234 lc=0/0 memo=0/0 warmo=3952/38823/52294 lc=0/0 memo=2768448/427 coldo=127105/16480/141644 lc=0/0 memo=6737088/0
giga  chunk    4096  cold    24.8 MB/s | pass    33.8 MB/s | warm   196.6 MB/s | bpe
GIGA tool=gigatoken version=fac0114b37120ec8a76362e9ee8e1c742aaafaef kind=bpe chunk=4096 bytes=3129985 calls=744 ids=889663 cold_s=0.126308 pass_s=0.092728 warm_s=0.015918 lang_s=0.095953 warmo_s=0.016375 coldo_s=0.127194 reps=5 cold_reps=2 load_ms=473 fresh_state_ms=55.783 cache_entries=360269 cache_mib=512 pass_after=other cold_reps_s=0.126308,0.126631 pass_reps_s=0.092728,0.092929,0.092868,0.093073,0.093106 entries_pass=360269 warm_reps_s=0.016178,0.015918,0.015940,0.016010,0.015952 entries_warm=360269 lang_reps_s=0.098243,0.096038,0.096093,0.095953,0.095964 entries_lang=488593 warmo_reps_s=0.016404,0.016490,0.016375,0.016593,0.016427 entries_warmo=488593 coldo_reps_s=0.127194,0.127522
hf    chunk    4096      5.03 MB/s   1.430 Mtok/s      836480 ns/call
REF tool=hf version=0.23.2 chunk=4096 bytes=3129985 calls=744 ids=889663 sha=d0df8bcb326d9e52 s=0.622341 reps=3
FIRSTDIFF none
REF tool=gigatoken chunk=4096 ids=889663 sha=d0df8bcb326d9e52 hf_nopp_ids=889663 hf_nopp_sha=d0df8bcb326d9e52 same_as_hf_nopp=yes first_diff=none
tikt  chunk    4096     24.64 MB/s   7.003 Mtok/s      170764 ns/call  ids==hf(no post-processor): no
REF tool=tiktoken version=0.14.0 chunk=4096 bytes=3129985 calls=744 ids=889661 sha=44409da43ece953d s=0.127048 reps=3 hf_nopp_ids=889663 hf_nopp_sha=d0df8bcb326d9e52 same_as_hf_nopp=no
EXACT yes toks == hf (889663 d0df8bcb326d9e52)
PINNED cpu 8 siblings 8: 
BUSY cpu8 100% 
LOAD after 1.00 1.20 1.85
== qwen38 cjk chunk 0
LOAD before 1.00 1.20 1.85
PINNED cpu 8 siblings 8: 
toks  chunk       0  cold   150.9 MB/s  42.88 Mtok/s  20745835 ns/call | pass   140.5 MB/s | warm   173.4 MB/s | floor  32822.5 MB/s (memcpy) x_floor    234 | neon
E2E tool=toks tier=neon chunk=0 bytes=3129985 calls=1 ids=889583 sha=da51b58fd8de67cf cold_s=0.020746 pass_s=0.022279 warm_s=0.018047 lang_s=0.022330 warmo_s=0.022045 coldo_s=0.022304 floor_s=0.000095 floor_v=memcpy floor_xor_s=0.000249 floor_memcpy_s=0.000095 floor_nt_s=0.000245 ghz0=3.892 ghz1=3.889 load_ms=265 scratch_mib=337.34 cache_mib=0 memo_mib=4 reps=5 pass_after=other cold_reps_s=0.023197,0.021529,0.021131,0.021033,0.020746 pass_reps_s=0.022279,0.022446,0.022489,0.022284,0.022481 warm_reps_s=0.018076,0.018129,0.018058,0.018047,0.018089 lang_reps_s=0.022330,0.022377,0.022352,0.022442,0.022427 warmo_reps_s=0.022071,0.022047,0.022045,0.022177,0.022125 coldo_reps_s=0.022426,0.022456,0.022422,0.022304,0.022337
CTR pieces=285149 one=41135 over15=74905 thp_kb=24576 cold=47462/115265/122422 lc=0/0 memo=0/0 pass=47462/115265/122422 lc=0/0 memo=0/0 warm=43156/143924/98069 lc=0/0 memo=0/0 lang=45407/117508/122234 lc=0/0 memo=0/0 warmo=45314/118655/121180 lc=0/0 memo=0/0 coldo=47462/115265/122422 lc=0/0 memo=0/0
giga  chunk       0  cold    33.7 MB/s | pass    33.7 MB/s | warm   194.5 MB/s | bpe
GIGA tool=gigatoken version=fac0114b37120ec8a76362e9ee8e1c742aaafaef kind=bpe chunk=0 bytes=3129985 calls=1 ids=889583 cold_s=0.092928 pass_s=0.092890 warm_s=0.016091 lang_s=0.098115 warmo_s=0.016285 coldo_s=0.092736 reps=5 cold_reps=2 load_ms=473 fresh_state_ms=55.987 cache_entries=360269 cache_mib=512 pass_after=other cold_reps_s=0.094587,0.092928 pass_reps_s=0.092890,0.093715,0.092977,0.093573,0.094207 entries_pass=360269 warm_reps_s=0.016200,0.016185,0.016091,0.016241,0.016219 entries_warm=360269 lang_reps_s=0.098389,0.098336,0.098225,0.098115,0.098225 entries_lang=488593 warmo_reps_s=0.016414,0.016297,0.016359,0.016285,0.016440 entries_warmo=488593 coldo_reps_s=0.092736,0.092940
hf    chunk       0      3.28 MB/s   0.932 Mtok/s   954998536 ns/call
REF tool=hf version=0.23.2 chunk=0 bytes=3129985 calls=1 ids=889583 sha=da51b58fd8de67cf s=0.954999 reps=3
FIRSTDIFF none
REF tool=gigatoken chunk=0 ids=889583 sha=da51b58fd8de67cf hf_nopp_ids=889583 hf_nopp_sha=da51b58fd8de67cf same_as_hf_nopp=yes first_diff=none
tikt  chunk       0     21.75 MB/s   6.183 Mtok/s   143875181 ns/call  ids==hf(no post-processor): no
REF tool=tiktoken version=0.14.0 chunk=0 bytes=3129985 calls=1 ids=889581 sha=5ef7689f004efd91 s=0.143875 reps=3 hf_nopp_ids=889583 hf_nopp_sha=da51b58fd8de67cf same_as_hf_nopp=no
EXACT yes toks == hf (889583 da51b58fd8de67cf)
PINNED cpu 8 siblings 8: 
BUSY cpu8 100% 
LOAD after 1.00 1.19 1.83
== o200k en chunk 4096
LOAD before 1.00 1.19 1.83
PINNED cpu 8 siblings 8: 
toks  chunk    4096  cold   263.7 MB/s  62.62 Mtok/s     15632 ns/call | pass   225.7 MB/s | warm  9336.4 MB/s | floor  50669.1 MB/s (memcpy) x_floor    225 | neon
E2E tool=toks tier=neon chunk=4096 bytes=2048653 calls=497 ids=486508 sha=cb2cebfab26f48d3 cold_s=0.007769 pass_s=0.009079 warm_s=0.000219 lang_s=0.008431 warmo_s=0.000813 coldo_s=0.010346 floor_s=0.000040 floor_v=memcpy floor_xor_s=0.000146 floor_memcpy_s=0.000040 floor_nt_s=0.000152 ghz0=3.892 ghz1=3.887 load_ms=307 scratch_mib=6.37 cache_mib=0 memo_mib=4 reps=5 pass_after=other cold_reps_s=0.010795,0.008285,0.007857,0.007833,0.007769 pass_reps_s=0.009080,0.009096,0.009086,0.009079,0.009115 warm_reps_s=0.000228,0.000221,0.000222,0.000225,0.000219 lang_reps_s=0.008475,0.008453,0.008436,0.008431,0.008466 warmo_reps_s=0.000813,0.000824,0.000818,0.000819,0.000816 coldo_reps_s=0.010355,0.010346,0.010359,0.010413,0.010373
CTR pieces=437016 one=46245 over15=276 thp_kb=26624 cold=394305/6798/35913 lc=0/0 memo=4027456/0 pass=64102/355806/17108 lc=0/0 memo=4027456/0 warm=941/6999/52 lc=0/0 memo=32064/488 lang=59457/360673/16886 lc=0/0 memo=0/0 warmo=3822/9984/1113 lc=0/0 memo=123008/480 coldo=394305/6798/35913 lc=0/0 memo=4027456/0
giga  chunk    4096  cold    55.8 MB/s | pass   166.1 MB/s | warm   773.5 MB/s | bpe
GIGA tool=gigatoken version=fac0114b37120ec8a76362e9ee8e1c742aaafaef kind=bpe chunk=4096 bytes=2048653 calls=497 ids=486508 cold_s=0.036728 pass_s=0.012332 warm_s=0.002648 lang_s=0.009424 warmo_s=0.002967 coldo_s=0.037168 reps=5 cold_reps=2 load_ms=446 fresh_state_ms=14.265 cache_entries=210521 cache_mib=512 pass_after=other cold_reps_s=0.036902,0.036728 pass_reps_s=0.012378,0.012487,0.012477,0.012415,0.012332 entries_pass=210521 warm_reps_s=0.002665,0.002664,0.002656,0.002648,0.002652 entries_warm=210521 lang_reps_s=0.009432,0.009452,0.009424,0.009471,0.009553 entries_lang=443630 warmo_reps_s=0.002969,0.002967,0.002991,0.002975,0.002969 entries_warmo=443630 coldo_reps_s=0.037168,0.038125
hf    chunk    4096      5.19 MB/s   1.232 Mtok/s      794574 ns/call
REF tool=hf version=0.23.2 chunk=4096 bytes=2048653 calls=497 ids=486508 sha=cb2cebfab26f48d3 s=0.394903 reps=3
FIRSTDIFF none
REF tool=gigatoken chunk=4096 ids=486508 sha=cb2cebfab26f48d3 hf_nopp_ids=486508 hf_nopp_sha=cb2cebfab26f48d3 same_as_hf_nopp=yes first_diff=none
tikt  chunk    4096     32.71 MB/s   7.767 Mtok/s      126029 ns/call  ids==hf(no post-processor): yes
REF tool=tiktoken version=0.14.0 chunk=4096 bytes=2048653 calls=497 ids=486508 sha=cb2cebfab26f48d3 s=0.062636 reps=3 hf_nopp_ids=486508 hf_nopp_sha=cb2cebfab26f48d3 same_as_hf_nopp=yes
EXACT yes toks == hf (486508 cb2cebfab26f48d3)
PINNED cpu 8 siblings 8: 
BUSY cpu8 100% 
LOAD after 1.00 1.17 1.80
== o200k en chunk 0
LOAD before 1.00 1.17 1.80
PINNED cpu 8 siblings 8: 
toks  chunk       0  cold   319.8 MB/s  75.92 Mtok/s   6407027 ns/call | pass   245.3 MB/s | warm   583.8 MB/s | floor  38084.0 MB/s (memcpy) x_floor    155 | neon
E2E tool=toks tier=neon chunk=0 bytes=2048653 calls=1 ids=486445 sha=17b1b68db00a8bb7 cold_s=0.006407 pass_s=0.008350 warm_s=0.003509 lang_s=0.008277 warmo_s=0.008064 coldo_s=0.008400 floor_s=0.000054 floor_v=memcpy floor_xor_s=0.000152 floor_memcpy_s=0.000054 floor_nt_s=0.000151 ghz0=3.891 ghz1=3.891 load_ms=306 scratch_mib=76.34 cache_mib=0 memo_mib=4 reps=5 pass_after=other cold_reps_s=0.008430,0.006970,0.006613,0.006443,0.006407 pass_reps_s=0.008419,0.008350,0.008352,0.008391,0.008451 warm_reps_s=0.003554,0.003548,0.003542,0.003509,0.003516 lang_reps_s=0.008295,0.008330,0.008277,0.008314,0.008323 warmo_reps_s=0.008099,0.008064,0.008431,0.008227,0.008160 coldo_reps_s=0.008405,0.008400,0.008503,0.008488,0.008403
CTR pieces=436950 one=46245 over15=276 thp_kb=26624 cold=64045/355799/17106 lc=0/0 memo=0/0 pass=64045/355799/17106 lc=0/0 memo=0/0 warm=49878/382790/4282 lc=0/0 memo=0/0 lang=59457/360609/16884 lc=0/0 memo=0/0 warmo=59158/361423/16369 lc=0/0 memo=0/0 coldo=64045/355799/17106 lc=0/0 memo=0/0
giga  chunk       0  cold   185.4 MB/s | pass   166.3 MB/s | warm   788.1 MB/s | bpe
GIGA tool=gigatoken version=fac0114b37120ec8a76362e9ee8e1c742aaafaef kind=bpe chunk=0 bytes=2048653 calls=1 ids=486445 cold_s=0.011052 pass_s=0.012322 warm_s=0.002600 lang_s=0.009307 warmo_s=0.002892 coldo_s=0.012394 reps=5 cold_reps=2 load_ms=447 fresh_state_ms=14.278 cache_entries=210519 cache_mib=512 pass_after=other cold_reps_s=0.011364,0.011052 pass_reps_s=0.012394,0.012322,0.012661,0.012451,0.012358 entries_pass=210519 warm_reps_s=0.002607,0.002604,0.002606,0.002600,0.002600 entries_warm=210519 lang_reps_s=0.009370,0.009307,0.009340,0.009340,0.009383 entries_lang=443628 warmo_reps_s=0.002892,0.002902,0.002901,0.002913,0.002906 entries_warmo=443628 coldo_reps_s=0.012394,0.012401
hf    chunk       0      3.18 MB/s   0.755 Mtok/s   644310868 ns/call
REF tool=hf version=0.23.2 chunk=0 bytes=2048653 calls=1 ids=486445 sha=17b1b68db00a8bb7 s=0.644311 reps=3
FIRSTDIFF none
REF tool=gigatoken chunk=0 ids=486445 sha=17b1b68db00a8bb7 hf_nopp_ids=486445 hf_nopp_sha=17b1b68db00a8bb7 same_as_hf_nopp=yes first_diff=none
tikt  chunk       0     28.84 MB/s   6.849 Mtok/s    71023415 ns/call  ids==hf(no post-processor): yes
REF tool=tiktoken version=0.14.0 chunk=0 bytes=2048653 calls=1 ids=486445 sha=17b1b68db00a8bb7 s=0.071023 reps=3 hf_nopp_ids=486445 hf_nopp_sha=17b1b68db00a8bb7 same_as_hf_nopp=yes
EXACT yes toks == hf (486445 17b1b68db00a8bb7)
PINNED cpu 8 siblings 8: 
BUSY cpu8 100% 
LOAD after 1.00 1.16 1.79
== o200k code chunk 4096
LOAD before 1.00 1.16 1.79
PINNED cpu 8 siblings 8: 
toks  chunk    4096  cold   458.7 MB/s 111.06 Mtok/s      8993 ns/call | pass   294.1 MB/s | warm 10120.7 MB/s | floor  55598.7 MB/s (memcpy) x_floor    189 | neon
E2E tool=toks tier=neon chunk=4096 bytes=614699 calls=149 ids=148825 sha=c17b00cc7cbbc568 cold_s=0.001340 pass_s=0.002090 warm_s=0.000061 lang_s=0.001997 warmo_s=0.000167 coldo_s=0.002154 floor_s=0.000011 floor_v=memcpy floor_xor_s=0.000043 floor_memcpy_s=0.000011 floor_nt_s=0.000045 ghz0=3.887 ghz1=3.890 load_ms=312 scratch_mib=6.37 cache_mib=0 memo_mib=4 reps=5 pass_after=other cold_reps_s=0.001723,0.001421,0.001379,0.001351,0.001340 pass_reps_s=0.002103,0.002097,0.002097,0.002090,0.002100 warm_reps_s=0.000061,0.000061,0.000061,0.000061,0.000061 lang_reps_s=0.002012,0.002004,0.002000,0.002006,0.001997 warmo_reps_s=0.000173,0.000170,0.000167,0.000170,0.000168 coldo_reps_s=0.002164,0.002171,0.002156,0.002160,0.002154
CTR pieces=138813 one=19847 over15=1211 thp_kb=26624 cold=128483/4187/6143 lc=0/0 memo=1219648/0 pass=29322/105667/3824 lc=0/0 memo=1219648/0 warm=311/2480/8 lc=0/0 memo=24384/146 lang=24804/110193/3816 lc=0/0 memo=0/0 warmo=869/2658/158 lc=0/0 memo=0/145 coldo=128483/4187/6143 lc=0/0 memo=1219648/0
giga  chunk    4096  cold    97.5 MB/s | pass   123.8 MB/s | warm   713.8 MB/s | bpe
GIGA tool=gigatoken version=fac0114b37120ec8a76362e9ee8e1c742aaafaef kind=bpe chunk=4096 bytes=614699 calls=149 ids=148825 cold_s=0.006302 pass_s=0.004965 warm_s=0.000861 lang_s=0.002193 warmo_s=0.000931 coldo_s=0.006517 reps=5 cold_reps=2 load_ms=447 fresh_state_ms=14.683 cache_entries=197161 cache_mib=512 pass_after=other cold_reps_s=0.006538,0.006302 pass_reps_s=0.005013,0.005008,0.004965,0.004993,0.004982 entries_pass=197161 warm_reps_s=0.000876,0.000861,0.000864,0.000865,0.000862 entries_warm=197161 lang_reps_s=0.002210,0.002193,0.002205,0.002201,0.002201 entries_lang=443630 warmo_reps_s=0.000931,0.000933,0.000933,0.000936,0.000937 entries_warmo=443630 coldo_reps_s=0.006536,0.006517
hf    chunk    4096      5.36 MB/s   1.297 Mtok/s      770021 ns/call
REF tool=hf version=0.23.2 chunk=4096 bytes=614699 calls=149 ids=148825 sha=c17b00cc7cbbc568 s=0.114733 reps=3
FIRSTDIFF none
REF tool=gigatoken chunk=4096 ids=148825 sha=c17b00cc7cbbc568 hf_nopp_ids=148825 hf_nopp_sha=c17b00cc7cbbc568 same_as_hf_nopp=yes first_diff=none
tikt  chunk    4096     28.96 MB/s   7.012 Mtok/s      142443 ns/call  ids==hf(no post-processor): yes
REF tool=tiktoken version=0.14.0 chunk=4096 bytes=614699 calls=149 ids=148825 sha=c17b00cc7cbbc568 s=0.021224 reps=3 hf_nopp_ids=148825 hf_nopp_sha=c17b00cc7cbbc568 same_as_hf_nopp=yes
EXACT yes toks == hf (148825 c17b00cc7cbbc568)
PINNED cpu 8 siblings 8: 
BUSY cpu8 100% 
LOAD after 1.00 1.15 1.78
== o200k code chunk 0
LOAD before 1.00 1.15 1.78
PINNED cpu 8 siblings 8: 
toks  chunk       0  cold   525.6 MB/s 127.24 Mtok/s   1169452 ns/call | pass   299.4 MB/s | warm 14041.9 MB/s | floor  54412.6 MB/s (memcpy) x_floor    182 | neon
E2E tool=toks tier=neon chunk=0 bytes=614699 calls=1 ids=148804 sha=35fab3e9ac4e92b2 cold_s=0.001169 pass_s=0.002053 warm_s=0.000044 lang_s=0.002005 warmo_s=0.001965 coldo_s=0.002078 floor_s=0.000011 floor_v=memcpy floor_xor_s=0.000046 floor_memcpy_s=0.000011 floor_nt_s=0.000045 ghz0=3.890 ghz1=3.892 load_ms=310 scratch_mib=27.11 cache_mib=0 memo_mib=4 reps=5 pass_after=other cold_reps_s=0.001594,0.001252,0.001191,0.001169,0.001170 pass_reps_s=0.002094,0.002070,0.002054,0.002053,0.002055 warm_reps_s=0.000044,0.000045,0.000046,0.000045,0.000045 lang_reps_s=0.002025,0.002005,0.002012,0.002017,0.002011 warmo_reps_s=0.001989,0.001974,0.001972,0.001970,0.001965 coldo_reps_s=0.002135,0.002078,0.002092,0.002097,0.002088
CTR pieces=138789 one=19824 over15=1211 thp_kb=26624 cold=29103/105861/3825 lc=0/0 memo=1209984/0 pass=29103/105861/3825 lc=0/0 memo=1209984/0 warm=0/0/0 lc=0/0 memo=0/1 lang=24781/110191/3817 lc=0/0 memo=0/0 warmo=24700/110355/3734 lc=0/0 memo=0/0 coldo=29103/105861/3825 lc=0/0 memo=1209984/0
giga  chunk       0  cold   168.1 MB/s | pass   123.5 MB/s | warm   720.5 MB/s | bpe
GIGA tool=gigatoken version=fac0114b37120ec8a76362e9ee8e1c742aaafaef kind=bpe chunk=0 bytes=614699 calls=1 ids=148804 cold_s=0.003656 pass_s=0.004978 warm_s=0.000853 lang_s=0.002159 warmo_s=0.000901 coldo_s=0.004981 reps=5 cold_reps=2 load_ms=446 fresh_state_ms=14.604 cache_entries=197162 cache_mib=512 pass_after=other cold_reps_s=0.003960,0.003656 pass_reps_s=0.005012,0.004986,0.004991,0.004981,0.004978 entries_pass=197162 warm_reps_s=0.000860,0.000855,0.000859,0.000860,0.000853 entries_warm=197162 lang_reps_s=0.002164,0.002159,0.002182,0.002168,0.002170 entries_lang=443631 warmo_reps_s=0.000904,0.000905,0.000906,0.000901,0.000906 entries_warmo=443631 coldo_reps_s=0.005593,0.004981
hf    chunk       0      3.70 MB/s   0.896 Mtok/s   166013297 ns/call
REF tool=hf version=0.23.2 chunk=0 bytes=614699 calls=1 ids=148804 sha=35fab3e9ac4e92b2 s=0.166013 reps=3
FIRSTDIFF none
REF tool=gigatoken chunk=0 ids=148804 sha=35fab3e9ac4e92b2 hf_nopp_ids=148804 hf_nopp_sha=35fab3e9ac4e92b2 same_as_hf_nopp=yes first_diff=none
tikt  chunk       0     27.81 MB/s   6.732 Mtok/s    22104310 ns/call  ids==hf(no post-processor): yes
REF tool=tiktoken version=0.14.0 chunk=0 bytes=614699 calls=1 ids=148804 sha=35fab3e9ac4e92b2 s=0.022104 reps=3 hf_nopp_ids=148804 hf_nopp_sha=35fab3e9ac4e92b2 same_as_hf_nopp=yes
EXACT yes toks == hf (148804 35fab3e9ac4e92b2)
PINNED cpu 8 siblings 8: 
BUSY cpu8 100% 
LOAD after 1.00 1.15 1.77
== o200k ml chunk 4096
LOAD before 1.00 1.15 1.77
PINNED cpu 8 siblings 8: 
toks  chunk    4096  cold   109.4 MB/s  27.78 Mtok/s     40825 ns/call | pass   127.7 MB/s | warm   271.1 MB/s | floor  44396.8 MB/s (memcpy) x_floor    348 | neon
E2E tool=toks tier=neon chunk=4096 bytes=6443660 calls=1443 ids=1636582 sha=d5f4dcb8a4c0c1ca cold_s=0.058911 pass_s=0.050454 warm_s=0.023772 lang_s=0.048929 warmo_s=0.030082 coldo_s=0.060673 floor_s=0.000145 floor_v=memcpy floor_xor_s=0.000474 floor_memcpy_s=0.000145 floor_nt_s=0.000526 ghz0=3.892 ghz1=3.891 load_ms=306 scratch_mib=6.37 cache_mib=0 memo_mib=4 reps=5 pass_after=other cold_reps_s=0.060686,0.059451,0.059226,0.059126,0.058911 pass_reps_s=0.050461,0.050463,0.050475,0.050546,0.050454 warm_reps_s=0.023997,0.023837,0.023779,0.023798,0.023772 lang_reps_s=0.048963,0.048976,0.048929,0.048933,0.048964 warmo_reps_s=0.030213,0.030082,0.030094,0.030106,0.030096 coldo_reps_s=0.060773,0.060994,0.061025,0.060688,0.060673
CTR pieces=1187496 one=149877 over15=39097 thp_kb=26624 cold=893587/59059/234850 lc=0/0 memo=13084288/0 pass=177507/878953/131036 lc=0/0 memo=4062912/0 warm=111702/692551/54836 lc=0/0 memo=0/420 lang=173740/882964/130792 lc=0/0 memo=12352/0 warmo=116184/675623/71391 lc=0/0 memo=4055104/415 coldo=893587/59059/234850 lc=0/0 memo=13084288/0
giga  chunk    4096  cold    29.0 MB/s | pass    90.7 MB/s | warm   380.5 MB/s | bpe
GIGA tool=gigatoken version=fac0114b37120ec8a76362e9ee8e1c742aaafaef kind=bpe chunk=4096 bytes=6443660 calls=1443 ids=1636582 cold_s=0.222360 pass_s=0.071026 warm_s=0.016934 lang_s=0.068306 warmo_s=0.017475 coldo_s=0.224100 reps=5 cold_reps=2 load_ms=445 fresh_state_ms=14.766 cache_entries=304852 cache_mib=512 pass_after=other cold_reps_s=0.222360,0.223354 pass_reps_s=0.071390,0.071375,0.071026,0.071225,0.071565 entries_pass=304852 warm_reps_s=0.016934,0.016961,0.016941,0.017002,0.016967 entries_warm=304852 lang_reps_s=0.068306,0.068448,0.069461,0.068427,0.068471 entries_lang=443631 warmo_reps_s=0.017500,0.017475,0.017595,0.017578,0.017674 entries_warmo=443631 coldo_reps_s=0.224100,0.224127
hf    chunk    4096      4.64 MB/s   1.178 Mtok/s      962697 ns/call
REF tool=hf version=0.23.2 chunk=4096 bytes=6443660 calls=1443 ids=1636582 sha=d5f4dcb8a4c0c1ca s=1.389172 reps=3
FIRSTDIFF none
REF tool=gigatoken chunk=4096 ids=1636582 sha=d5f4dcb8a4c0c1ca hf_nopp_ids=1636582 hf_nopp_sha=d5f4dcb8a4c0c1ca same_as_hf_nopp=yes first_diff=none
tikt  chunk    4096     25.71 MB/s   6.529 Mtok/s      173707 ns/call  ids==hf(no post-processor): yes
REF tool=tiktoken version=0.14.0 chunk=4096 bytes=6443660 calls=1443 ids=1636582 sha=d5f4dcb8a4c0c1ca s=0.250659 reps=3 hf_nopp_ids=1636582 hf_nopp_sha=d5f4dcb8a4c0c1ca same_as_hf_nopp=yes
EXACT yes toks == hf (1636582 d5f4dcb8a4c0c1ca)
PINNED cpu 8 siblings 8: 
BUSY cpu8 100% 
LOAD after 1.00 1.10 1.69
== o200k ml chunk 0
LOAD before 1.00 1.10 1.69
PINNED cpu 8 siblings 8: 
toks  chunk       0  cold   138.2 MB/s  35.08 Mtok/s  46632895 ns/call | pass   132.7 MB/s | warm   148.6 MB/s | floor  28390.8 MB/s (memcpy) x_floor    214 | neon
E2E tool=toks tier=neon chunk=0 bytes=6443660 calls=1 ids=1636102 sha=a0926b7bdf84e6a4 cold_s=0.046633 pass_s=0.048548 warm_s=0.043350 lang_s=0.048426 warmo_s=0.047708 coldo_s=0.048377 floor_s=0.000227 floor_v=memcpy floor_xor_s=0.000503 floor_memcpy_s=0.000227 floor_nt_s=0.000485 ghz0=3.892 ghz1=3.893 load_ms=305 scratch_mib=227.23 cache_mib=0 memo_mib=4 reps=5 pass_after=other cold_reps_s=0.050392,0.048034,0.047606,0.046962,0.046633 pass_reps_s=0.048571,0.048548,0.048596,0.048599,0.048720 warm_reps_s=0.043525,0.043567,0.043350,0.043509,0.043522 lang_reps_s=0.048484,0.048426,0.048435,0.048580,0.048567 warmo_reps_s=0.047732,0.047708,0.048051,0.047746,0.048203 coldo_reps_s=0.048377,0.048461,0.048488,0.048566,0.048599
CTR pieces=1186921 one=149377 over15=39097 thp_kb=26624 cold=176960/878933/131028 lc=0/0 memo=0/0 pass=176960/878933/131028 lc=0/0 memo=0/0 warm=169729/900765/116427 lc=0/0 memo=0/0 lang=173239/882898/130784 lc=0/0 memo=0/0 warmo=172499/886645/127777 lc=0/0 memo=0/0 coldo=176960/878933/131028 lc=0/0 memo=0/0
giga  chunk       0  cold    90.4 MB/s | pass    90.5 MB/s | warm   378.5 MB/s | bpe
GIGA tool=gigatoken version=fac0114b37120ec8a76362e9ee8e1c742aaafaef kind=bpe chunk=0 bytes=6443660 calls=1 ids=1636102 cold_s=0.071299 pass_s=0.071207 warm_s=0.017022 lang_s=0.068749 warmo_s=0.017540 coldo_s=0.071348 reps=5 cold_reps=2 load_ms=448 fresh_state_ms=14.639 cache_entries=304846 cache_mib=512 pass_after=other cold_reps_s=0.073781,0.071299 pass_reps_s=0.071327,0.071473,0.071873,0.071207,0.071487 entries_pass=304846 warm_reps_s=0.017135,0.017022,0.017088,0.017096,0.017084 entries_warm=304846 lang_reps_s=0.068944,0.068835,0.068750,0.068805,0.068749 entries_lang=443625 warmo_reps_s=0.017577,0.017549,0.017540,0.017545,0.017550 entries_warmo=443625 coldo_reps_s=0.071348,0.071471
hf    chunk       0      3.03 MB/s   0.768 Mtok/s  2129196923 ns/call
REF tool=hf version=0.23.2 chunk=0 bytes=6443660 calls=1 ids=1636102 sha=a0926b7bdf84e6a4 s=2.129197 reps=3
FIRSTDIFF none
REF tool=gigatoken chunk=0 ids=1636102 sha=a0926b7bdf84e6a4 hf_nopp_ids=1636102 hf_nopp_sha=a0926b7bdf84e6a4 same_as_hf_nopp=yes first_diff=none
tikt  chunk       0     22.86 MB/s   5.804 Mtok/s   281897752 ns/call  ids==hf(no post-processor): yes
REF tool=tiktoken version=0.14.0 chunk=0 bytes=6443660 calls=1 ids=1636102 sha=a0926b7bdf84e6a4 s=0.281898 reps=3 hf_nopp_ids=1636102 hf_nopp_sha=a0926b7bdf84e6a4 same_as_hf_nopp=yes
EXACT yes toks == hf (1636102 a0926b7bdf84e6a4)
PINNED cpu 8 siblings 8: 
BUSY cpu8 100% 
LOAD after 1.00 1.10 1.68
== o200k cjk chunk 4096
LOAD before 1.00 1.10 1.68
PINNED cpu 8 siblings 8: 
toks  chunk    4096  cold   162.2 MB/s  54.94 Mtok/s     25941 ns/call | pass   143.3 MB/s | warm   416.2 MB/s | floor  42296.5 MB/s (memcpy) x_floor    295 | neon
E2E tool=toks tier=neon chunk=4096 bytes=3129985 calls=744 ids=1060348 sha=28db0aa0f8e1383a cold_s=0.019300 pass_s=0.021844 warm_s=0.007521 lang_s=0.020946 warmo_s=0.010124 coldo_s=0.021831 floor_s=0.000074 floor_v=memcpy floor_xor_s=0.000251 floor_memcpy_s=0.000074 floor_nt_s=0.000274 ghz0=3.892 ghz1=3.893 load_ms=302 scratch_mib=6.37 cache_mib=0 memo_mib=4 reps=5 pass_after=other cold_reps_s=0.022236,0.019686,0.019347,0.019300,0.019302 pass_reps_s=0.022060,0.021861,0.021869,0.021878,0.021844 warm_reps_s=0.007579,0.007540,0.007521,0.007529,0.007576 lang_reps_s=0.020978,0.020973,0.020960,0.020946,0.020965 warmo_reps_s=0.010156,0.010191,0.010124,0.010151,0.010164 coldo_reps_s=0.021831,0.021874,0.021868,0.021862,0.021845
CTR pieces=270841 one=17410 over15=74895 thp_kb=26624 cold=111624/15688/143529 lc=0/0 memo=7420416/0 pass=24296/120998/125547 lc=0/0 memo=4059968/0 warm=1073/52388/47614 lc=0/0 memo=0/400 lang=20986/124502/125353 lc=0/0 memo=0/0 warmo=2457/43060/59034 lc=0/0 memo=3422400/394 coldo=111624/15688/143529 lc=0/0 memo=7420416/0
giga  chunk    4096  cold    16.1 MB/s | pass    34.5 MB/s | warm   253.5 MB/s | bpe
GIGA tool=gigatoken version=fac0114b37120ec8a76362e9ee8e1c742aaafaef kind=bpe chunk=4096 bytes=3129985 calls=744 ids=1060348 cold_s=0.194641 pass_s=0.090706 warm_s=0.012349 lang_s=0.089717 warmo_s=0.012928 coldo_s=0.195695 reps=5 cold_reps=2 load_ms=442 fresh_state_ms=14.670 cache_entries=315704 cache_mib=512 pass_after=other cold_reps_s=0.194641,0.195303 pass_reps_s=0.091789,0.090720,0.090910,0.090953,0.090706 entries_pass=315704 warm_reps_s=0.012392,0.012399,0.012405,0.012399,0.012349 entries_warm=315704 lang_reps_s=0.090385,0.089844,0.089822,0.089895,0.089717 entries_lang=443631 warmo_reps_s=0.013142,0.012939,0.012928,0.012945,0.012970 entries_warmo=443631 coldo_reps_s=0.195695,0.196318
hf    chunk    4096      5.36 MB/s   1.817 Mtok/s      784225 ns/call
REF tool=hf version=0.23.2 chunk=4096 bytes=3129985 calls=744 ids=1060348 sha=28db0aa0f8e1383a s=0.583464 reps=3
FIRSTDIFF none
REF tool=gigatoken chunk=4096 ids=1060348 sha=28db0aa0f8e1383a hf_nopp_ids=1060348 hf_nopp_sha=28db0aa0f8e1383a same_as_hf_nopp=yes first_diff=none
tikt  chunk    4096     21.71 MB/s   7.353 Mtok/s      193823 ns/call  ids==hf(no post-processor): yes
REF tool=tiktoken version=0.14.0 chunk=4096 bytes=3129985 calls=744 ids=1060348 sha=28db0aa0f8e1383a s=0.144205 reps=3 hf_nopp_ids=1060348 hf_nopp_sha=28db0aa0f8e1383a same_as_hf_nopp=yes
EXACT yes toks == hf (1060348 28db0aa0f8e1383a)
PINNED cpu 8 siblings 8: 
BUSY cpu8 100% 
LOAD after 1.00 1.08 1.64
== o200k cjk chunk 0
LOAD before 1.00 1.08 1.64
PINNED cpu 8 siblings 8: 
toks  chunk       0  cold   167.1 MB/s  56.60 Mtok/s  18732591 ns/call | pass   151.7 MB/s | warm   190.8 MB/s | floor  27490.5 MB/s (memcpy) x_floor    181 | neon
E2E tool=toks tier=neon chunk=0 bytes=3129985 calls=1 ids=1060268 sha=0302c9a0c42e4651 cold_s=0.018733 pass_s=0.020628 warm_s=0.016408 lang_s=0.020582 warmo_s=0.020434 coldo_s=0.020636 floor_s=0.000114 floor_v=memcpy floor_xor_s=0.000266 floor_memcpy_s=0.000114 floor_nt_s=0.000262 ghz0=3.889 ghz1=3.892 load_ms=310 scratch_mib=113.46 cache_mib=0 memo_mib=4 reps=5 pass_after=other cold_reps_s=0.021802,0.019878,0.019270,0.018923,0.018733 pass_reps_s=0.020628,0.020716,0.020704,0.020761,0.020690 warm_reps_s=0.016408,0.016470,0.016460,0.016439,0.016455 lang_reps_s=0.020584,0.020582,0.020660,0.020622,0.020617 warmo_reps_s=0.020434,0.020448,0.020491,0.020495,0.020522 coldo_reps_s=0.020636,0.020708,0.020665,0.020707,0.020702
CTR pieces=270761 one=17344 over15=74895 thp_kb=26624 cold=24163/121051/125547 lc=0/0 memo=0/0 pass=24163/121051/125547 lc=0/0 memo=0/0 warm=18834/148212/103715 lc=0/0 memo=0/0 lang=20920/124488/125353 lc=0/0 memo=0/0 warmo=20870/125575/124316 lc=0/0 memo=0/0 coldo=24163/121051/125547 lc=0/0 memo=0/0
giga  chunk       0  cold    34.4 MB/s | pass    34.4 MB/s | warm   250.9 MB/s | bpe
GIGA tool=gigatoken version=fac0114b37120ec8a76362e9ee8e1c742aaafaef kind=bpe chunk=0 bytes=3129985 calls=1 ids=1060268 cold_s=0.090882 pass_s=0.090943 warm_s=0.012477 lang_s=0.089523 warmo_s=0.013035 coldo_s=0.090931 reps=5 cold_reps=2 load_ms=446 fresh_state_ms=14.721 cache_entries=315704 cache_mib=512 pass_after=other cold_reps_s=0.091565,0.090882 pass_reps_s=0.090943,0.091484,0.091610,0.091070,0.090983 entries_pass=315704 warm_reps_s=0.012477,0.013093,0.012487,0.012514,0.012498 entries_warm=315704 lang_reps_s=0.091194,0.090204,0.089523,0.089695,0.090099 entries_lang=443631 warmo_reps_s=0.013212,0.013178,0.013277,0.013229,0.013035 entries_warmo=443631 coldo_reps_s=0.090931,0.091017
hf    chunk       0      3.44 MB/s   1.166 Mtok/s   909400624 ns/call
REF tool=hf version=0.23.2 chunk=0 bytes=3129985 calls=1 ids=1060268 sha=0302c9a0c42e4651 s=0.909401 reps=3
FIRSTDIFF none
REF tool=gigatoken chunk=0 ids=1060268 sha=0302c9a0c42e4651 hf_nopp_ids=1060268 hf_nopp_sha=0302c9a0c42e4651 same_as_hf_nopp=yes first_diff=none
tikt  chunk       0     19.92 MB/s   6.747 Mtok/s   157137566 ns/call  ids==hf(no post-processor): yes
REF tool=tiktoken version=0.14.0 chunk=0 bytes=3129985 calls=1 ids=1060268 sha=0302c9a0c42e4651 s=0.157138 reps=3 hf_nopp_ids=1060268 hf_nopp_sha=0302c9a0c42e4651 same_as_hf_nopp=yes
EXACT yes toks == hf (1060268 0302c9a0c42e4651)
PINNED cpu 8 siblings 8: 
BUSY cpu8 100% 
LOAD after 1.00 1.07 1.63
== gemma4 en chunk 4096
LOAD before 1.00 1.07 1.63
PINNED cpu 8 siblings 8: 
toks  chunk    4096  cold   158.3 MB/s  40.75 Mtok/s     26045 ns/call | pass   153.8 MB/s | warm  6111.4 MB/s | floor  49075.4 MB/s (memcpy) x_floor    319 | neon
E2E tool=toks tier=neon chunk=4096 bytes=2048653 calls=497 ids=527531 sha=09870e3388977edc cold_s=0.012944 pass_s=0.013318 warm_s=0.000335 lang_s=0.012761 warmo_s=0.001311 coldo_s=0.015692 floor_s=0.000042 floor_v=memcpy floor_xor_s=0.000153 floor_memcpy_s=0.000042 floor_nt_s=0.000156 ghz0=3.892 ghz1=3.892 load_ms=362 scratch_mib=6.37 cache_mib=0 memo_mib=4 reps=5 pass_after=other cold_reps_s=0.016103,0.013523,0.013035,0.012947,0.012944 pass_reps_s=0.013409,0.013344,0.013356,0.013318,0.013367 warm_reps_s=0.000339,0.000335,0.000353,0.000348,0.000348 lang_reps_s=0.012783,0.012841,0.012776,0.012761,0.012762 warmo_reps_s=0.001315,0.001324,0.001311,0.001327,0.001315 coldo_reps_s=0.015765,0.015692,0.015712,0.015742,0.015715
CTR pieces=497 one=0 over15=497 thp_kb=26624 cold=0/0/0 lc=0/0 memo=4191232/0 pass=0/0/0 lc=0/0 memo=4063104/0 warm=0/0/0 lc=0/0 memo=0/478 lang=0/0/0 lc=0/0 memo=0/0 warmo=0/0/0 lc=0/0 memo=204928/470 coldo=0/0/0 lc=0/0 memo=4191232/0
giga  chunk    4096  cold    31.2 MB/s | pass    68.4 MB/s | warm   314.2 MB/s | spm
GIGA tool=gigatoken version=fac0114b37120ec8a76362e9ee8e1c742aaafaef kind=spm chunk=4096 bytes=2048653 calls=497 ids=527531 cold_s=0.065616 pass_s=0.029930 warm_s=0.006520 lang_s=0.027897 warmo_s=0.009731 coldo_s=0.072394 reps=5 cold_reps=2 load_ms=409 fresh_state_ms=0.077 cache_entries=45010 cache_mib=512 pass_after=other cold_reps_s=0.075669,0.065616 pass_reps_s=0.030106,0.030055,0.029930,0.029984,0.030257 entries_pass=45010 warm_reps_s=0.006520,0.006540,0.006587,0.006558,0.006525 entries_warm=45010 lang_reps_s=0.028295,0.028055,0.028001,0.027897,0.028290 entries_lang=243552 warmo_reps_s=0.009932,0.009820,0.009940,0.009731,0.009919 entries_warmo=243552 coldo_reps_s=0.073291,0.072394
hf    chunk    4096      5.45 MB/s   1.403 Mtok/s      756381 ns/call
REF tool=hf version=0.23.2 chunk=4096 bytes=2048653 calls=497 ids=527531 sha=09870e3388977edc s=0.375921 reps=3
FIRSTDIFF none
REF tool=gigatoken chunk=4096 ids=527531 sha=09870e3388977edc hf_nopp_ids=527531 hf_nopp_sha=09870e3388977edc same_as_hf_nopp=yes first_diff=none
REF tool=tiktoken chunk=4096 na=not_one_split_pattern_plus_bytelevel
EXACT yes toks == hf (527531 09870e3388977edc)
PINNED cpu 8 siblings 8: 
BUSY cpu8 100% 
LOAD after 1.00 1.07 1.62
== gemma4 en chunk 0
LOAD before 1.00 1.07 1.62
PINNED cpu 8 siblings 8: 
toks  chunk       0  cold   209.3 MB/s  53.91 Mtok/s   9785827 ns/call | pass   166.1 MB/s | warm   312.4 MB/s | floor  38858.4 MB/s (memcpy) x_floor    234 | neon
E2E tool=toks tier=neon chunk=0 bytes=2048653 calls=1 ids=527531 sha=09870e3388977edc cold_s=0.009786 pass_s=0.012331 warm_s=0.006557 lang_s=0.012416 warmo_s=0.012285 coldo_s=0.012284 floor_s=0.000053 floor_v=memcpy floor_xor_s=0.000156 floor_memcpy_s=0.000053 floor_nt_s=0.000154 ghz0=3.893 ghz1=3.891 load_ms=360 scratch_mib=76.34 cache_mib=0 memo_mib=4 reps=5 pass_after=other cold_reps_s=0.012510,0.010661,0.010128,0.009885,0.009786 pass_reps_s=0.012376,0.012331,0.012423,0.012410,0.012440 warm_reps_s=0.006670,0.006636,0.006583,0.006557,0.006662 lang_reps_s=0.012460,0.012463,0.012416,0.012440,0.012467 warmo_reps_s=0.012285,0.012285,0.012306,0.012578,0.012349 coldo_reps_s=0.012295,0.012400,0.012284,0.012369,0.012437
CTR pieces=1 one=0 over15=1 thp_kb=26624 cold=0/0/0 lc=0/0 memo=0/0 pass=0/0/0 lc=0/0 memo=0/0 warm=0/0/0 lc=0/0 memo=0/0 lang=0/0/0 lc=0/0 memo=0/0 warmo=0/0/0 lc=0/0 memo=0/0 coldo=0/0/0 lc=0/0 memo=0/0
giga  chunk       0  cold    76.0 MB/s | pass    69.6 MB/s | warm   318.2 MB/s | spm
GIGA tool=gigatoken version=fac0114b37120ec8a76362e9ee8e1c742aaafaef kind=spm chunk=0 bytes=2048653 calls=1 ids=527531 cold_s=0.026973 pass_s=0.029434 warm_s=0.006439 lang_s=0.027626 warmo_s=0.009641 coldo_s=0.029631 reps=5 cold_reps=2 load_ms=409 fresh_state_ms=0.079 cache_entries=44777 cache_mib=512 pass_after=other cold_reps_s=0.029508,0.026973 pass_reps_s=0.029434,0.029657,0.029622,0.029707,0.029493 entries_pass=44777 warm_reps_s=0.006467,0.006473,0.006494,0.006479,0.006439 entries_warm=44777 lang_reps_s=0.027964,0.027720,0.027626,0.027664,0.027683 entries_lang=243327 warmo_reps_s=0.009765,0.009796,0.009641,0.009700,0.009699 entries_warmo=243327 coldo_reps_s=0.029631,0.029710
hf    chunk       0      2.00 MB/s   0.516 Mtok/s  1022449682 ns/call
REF tool=hf version=0.23.2 chunk=0 bytes=2048653 calls=1 ids=527531 sha=09870e3388977edc s=1.022450 reps=3
FIRSTDIFF none
REF tool=gigatoken chunk=0 ids=527531 sha=09870e3388977edc hf_nopp_ids=527531 hf_nopp_sha=09870e3388977edc same_as_hf_nopp=yes first_diff=none
REF tool=tiktoken chunk=0 na=not_one_split_pattern_plus_bytelevel
EXACT yes toks == hf (527531 09870e3388977edc)
PINNED cpu 8 siblings 8: 
BUSY cpu8 100% 
LOAD after 1.00 1.07 1.61
== gemma4 code chunk 4096
LOAD before 1.00 1.07 1.61
PINNED cpu 8 siblings 8: 
toks  chunk    4096  cold   162.5 MB/s  46.66 Mtok/s     25386 ns/call | pass   171.0 MB/s | warm 13755.0 MB/s | floor  51638.0 MB/s (memcpy) x_floor    302 | neon
E2E tool=toks tier=neon chunk=4096 bytes=614699 calls=149 ids=176484 sha=48cda16b7365ed5a cold_s=0.003782 pass_s=0.003594 warm_s=0.000045 lang_s=0.003578 warmo_s=0.000268 coldo_s=0.004816 floor_s=0.000012 floor_v=memcpy floor_xor_s=0.000046 floor_memcpy_s=0.000012 floor_nt_s=0.000048 ghz0=3.892 ghz1=3.891 load_ms=363 scratch_mib=6.37 cache_mib=0 memo_mib=4 reps=5 pass_after=other cold_reps_s=0.004431,0.003895,0.003826,0.003808,0.003782 pass_reps_s=0.003594,0.003629,0.003608,0.003624,0.003723 warm_reps_s=0.000045,0.000045,0.000045,0.000045,0.000045 lang_reps_s=0.003578,0.003592,0.003594,0.003597,0.003663 warmo_reps_s=0.000272,0.000272,0.000274,0.000268,0.000277 coldo_reps_s=0.004820,0.004827,0.004823,0.004832,0.004816
CTR pieces=149 one=0 over15=149 thp_kb=26624 cold=0/0/0 lc=0/0 memo=1330048/0 pass=0/0/0 lc=0/0 memo=1330048/0 warm=0/0/0 lc=0/0 memo=0/149 lang=0/0/0 lc=0/0 memo=0/0 warmo=0/0/0 lc=0/0 memo=29248/145 coldo=0/0/0 lc=0/0 memo=1330048/0
giga  chunk    4096  cold    36.4 MB/s | pass    55.1 MB/s | warm   376.4 MB/s | spm
GIGA tool=gigatoken version=fac0114b37120ec8a76362e9ee8e1c742aaafaef kind=spm chunk=4096 bytes=614699 calls=149 ids=176484 cold_s=0.016901 pass_s=0.011158 warm_s=0.001633 lang_s=0.010154 warmo_s=0.003143 coldo_s=0.019591 reps=5 cold_reps=2 load_ms=407 fresh_state_ms=0.063 cache_entries=16272 cache_mib=512 pass_after=other cold_reps_s=0.020971,0.016901 pass_reps_s=0.011171,0.011190,0.011158,0.011357,0.011205 entries_pass=16272 warm_reps_s=0.001764,0.001648,0.001638,0.001657,0.001633 entries_warm=16272 lang_reps_s=0.010341,0.010162,0.010154,0.010299,0.010351 entries_lang=243549 warmo_reps_s=0.003198,0.003223,0.003143,0.003224,0.003209 entries_warmo=243549 coldo_reps_s=0.020106,0.019591
hf    chunk    4096      5.47 MB/s   1.572 Mtok/s      753565 ns/call
REF tool=hf version=0.23.2 chunk=4096 bytes=614699 calls=149 ids=176484 sha=48cda16b7365ed5a s=0.112281 reps=3
FIRSTDIFF none
REF tool=gigatoken chunk=4096 ids=176484 sha=48cda16b7365ed5a hf_nopp_ids=176484 hf_nopp_sha=48cda16b7365ed5a same_as_hf_nopp=yes first_diff=none
REF tool=tiktoken chunk=4096 na=not_one_split_pattern_plus_bytelevel
EXACT yes toks == hf (176484 48cda16b7365ed5a)
PINNED cpu 8 siblings 8: 
BUSY cpu8 100% 
LOAD after 1.00 1.07 1.61
== gemma4 code chunk 0
LOAD before 1.00 1.07 1.61
PINNED cpu 8 siblings 8: 
toks  chunk       0  cold   264.5 MB/s  75.93 Mtok/s   2324087 ns/call | pass   176.6 MB/s | warm 12944.3 MB/s | floor  50352.1 MB/s (memcpy) x_floor    285 | neon
E2E tool=toks tier=neon chunk=0 bytes=614699 calls=1 ids=176460 sha=3f54c1cb7cbec863 cold_s=0.002324 pass_s=0.003481 warm_s=0.000047 lang_s=0.003498 warmo_s=0.003460 coldo_s=0.003454 floor_s=0.000012 floor_v=memcpy floor_xor_s=0.000048 floor_memcpy_s=0.000012 floor_nt_s=0.000048 ghz0=3.891 ghz1=3.892 load_ms=365 scratch_mib=27.11 cache_mib=0 memo_mib=4 reps=5 pass_after=other cold_reps_s=0.003296,0.002450,0.002370,0.002324,0.002332 pass_reps_s=0.003498,0.003485,0.003488,0.003481,0.003482 warm_reps_s=0.000049,0.000048,0.000049,0.000048,0.000047 lang_reps_s=0.003507,0.003498,0.003511,0.003511,0.003515 warmo_reps_s=0.003469,0.003479,0.003472,0.003461,0.003460 coldo_reps_s=0.003454,0.003474,0.003483,0.003458,0.003469
CTR pieces=1 one=0 over15=1 thp_kb=26624 cold=0/0/0 lc=0/0 memo=1320576/0 pass=0/0/0 lc=0/0 memo=1320576/0 warm=0/0/0 lc=0/0 memo=0/1 lang=0/0/0 lc=0/0 memo=0/0 warmo=0/0/0 lc=0/0 memo=0/0 coldo=0/0/0 lc=0/0 memo=1320576/0
giga  chunk       0  cold    64.8 MB/s | pass    55.5 MB/s | warm   379.5 MB/s | spm
GIGA tool=gigatoken version=fac0114b37120ec8a76362e9ee8e1c742aaafaef kind=spm chunk=0 bytes=614699 calls=1 ids=176460 cold_s=0.009486 pass_s=0.011077 warm_s=0.001620 lang_s=0.010050 warmo_s=0.003082 coldo_s=0.011079 reps=5 cold_reps=2 load_ms=409 fresh_state_ms=0.080 cache_entries=16258 cache_mib=512 pass_after=other cold_reps_s=0.011081,0.009486 pass_reps_s=0.011178,0.011084,0.011097,0.011077,0.011145 entries_pass=16258 warm_reps_s=0.001713,0.001644,0.001620,0.001651,0.001648 entries_warm=16258 lang_reps_s=0.010291,0.010108,0.010076,0.010078,0.010050 entries_lang=243537 warmo_reps_s=0.003144,0.003157,0.003164,0.003104,0.003082 entries_warmo=243537 coldo_reps_s=0.011114,0.011079
hf    chunk       0      3.03 MB/s   0.870 Mtok/s   202758004 ns/call
REF tool=hf version=0.23.2 chunk=0 bytes=614699 calls=1 ids=176460 sha=3f54c1cb7cbec863 s=0.202758 reps=3
FIRSTDIFF none
REF tool=gigatoken chunk=0 ids=176460 sha=3f54c1cb7cbec863 hf_nopp_ids=176460 hf_nopp_sha=3f54c1cb7cbec863 same_as_hf_nopp=yes first_diff=none
REF tool=tiktoken chunk=0 na=not_one_split_pattern_plus_bytelevel
EXACT yes toks == hf (176460 3f54c1cb7cbec863)
PINNED cpu 8 siblings 8: 
BUSY cpu8 100% 
LOAD after 1.00 1.06 1.60
== gemma4 ml chunk 4096
LOAD before 1.00 1.06 1.60
PINNED cpu 8 siblings 8: 
toks  chunk    4096  cold    89.7 MB/s  25.29 Mtok/s     49774 ns/call | pass   108.9 MB/s | warm   183.3 MB/s | floor  43341.2 MB/s (memcpy) x_floor    398 | neon
E2E tool=toks tier=neon chunk=4096 bytes=6443660 calls=1443 ids=1816536 sha=47721f7e6f57bff0 cold_s=0.071824 pass_s=0.059152 warm_s=0.035144 lang_s=0.057650 warmo_s=0.038624 coldo_s=0.073460 floor_s=0.000149 floor_v=memcpy floor_xor_s=0.000487 floor_memcpy_s=0.000149 floor_nt_s=0.000548 ghz0=3.885 ghz1=3.889 load_ms=360 scratch_mib=6.37 cache_mib=0 memo_mib=4 reps=5 pass_after=other cold_reps_s=0.073128,0.072290,0.071843,0.072154,0.071824 pass_reps_s=0.059152,0.059162,0.059390,0.059225,0.059239 warm_reps_s=0.035322,0.035180,0.035260,0.035313,0.035144 lang_reps_s=0.057650,0.057683,0.057708,0.057735,0.057749 warmo_reps_s=0.038624,0.038695,0.038748,0.038763,0.038680 coldo_reps_s=0.073532,0.073614,0.073543,0.073544,0.073460
CTR pieces=1443 one=0 over15=1443 thp_kb=26624 cold=0/0/0 lc=0/0 memo=13804480/0 pass=0/0/0 lc=0/0 memo=4072448/0 warm=0/0/0 lc=0/0 memo=4053248/392 lang=0/0/0 lc=0/0 memo=9152/0 warmo=0/0/0 lc=0/0 memo=4053248/392 coldo=0/0/0 lc=0/0 memo=13804480/0
giga  chunk    4096  cold    35.6 MB/s | pass    64.2 MB/s | warm   264.0 MB/s | spm
GIGA tool=gigatoken version=fac0114b37120ec8a76362e9ee8e1c742aaafaef kind=spm chunk=4096 bytes=6443660 calls=1443 ids=1816536 cold_s=0.181069 pass_s=0.100386 warm_s=0.024405 lang_s=0.100556 warmo_s=0.028140 coldo_s=0.184589 reps=5 cold_reps=2 load_ms=407 fresh_state_ms=0.143 cache_entries=166122 cache_mib=512 pass_after=other cold_reps_s=0.230154,0.181069 pass_reps_s=0.104443,0.100671,0.100386,0.105354,0.101059 entries_pass=166122 warm_reps_s=0.025234,0.024405,0.024655,0.025327,0.024856 entries_warm=166122 lang_reps_s=0.104801,0.100556,0.100766,0.106499,0.105093 entries_lang=243549 warmo_reps_s=0.028474,0.028140,0.028270,0.028503,0.028242 entries_warmo=243549 coldo_reps_s=0.184589,0.184673
hf    chunk    4096      6.42 MB/s   1.811 Mtok/s      695259 ns/call
REF tool=hf version=0.23.2 chunk=4096 bytes=6443660 calls=1443 ids=1816536 sha=47721f7e6f57bff0 s=1.003258 reps=3
FIRSTDIFF none
REF tool=gigatoken chunk=4096 ids=1816536 sha=47721f7e6f57bff0 hf_nopp_ids=1816536 hf_nopp_sha=47721f7e6f57bff0 same_as_hf_nopp=yes first_diff=none
REF tool=tiktoken chunk=4096 na=not_one_split_pattern_plus_bytelevel
EXACT yes toks == hf (1816536 47721f7e6f57bff0)
PINNED cpu 8 siblings 8: 
BUSY cpu8 100% 
LOAD after 1.00 1.06 1.59
== gemma4 ml chunk 0
LOAD before 1.00 1.06 1.59
PINNED cpu 8 siblings 8: 
toks  chunk       0  cold   118.8 MB/s  33.49 Mtok/s  54224339 ns/call | pass   114.3 MB/s | warm   123.1 MB/s | floor  26860.8 MB/s (memcpy) x_floor    235 | neon
E2E tool=toks tier=neon chunk=0 bytes=6443660 calls=1 ids=1816053 sha=2c9814edfdf61d42 cold_s=0.054224 pass_s=0.056376 warm_s=0.052347 lang_s=0.056306 warmo_s=0.055643 coldo_s=0.056419 floor_s=0.000240 floor_v=memcpy floor_xor_s=0.000518 floor_memcpy_s=0.000240 floor_nt_s=0.000508 ghz0=3.893 ghz1=3.891 load_ms=364 scratch_mib=227.23 cache_mib=0 memo_mib=4 reps=5 pass_after=other cold_reps_s=0.059827,0.055450,0.054644,0.054646,0.054224 pass_reps_s=0.056525,0.056376,0.056517,0.056542,0.056553 warm_reps_s=0.052874,0.052771,0.052769,0.052627,0.052347 lang_reps_s=0.056348,0.056306,0.056396,0.056826,0.056504 warmo_reps_s=0.055858,0.056007,0.055764,0.055643,0.055709 coldo_reps_s=0.056419,0.056433,0.056539,0.056440,0.056496
CTR pieces=1 one=0 over15=1 thp_kb=26624 cold=0/0/0 lc=0/0 memo=0/0 pass=0/0/0 lc=0/0 memo=0/0 warm=0/0/0 lc=0/0 memo=0/0 lang=0/0/0 lc=0/0 memo=0/0 warmo=0/0/0 lc=0/0 memo=0/0 coldo=0/0/0 lc=0/0 memo=0/0
giga  chunk       0  cold    63.9 MB/s | pass    65.0 MB/s | warm   256.0 MB/s | spm
GIGA tool=gigatoken version=fac0114b37120ec8a76362e9ee8e1c742aaafaef kind=spm chunk=0 bytes=6443660 calls=1 ids=1816053 cold_s=0.100818 pass_s=0.099109 warm_s=0.025172 lang_s=0.100192 warmo_s=0.027995 coldo_s=0.099122 reps=5 cold_reps=2 load_ms=407 fresh_state_ms=0.135 cache_entries=165401 cache_mib=512 pass_after=other cold_reps_s=0.102112,0.100818 pass_reps_s=0.099109,0.099571,0.099260,0.099264,0.099493 entries_pass=165401 warm_reps_s=0.025253,0.025316,0.025374,0.025172,0.025301 entries_warm=165401 lang_reps_s=0.105683,0.104416,0.100192,0.100322,0.100459 entries_lang=242859 warmo_reps_s=0.027995,0.028493,0.028272,0.028199,0.028332 entries_warmo=242859 coldo_reps_s=0.099489,0.099122
hf    chunk       0      2.12 MB/s   0.599 Mtok/s  3033643843 ns/call
REF tool=hf version=0.23.2 chunk=0 bytes=6443660 calls=1 ids=1816053 sha=2c9814edfdf61d42 s=3.033644 reps=3
FIRSTDIFF none
REF tool=gigatoken chunk=0 ids=1816053 sha=2c9814edfdf61d42 hf_nopp_ids=1816053 hf_nopp_sha=2c9814edfdf61d42 same_as_hf_nopp=yes first_diff=none
REF tool=tiktoken chunk=0 na=not_one_split_pattern_plus_bytelevel
EXACT yes toks == hf (1816053 2c9814edfdf61d42)
PINNED cpu 8 siblings 8: 
BUSY cpu8 100% 
LOAD after 1.00 1.05 1.58
== gemma4 cjk chunk 4096
LOAD before 1.00 1.05 1.58
PINNED cpu 8 siblings 8: 
toks  chunk    4096  cold   190.1 MB/s  59.67 Mtok/s     22126 ns/call | pass   192.0 MB/s | warm   694.3 MB/s | floor  43413.5 MB/s (memcpy) x_floor    226 | neon
E2E tool=toks tier=neon chunk=4096 bytes=3129985 calls=744 ids=982271 sha=06e87199707be2c8 cold_s=0.016462 pass_s=0.016303 warm_s=0.004508 lang_s=0.015618 warmo_s=0.007447 coldo_s=0.018928 floor_s=0.000072 floor_v=memcpy floor_xor_s=0.000245 floor_memcpy_s=0.000072 floor_nt_s=0.000256 ghz0=3.893 ghz1=3.893 load_ms=362 scratch_mib=6.37 cache_mib=0 memo_mib=4 reps=5 pass_after=other cold_reps_s=0.018878,0.016839,0.016601,0.016462,0.016465 pass_reps_s=0.016387,0.016303,0.016403,0.016450,0.016343 warm_reps_s=0.004584,0.004565,0.004527,0.004569,0.004508 lang_reps_s=0.015618,0.015726,0.015705,0.015630,0.015684 warmo_reps_s=0.007632,0.007565,0.007630,0.007447,0.007624 coldo_reps_s=0.018970,0.018928,0.019035,0.019130,0.019146
CTR pieces=744 one=0 over15=744 thp_kb=26624 cold=0/0/0 lc=0/0 memo=7108224/0 pass=0/0/0 lc=0/0 memo=4062400/0 warm=0/0/0 lc=0/0 memo=0/414 lang=0/0/0 lc=0/0 memo=0/0 warmo=0/0/0 lc=0/0 memo=3045824/413 coldo=0/0/0 lc=0/0 memo=7108224/0
giga  chunk    4096  cold    73.8 MB/s | pass    87.4 MB/s | warm  1229.4 MB/s | spm
GIGA tool=gigatoken version=fac0114b37120ec8a76362e9ee8e1c742aaafaef kind=spm chunk=4096 bytes=3129985 calls=744 ids=982271 cold_s=0.042402 pass_s=0.035804 warm_s=0.002546 lang_s=0.033423 warmo_s=0.003824 coldo_s=0.047434 reps=5 cold_reps=2 load_ms=405 fresh_state_ms=0.086 cache_entries=22738 cache_mib=512 pass_after=other cold_reps_s=0.048077,0.042402 pass_reps_s=0.035804,0.036089,0.035964,0.035977,0.036115 entries_pass=22738 warm_reps_s=0.002546,0.002569,0.002629,0.002566,0.002617 entries_warm=22738 lang_reps_s=0.035934,0.033462,0.033476,0.033716,0.033423 entries_lang=243550 warmo_reps_s=0.003945,0.003824,0.003865,0.003900,0.003848 entries_warmo=243550 coldo_reps_s=0.047434,0.047881
hf    chunk    4096     11.30 MB/s   3.547 Mtok/s      372185 ns/call
REF tool=hf version=0.23.2 chunk=4096 bytes=3129985 calls=744 ids=982271 sha=06e87199707be2c8 s=0.276906 reps=3
FIRSTDIFF none
REF tool=gigatoken chunk=4096 ids=982271 sha=06e87199707be2c8 hf_nopp_ids=982271 hf_nopp_sha=06e87199707be2c8 same_as_hf_nopp=yes first_diff=none
REF tool=tiktoken chunk=4096 na=not_one_split_pattern_plus_bytelevel
EXACT yes toks == hf (982271 06e87199707be2c8)
PINNED cpu 8 siblings 8: 
BUSY cpu8 100% 
LOAD after 1.00 1.05 1.57
== gemma4 cjk chunk 0
LOAD before 1.00 1.05 1.57
PINNED cpu 8 siblings 8: 
toks  chunk       0  cold   236.6 MB/s  74.26 Mtok/s  13227254 ns/call | pass   209.4 MB/s | warm   294.3 MB/s | floor  32690.8 MB/s (memcpy) x_floor    156 | neon
E2E tool=toks tier=neon chunk=0 bytes=3129985 calls=1 ids=982205 sha=f7330b2056cd4e2c cold_s=0.013227 pass_s=0.014947 warm_s=0.010636 lang_s=0.014946 warmo_s=0.014959 coldo_s=0.014930 floor_s=0.000096 floor_v=memcpy floor_xor_s=0.000254 floor_memcpy_s=0.000096 floor_nt_s=0.000256 ghz0=3.891 ghz1=3.894 load_ms=362 scratch_mib=113.46 cache_mib=0 memo_mib=4 reps=5 pass_after=other cold_reps_s=0.016351,0.014041,0.013466,0.013376,0.013227 pass_reps_s=0.014947,0.015120,0.015049,0.015130,0.015169 warm_reps_s=0.010636,0.010701,0.010696,0.010725,0.010679 lang_reps_s=0.014946,0.015066,0.015227,0.015151,0.015057 warmo_reps_s=0.015009,0.015312,0.014981,0.014959,0.015006 coldo_reps_s=0.015027,0.015090,0.014999,0.014935,0.014930
CTR pieces=1 one=0 over15=1 thp_kb=26624 cold=0/0/0 lc=0/0 memo=0/0 pass=0/0/0 lc=0/0 memo=0/0 warm=0/0/0 lc=0/0 memo=0/0 lang=0/0/0 lc=0/0 memo=0/0 warmo=0/0/0 lc=0/0 memo=0/0 coldo=0/0/0 lc=0/0 memo=0/0
giga  chunk       0  cold    91.7 MB/s | pass    89.6 MB/s | warm  1242.5 MB/s | spm
GIGA tool=gigatoken version=fac0114b37120ec8a76362e9ee8e1c742aaafaef kind=spm chunk=0 bytes=3129985 calls=1 ids=982205 cold_s=0.034138 pass_s=0.034952 warm_s=0.002519 lang_s=0.033121 warmo_s=0.003866 coldo_s=0.035114 reps=5 cold_reps=2 load_ms=409 fresh_state_ms=0.083 cache_entries=22042 cache_mib=512 pass_after=other cold_reps_s=0.036265,0.034138 pass_reps_s=0.035140,0.035173,0.034985,0.034994,0.034952 entries_pass=22042 warm_reps_s=0.002602,0.002582,0.002563,0.002519,0.002535 entries_warm=22042 lang_reps_s=0.035796,0.033121,0.033277,0.033157,0.033215 entries_lang=242865 warmo_reps_s=0.003915,0.003866,0.003918,0.003893,0.003894 entries_warmo=242865 coldo_reps_s=0.035114,0.035283
hf    chunk       0      5.99 MB/s   1.880 Mtok/s   522551673 ns/call
REF tool=hf version=0.23.2 chunk=0 bytes=3129985 calls=1 ids=982205 sha=f7330b2056cd4e2c s=0.522552 reps=3
FIRSTDIFF none
REF tool=gigatoken chunk=0 ids=982205 sha=f7330b2056cd4e2c hf_nopp_ids=982205 hf_nopp_sha=f7330b2056cd4e2c same_as_hf_nopp=yes first_diff=none
REF tool=tiktoken chunk=0 na=not_one_split_pattern_plus_bytelevel
EXACT yes toks == hf (982205 f7330b2056cd4e2c)
PINNED cpu 8 siblings 8: 
BUSY cpu8 100% 
LOAD after 1.00 1.05 1.56
== nemotron3-4b en chunk 4096
LOAD before 1.00 1.05 1.56
PINNED cpu 8 siblings 8: 
toks  chunk    4096  cold   228.3 MB/s  60.98 Mtok/s     18059 ns/call | pass   249.8 MB/s | warm  6245.2 MB/s | floor  49265.4 MB/s (memcpy) x_floor    197 | neon
E2E tool=toks tier=neon chunk=4096 bytes=2048653 calls=497 ids=547308 sha=c28522da4e76c6f2 cold_s=0.008975 pass_s=0.008200 warm_s=0.000328 lang_s=0.007408 warmo_s=0.001126 coldo_s=0.010420 floor_s=0.000042 floor_v=memcpy floor_xor_s=0.000151 floor_memcpy_s=0.000042 floor_nt_s=0.000157 ghz0=3.891 ghz1=3.894 load_ms=187 scratch_mib=6.37 cache_mib=0 memo_mib=4 reps=5 pass_after=other cold_reps_s=0.011252,0.009234,0.009001,0.009004,0.008975 pass_reps_s=0.008236,0.008236,0.008200,0.008216,0.008207 warm_reps_s=0.000345,0.000346,0.000345,0.000328,0.000346 lang_reps_s=0.007467,0.007474,0.007463,0.007408,0.007457 warmo_reps_s=0.001172,0.001166,0.001126,0.001150,0.001141 coldo_reps_s=0.010426,0.010451,0.010420,0.010463,0.010436
CTR pieces=437849 one=47617 over15=276 thp_kb=20480 cold=357151/30501/50197 lc=0/0 memo=4271616/0 pass=62174/350764/24911 lc=0/0 memo=4062272/0 warm=2951/21492/396 lc=0/0 memo=0/469 lang=58082/355212/24555 lc=0/0 memo=0/0 warmo=5950/22087/2706 lc=0/0 memo=286528/462 coldo=357151/30501/50197 lc=0/0 memo=4271616/0
giga  chunk    4096  cold    52.9 MB/s | pass   206.6 MB/s | warm   638.8 MB/s | bpe
GIGA tool=gigatoken version=fac0114b37120ec8a76362e9ee8e1c742aaafaef kind=bpe chunk=4096 bytes=2048653 calls=497 ids=547308 cold_s=0.038730 pass_s=0.009918 warm_s=0.003207 lang_s=0.008753 warmo_s=0.002655 coldo_s=0.039111 reps=5 cold_reps=2 load_ms=267 fresh_state_ms=8.028 cache_entries=147442 cache_mib=512 pass_after=other cold_reps_s=0.038730,0.038825 pass_reps_s=0.009919,0.009967,0.009955,0.009968,0.009918 entries_pass=147442 warm_reps_s=0.003215,0.003219,0.003207,0.003211,0.003211 entries_warm=147442 lang_reps_s=0.008786,0.008753,0.008804,0.008807,0.008804 entries_lang=382483 warmo_reps_s=0.002670,0.002668,0.002679,0.002655,0.002672 entries_warmo=382483 coldo_reps_s=0.039111,0.039442
hf    chunk    4096      5.46 MB/s   1.457 Mtok/s      755616 ns/call
REF tool=hf version=0.23.2 chunk=4096 bytes=2048653 calls=497 ids=547308 sha=c28522da4e76c6f2 s=0.375541 reps=3
FIRSTDIFF none
REF tool=gigatoken chunk=4096 ids=547308 sha=c28522da4e76c6f2 hf_nopp_ids=547308 hf_nopp_sha=c28522da4e76c6f2 same_as_hf_nopp=yes first_diff=none
tikt  chunk    4096     32.46 MB/s   8.673 Mtok/s      126970 ns/call  ids==hf(no post-processor): yes
REF tool=tiktoken version=0.14.0 chunk=4096 bytes=2048653 calls=497 ids=547308 sha=c28522da4e76c6f2 s=0.063104 reps=3 hf_nopp_ids=547308 hf_nopp_sha=c28522da4e76c6f2 same_as_hf_nopp=yes
EXACT yes toks == hf (547308 c28522da4e76c6f2)
PINNED cpu 8 siblings 8: 
BUSY cpu8 100% 
LOAD after 1.00 1.05 1.54
== nemotron3-4b en chunk 0
LOAD before 1.00 1.05 1.54
PINNED cpu 8 siblings 8: 
toks  chunk       0  cold   326.1 MB/s  87.11 Mtok/s   6282927 ns/call | pass   274.5 MB/s | warm   578.0 MB/s | floor  34438.1 MB/s (memcpy) x_floor    125 | neon
E2E tool=toks tier=neon chunk=0 bytes=2048653 calls=1 ids=547308 sha=c28522da4e76c6f2 cold_s=0.006283 pass_s=0.007464 warm_s=0.003545 lang_s=0.007385 warmo_s=0.007186 coldo_s=0.007566 floor_s=0.000059 floor_v=memcpy floor_xor_s=0.000160 floor_memcpy_s=0.000059 floor_nt_s=0.000158 ghz0=3.893 ghz1=3.887 load_ms=187 scratch_mib=76.34 cache_mib=0 memo_mib=4 reps=5 pass_after=other cold_reps_s=0.007944,0.006684,0.006405,0.006339,0.006283 pass_reps_s=0.007542,0.007540,0.007467,0.007536,0.007464 warm_reps_s=0.003545,0.003572,0.003607,0.003573,0.003585 lang_reps_s=0.007401,0.007394,0.007385,0.007411,0.007412 warmo_reps_s=0.007190,0.007196,0.007289,0.007186,0.007310 coldo_reps_s=0.007663,0.007641,0.007653,0.007580,0.007566
CTR pieces=437783 one=47617 over15=276 thp_kb=20480 cold=62112/350699/24972 lc=0/0 memo=0/0 pass=62112/350699/24972 lc=0/0 memo=0/0 warm=50532/377117/10134 lc=0/0 memo=0/0 lang=58082/355085/24616 lc=0/0 memo=0/0 warmo=57823/356044/23916 lc=0/0 memo=0/0 coldo=62112/350699/24972 lc=0/0 memo=0/0
giga  chunk       0  cold   218.4 MB/s | pass   210.7 MB/s | warm   655.7 MB/s | bpe
GIGA tool=gigatoken version=fac0114b37120ec8a76362e9ee8e1c742aaafaef kind=bpe chunk=0 bytes=2048653 calls=1 ids=547308 cold_s=0.009378 pass_s=0.009725 warm_s=0.003124 lang_s=0.008673 warmo_s=0.002596 coldo_s=0.009746 reps=5 cold_reps=2 load_ms=281 fresh_state_ms=7.936 cache_entries=147440 cache_mib=512 pass_after=other cold_reps_s=0.009558,0.009378 pass_reps_s=0.009778,0.009725,0.009730,0.009796,0.009782 entries_pass=147440 warm_reps_s=0.003124,0.003131,0.003127,0.003132,0.003135 entries_warm=147440 lang_reps_s=0.008693,0.008673,0.008681,0.008679,0.008694 entries_lang=382481 warmo_reps_s=0.002606,0.002596,0.002605,0.002601,0.002603 entries_warmo=382481 coldo_reps_s=0.009752,0.009746
hf    chunk       0      3.28 MB/s   0.877 Mtok/s   624402231 ns/call
REF tool=hf version=0.23.2 chunk=0 bytes=2048653 calls=1 ids=547308 sha=c28522da4e76c6f2 s=0.624402 reps=3
FIRSTDIFF none
REF tool=gigatoken chunk=0 ids=547308 sha=c28522da4e76c6f2 hf_nopp_ids=547308 hf_nopp_sha=c28522da4e76c6f2 same_as_hf_nopp=yes first_diff=none
tikt  chunk       0     27.53 MB/s   7.355 Mtok/s    74408506 ns/call  ids==hf(no post-processor): yes
REF tool=tiktoken version=0.14.0 chunk=0 bytes=2048653 calls=1 ids=547308 sha=c28522da4e76c6f2 s=0.074409 reps=3 hf_nopp_ids=547308 hf_nopp_sha=c28522da4e76c6f2 same_as_hf_nopp=yes
EXACT yes toks == hf (547308 c28522da4e76c6f2)
PINNED cpu 8 siblings 8: 
BUSY cpu8 100% 
LOAD after 1.00 1.04 1.54
== nemotron3-4b code chunk 4096
LOAD before 1.00 1.04 1.54
PINNED cpu 8 siblings 8: 
toks  chunk    4096  cold   380.7 MB/s  97.56 Mtok/s     10838 ns/call | pass   317.2 MB/s | warm  8055.8 MB/s | floor  53732.4 MB/s (memcpy) x_floor    169 | neon
E2E tool=toks tier=neon chunk=4096 bytes=614699 calls=149 ids=157548 sha=46a55e5c9d1a3cbc cold_s=0.001615 pass_s=0.001938 warm_s=0.000076 lang_s=0.001830 warmo_s=0.000247 coldo_s=0.002195 floor_s=0.000011 floor_v=memcpy floor_xor_s=0.000044 floor_memcpy_s=0.000011 floor_nt_s=0.000046 ghz0=3.889 ghz1=3.891 load_ms=188 scratch_mib=6.37 cache_mib=0 memo_mib=4 reps=5 pass_after=other cold_reps_s=0.002003,0.001691,0.001643,0.001624,0.001615 pass_reps_s=0.001952,0.001939,0.001939,0.001959,0.001938 warm_reps_s=0.000077,0.000077,0.000079,0.000076,0.000077 lang_reps_s=0.001830,0.001845,0.001834,0.001858,0.001832 warmo_reps_s=0.000248,0.000253,0.000247,0.000249,0.000248 coldo_reps_s=0.002195,0.002217,0.002198,0.002222,0.002223
CTR pieces=141444 one=24161 over15=1211 thp_kb=20480 cold=126044/6943/8457 lc=0/0 memo=1254464/0 pass=32299/104521/4624 lc=0/0 memo=1254464/0 warm=197/2085/46 lc=0/0 memo=22720/146 lang=28085/108750/4609 lc=0/0 memo=0/0 warmo=1388/4339/360 lc=0/0 memo=39104/142 coldo=126044/6943/8457 lc=0/0 memo=1254464/0
giga  chunk    4096  cold    85.4 MB/s | pass   245.0 MB/s | warm   685.1 MB/s | bpe
GIGA tool=gigatoken version=fac0114b37120ec8a76362e9ee8e1c742aaafaef kind=bpe chunk=4096 bytes=614699 calls=149 ids=157548 cold_s=0.007197 pass_s=0.002509 warm_s=0.000897 lang_s=0.002183 warmo_s=0.000866 coldo_s=0.007210 reps=5 cold_reps=2 load_ms=267 fresh_state_ms=8.015 cache_entries=132757 cache_mib=512 pass_after=other cold_reps_s=0.007197,0.007314 pass_reps_s=0.002509,0.002537,0.002524,0.002527,0.002547 entries_pass=132757 warm_reps_s=0.000927,0.000898,0.000899,0.000897,0.000897 entries_warm=132757 lang_reps_s=0.002186,0.002186,0.002196,0.002183,0.002200 entries_lang=382483 warmo_reps_s=0.000866,0.000869,0.000868,0.000873,0.000869 entries_warmo=382483 coldo_reps_s=0.007210,0.007273
hf    chunk    4096      5.64 MB/s   1.445 Mtok/s      731917 ns/call
REF tool=hf version=0.23.2 chunk=4096 bytes=614699 calls=149 ids=157548 sha=46a55e5c9d1a3cbc s=0.109056 reps=3
FIRSTDIFF none
REF tool=gigatoken chunk=4096 ids=157548 sha=46a55e5c9d1a3cbc hf_nopp_ids=157548 hf_nopp_sha=46a55e5c9d1a3cbc same_as_hf_nopp=yes first_diff=none
tikt  chunk    4096     28.58 MB/s   7.325 Mtok/s      144341 ns/call  ids==hf(no post-processor): yes
REF tool=tiktoken version=0.14.0 chunk=4096 bytes=614699 calls=149 ids=157548 sha=46a55e5c9d1a3cbc s=0.021507 reps=3 hf_nopp_ids=157548 hf_nopp_sha=46a55e5c9d1a3cbc same_as_hf_nopp=yes
EXACT yes toks == hf (157548 46a55e5c9d1a3cbc)
PINNED cpu 8 siblings 8: 
BUSY cpu8 100% 
LOAD after 1.00 1.04 1.53
== nemotron3-4b code chunk 0
LOAD before 1.00 1.04 1.53
PINNED cpu 8 siblings 8: 
toks  chunk       0  cold   487.7 MB/s 124.97 Mtok/s   1260493 ns/call | pass   330.3 MB/s | warm 10160.8 MB/s | floor  50885.7 MB/s (memcpy) x_floor    154 | neon
E2E tool=toks tier=neon chunk=0 bytes=614699 calls=1 ids=157525 sha=3fc87db2f499aee1 cold_s=0.001260 pass_s=0.001861 warm_s=0.000060 lang_s=0.001858 warmo_s=0.001837 coldo_s=0.001859 floor_s=0.000012 floor_v=memcpy floor_xor_s=0.000047 floor_memcpy_s=0.000012 floor_nt_s=0.000046 ghz0=3.891 ghz1=3.893 load_ms=186 scratch_mib=27.11 cache_mib=0 memo_mib=4 reps=5 pass_after=other cold_reps_s=0.001609,0.001367,0.001284,0.001260,0.001261 pass_reps_s=0.001861,0.001945,0.001937,0.001933,0.001910 warm_reps_s=0.000060,0.000061,0.000062,0.000062,0.000062 lang_reps_s=0.001862,0.001888,0.001889,0.001858,0.001861 warmo_reps_s=0.001881,0.001860,0.001859,0.001844,0.001837 coldo_reps_s=0.001866,0.001886,0.001871,0.001863,0.001859
CTR pieces=141420 one=24138 over15=1211 thp_kb=20480 cold=32066/104729/4625 lc=0/0 memo=1244864/0 pass=32066/104729/4625 lc=0/0 memo=1244864/0 warm=0/0/0 lc=0/0 memo=0/1 lang=28062/108748/4610 lc=0/0 memo=0/0 warmo=27988/108947/4485 lc=0/0 memo=0/0 coldo=32066/104729/4625 lc=0/0 memo=1244864/0
giga  chunk       0  cold   284.7 MB/s | pass   250.3 MB/s | warm   710.7 MB/s | bpe
GIGA tool=gigatoken version=fac0114b37120ec8a76362e9ee8e1c742aaafaef kind=bpe chunk=0 bytes=614699 calls=1 ids=157525 cold_s=0.002159 pass_s=0.002455 warm_s=0.000865 lang_s=0.002141 warmo_s=0.000835 coldo_s=0.002447 reps=5 cold_reps=2 load_ms=267 fresh_state_ms=7.924 cache_entries=132758 cache_mib=512 pass_after=other cold_reps_s=0.002278,0.002159 pass_reps_s=0.002455,0.002466,0.002458,0.002467,0.002482 entries_pass=132758 warm_reps_s=0.000865,0.000868,0.000867,0.000865,0.000866 entries_warm=132758 lang_reps_s=0.002157,0.002145,0.002161,0.002141,0.002163 entries_lang=382484 warmo_reps_s=0.000835,0.000838,0.000853,0.000835,0.000837 entries_warmo=382484 coldo_reps_s=0.002454,0.002447
hf    chunk       0      3.96 MB/s   1.016 Mtok/s   155109698 ns/call
REF tool=hf version=0.23.2 chunk=0 bytes=614699 calls=1 ids=157525 sha=3fc87db2f499aee1 s=0.155110 reps=3
FIRSTDIFF none
REF tool=gigatoken chunk=0 ids=157525 sha=3fc87db2f499aee1 hf_nopp_ids=157525 hf_nopp_sha=3fc87db2f499aee1 same_as_hf_nopp=yes first_diff=none
tikt  chunk       0     27.23 MB/s   6.979 Mtok/s    22571730 ns/call  ids==hf(no post-processor): yes
REF tool=tiktoken version=0.14.0 chunk=0 bytes=614699 calls=1 ids=157525 sha=3fc87db2f499aee1 s=0.022572 reps=3 hf_nopp_ids=157525 hf_nopp_sha=3fc87db2f499aee1 same_as_hf_nopp=yes
EXACT yes toks == hf (157525 3fc87db2f499aee1)
PINNED cpu 8 siblings 8: 
BUSY cpu8 100% 
LOAD after 1.00 1.04 1.53
== nemotron3-4b ml chunk 4096
LOAD before 1.00 1.04 1.53
PINNED cpu 8 siblings 8: 
toks  chunk    4096  cold   116.3 MB/s  32.87 Mtok/s     38384 ns/call | pass   142.4 MB/s | warm   256.8 MB/s | floor  41220.7 MB/s (memcpy) x_floor    289 | neon
E2E tool=toks tier=neon chunk=4096 bytes=6443660 calls=1443 ids=1820735 sha=7f9adf7627eaf293 cold_s=0.055388 pass_s=0.045247 warm_s=0.025089 lang_s=0.043311 warmo_s=0.029110 coldo_s=0.056412 floor_s=0.000156 floor_v=memcpy floor_xor_s=0.000492 floor_memcpy_s=0.000156 floor_nt_s=0.000546 ghz0=3.891 ghz1=3.881 load_ms=188 scratch_mib=6.37 cache_mib=0 memo_mib=4 reps=5 pass_after=other cold_reps_s=0.057872,0.056653,0.055531,0.055551,0.055388 pass_reps_s=0.045417,0.045309,0.045344,0.045247,0.045282 warm_reps_s=0.025111,0.025214,0.025089,0.025119,0.025140 lang_reps_s=0.043502,0.043311,0.043445,0.043358,0.043405 warmo_reps_s=0.029110,0.029182,0.029177,0.029172,0.029254 coldo_reps_s=0.056510,0.056458,0.056428,0.056412,0.056559
CTR pieces=1249830 one=249960 over15=39097 thp_kb=20480 cold=886871/101832/261127 lc=0/0 memo=13822528/0 pass=272371/834318/143141 lc=0/0 memo=4072128/0 warm=165465/678986/70811 lc=0/0 memo=4052800/385 lang=269510/837551/142769 lc=0/0 memo=10048/0 warmo=168375/660420/86467 lc=0/0 memo=4052800/385 coldo=886871/101832/261127 lc=0/0 memo=13822528/0
giga  chunk    4096  cold    31.2 MB/s | pass    93.6 MB/s | warm   401.0 MB/s | bpe
GIGA tool=gigatoken version=fac0114b37120ec8a76362e9ee8e1c742aaafaef kind=bpe chunk=4096 bytes=6443660 calls=1443 ids=1820735 cold_s=0.206672 pass_s=0.068812 warm_s=0.016070 lang_s=0.062700 warmo_s=0.016726 coldo_s=0.210117 reps=5 cold_reps=2 load_ms=268 fresh_state_ms=8.544 cache_entries=241225 cache_mib=512 pass_after=other cold_reps_s=0.206672,0.210130 pass_reps_s=0.070093,0.068812,0.068965,0.068908,0.068915 entries_pass=241225 warm_reps_s=0.016204,0.016112,0.016070,0.016135,0.016191 entries_warm=241225 lang_reps_s=0.063054,0.063002,0.065414,0.062728,0.062700 entries_lang=382484 warmo_reps_s=0.016775,0.016890,0.016805,0.016726,0.016785 entries_warmo=382484 coldo_reps_s=0.210117,0.210375
hf    chunk    4096      5.02 MB/s   1.419 Mtok/s      889112 ns/call
REF tool=hf version=0.23.2 chunk=4096 bytes=6443660 calls=1443 ids=1820735 sha=7f9adf7627eaf293 s=1.282989 reps=3
FIRSTDIFF none
REF tool=gigatoken chunk=4096 ids=1820735 sha=7f9adf7627eaf293 hf_nopp_ids=1820735 hf_nopp_sha=7f9adf7627eaf293 same_as_hf_nopp=yes first_diff=none
tikt  chunk    4096     26.67 MB/s   7.537 Mtok/s      167410 ns/call  ids==hf(no post-processor): yes
REF tool=tiktoken version=0.14.0 chunk=4096 bytes=6443660 calls=1443 ids=1820735 sha=7f9adf7627eaf293 s=0.241572 reps=3 hf_nopp_ids=1820735 hf_nopp_sha=7f9adf7627eaf293 same_as_hf_nopp=yes
EXACT yes toks == hf (1820735 7f9adf7627eaf293)
PINNED cpu 8 siblings 8: 
BUSY cpu8 100% 
LOAD after 1.00 1.03 1.50
== nemotron3-4b ml chunk 0
LOAD before 1.00 1.03 1.50
PINNED cpu 8 siblings 8: 
toks  chunk       0  cold   157.0 MB/s  44.34 Mtok/s  41054041 ns/call | pass   151.3 MB/s | warm   168.9 MB/s | floor  25443.8 MB/s (memcpy) x_floor    168 | neon
E2E tool=toks tier=neon chunk=0 bytes=6443660 calls=1 ids=1820250 sha=17db1dab55b5f65c cold_s=0.041054 pass_s=0.042580 warm_s=0.038145 lang_s=0.042485 warmo_s=0.041811 coldo_s=0.042493 floor_s=0.000253 floor_v=memcpy floor_xor_s=0.000521 floor_memcpy_s=0.000253 floor_nt_s=0.000500 ghz0=3.893 ghz1=3.892 load_ms=187 scratch_mib=227.23 cache_mib=0 memo_mib=4 reps=5 pass_after=other cold_reps_s=0.045882,0.042778,0.042744,0.042066,0.041054 pass_reps_s=0.042958,0.042632,0.042780,0.042580,0.042814 warm_reps_s=0.038679,0.038338,0.038145,0.038220,0.038292 lang_reps_s=0.042554,0.042926,0.042485,0.042712,0.042518 warmo_reps_s=0.042166,0.041835,0.041811,0.042047,0.042138 coldo_reps_s=0.042493,0.042718,0.042713,0.042648,0.042904
CTR pieces=1249255 one=249460 over15=39097 thp_kb=20480 cold=271850/834184/143221 lc=0/0 memo=0/0 pass=271850/834184/143221 lc=0/0 memo=0/0 warm=265747/855845/127663 lc=0/0 memo=0/0 lang=269010/837396/142849 lc=0/0 memo=0/0 warmo=268314/841711/139230 lc=0/0 memo=0/0 coldo=271850/834184/143221 lc=0/0 memo=0/0
giga  chunk       0  cold    94.0 MB/s | pass    94.0 MB/s | warm   401.6 MB/s | bpe
GIGA tool=gigatoken version=fac0114b37120ec8a76362e9ee8e1c742aaafaef kind=bpe chunk=0 bytes=6443660 calls=1 ids=1820250 cold_s=0.068578 pass_s=0.068543 warm_s=0.016046 lang_s=0.062912 warmo_s=0.016538 coldo_s=0.068469 reps=5 cold_reps=2 load_ms=266 fresh_state_ms=7.988 cache_entries=241217 cache_mib=512 pass_after=other cold_reps_s=0.072001,0.068578 pass_reps_s=0.068670,0.068543,0.068718,0.068687,0.068716 entries_pass=241217 warm_reps_s=0.016098,0.016118,0.016051,0.016046,0.016128 entries_warm=241217 lang_reps_s=0.063036,0.062970,0.062912,0.063287,0.063429 entries_lang=382476 warmo_reps_s=0.016647,0.016671,0.016657,0.016565,0.016538 entries_warmo=382476 coldo_reps_s=0.068529,0.068469
hf    chunk       0      2.96 MB/s   0.835 Mtok/s  2179194838 ns/call
REF tool=hf version=0.23.2 chunk=0 bytes=6443660 calls=1 ids=1820250 sha=17db1dab55b5f65c s=2.179195 reps=3
FIRSTDIFF none
REF tool=gigatoken chunk=0 ids=1820250 sha=17db1dab55b5f65c hf_nopp_ids=1820250 hf_nopp_sha=17db1dab55b5f65c same_as_hf_nopp=yes first_diff=none
tikt  chunk       0     23.75 MB/s   6.710 Mtok/s   271255179 ns/call  ids==hf(no post-processor): yes
REF tool=tiktoken version=0.14.0 chunk=0 bytes=6443660 calls=1 ids=1820250 sha=17db1dab55b5f65c s=0.271255 reps=3 hf_nopp_ids=1820250 hf_nopp_sha=17db1dab55b5f65c same_as_hf_nopp=yes
EXACT yes toks == hf (1820250 17db1dab55b5f65c)
PINNED cpu 8 siblings 8: 8/ps/0.0 
BUSY cpu8 100% 
LOAD after 1.00 1.03 1.49
== nemotron3-4b cjk chunk 4096
LOAD before 1.00 1.03 1.49
PINNED cpu 8 siblings 8: 
toks  chunk    4096  cold   167.9 MB/s  63.74 Mtok/s     25054 ns/call | pass   150.6 MB/s | warm   375.0 MB/s | floor  40013.1 MB/s (memcpy) x_floor    266 | neon
E2E tool=toks tier=neon chunk=4096 bytes=3129985 calls=744 ids=1188192 sha=15c2fc47b4b6ce84 cold_s=0.018640 pass_s=0.020777 warm_s=0.008347 lang_s=0.019502 warmo_s=0.010345 coldo_s=0.020374 floor_s=0.000078 floor_v=memcpy floor_xor_s=0.000263 floor_memcpy_s=0.000078 floor_nt_s=0.000286 ghz0=3.891 ghz1=3.894 load_ms=185 scratch_mib=6.37 cache_mib=0 memo_mib=4 reps=5 pass_after=other cold_reps_s=0.021811,0.019370,0.018822,0.018784,0.018640 pass_reps_s=0.020852,0.020782,0.020777,0.020809,0.020850 warm_reps_s=0.008398,0.008387,0.008383,0.008347,0.008394 lang_reps_s=0.019502,0.019691,0.019548,0.019641,0.019526 warmo_reps_s=0.010363,0.010371,0.010345,0.010397,0.010409 coldo_reps_s=0.020375,0.020484,0.020412,0.020437,0.020374
CTR pieces=285481 one=41241 over15=74895 thp_kb=20480 cold=103396/35430/146655 lc=0/0 memo=7931200/0 pass=45807/112255/127419 lc=0/0 memo=4059200/0 warm=542/52555/54084 lc=0/0 memo=0/374 lang=43830/114516/127135 lc=0/0 memo=0/0 warmo=1724/43542/63940 lc=0/0 memo=3903616/371 coldo=103396/35430/146655 lc=0/0 memo=7931200/0
giga  chunk    4096  cold    18.8 MB/s | pass    39.4 MB/s | warm   221.2 MB/s | bpe
GIGA tool=gigatoken version=fac0114b37120ec8a76362e9ee8e1c742aaafaef kind=bpe chunk=4096 bytes=3129985 calls=744 ids=1188192 cold_s=0.166545 pass_s=0.079396 warm_s=0.014152 lang_s=0.077041 warmo_s=0.013897 coldo_s=0.167528 reps=5 cold_reps=2 load_ms=264 fresh_state_ms=8.059 cache_entries=250874 cache_mib=512 pass_after=other cold_reps_s=0.166545,0.167086 pass_reps_s=0.080208,0.079396,0.079410,0.079529,0.079452 entries_pass=250874 warm_reps_s=0.014386,0.014152,0.014280,0.014527,0.014257 entries_warm=250874 lang_reps_s=0.077041,0.077159,0.077293,0.077693,0.077043 entries_lang=382484 warmo_reps_s=0.014161,0.013897,0.014009,0.014546,0.014116 entries_warmo=382484 coldo_reps_s=0.167528,0.167838
hf    chunk    4096      6.08 MB/s   2.308 Mtok/s      691946 ns/call
REF tool=hf version=0.23.2 chunk=4096 bytes=3129985 calls=744 ids=1188192 sha=15c2fc47b4b6ce84 s=0.514808 reps=3
FIRSTDIFF none
REF tool=gigatoken chunk=4096 ids=1188192 sha=15c2fc47b4b6ce84 hf_nopp_ids=1188192 hf_nopp_sha=15c2fc47b4b6ce84 same_as_hf_nopp=yes first_diff=none
tikt  chunk    4096     26.54 MB/s  10.077 Mtok/s      158486 ns/call  ids==hf(no post-processor): yes
REF tool=tiktoken version=0.14.0 chunk=4096 bytes=3129985 calls=744 ids=1188192 sha=15c2fc47b4b6ce84 s=0.117914 reps=3 hf_nopp_ids=1188192 hf_nopp_sha=15c2fc47b4b6ce84 same_as_hf_nopp=yes
EXACT yes toks == hf (1188192 15c2fc47b4b6ce84)
PINNED cpu 8 siblings 8: 
BUSY cpu8 100% 
LOAD after 1.00 1.02 1.47
== nemotron3-4b cjk chunk 0
LOAD before 1.00 1.02 1.47
PINNED cpu 8 siblings 8: 
toks  chunk       0  cold   169.2 MB/s  64.24 Mtok/s  18496327 ns/call | pass   161.5 MB/s | warm   191.2 MB/s | floor  26382.0 MB/s (memcpy) x_floor    163 | neon
E2E tool=toks tier=neon chunk=0 bytes=3129985 calls=1 ids=1188126 sha=96931260408ed6f2 cold_s=0.018496 pass_s=0.019379 warm_s=0.016374 lang_s=0.019250 warmo_s=0.019143 coldo_s=0.019540 floor_s=0.000119 floor_v=memcpy floor_xor_s=0.000278 floor_memcpy_s=0.000119 floor_nt_s=0.000270 ghz0=3.888 ghz1=3.893 load_ms=190 scratch_mib=113.46 cache_mib=0 memo_mib=4 reps=5 pass_after=other cold_reps_s=0.021644,0.019279,0.018772,0.018695,0.018496 pass_reps_s=0.019463,0.019455,0.019472,0.019401,0.019379 warm_reps_s=0.016492,0.016495,0.016446,0.016384,0.016374 lang_reps_s=0.019370,0.019271,0.019442,0.019250,0.019439 warmo_reps_s=0.019209,0.019335,0.019143,0.019237,0.019231 coldo_reps_s=0.019540,0.019699,0.019606,0.019626,0.019651
CTR pieces=285401 one=41175 over15=74895 thp_kb=20480 cold=45732/112246/127423 lc=0/0 memo=0/0 pass=45732/112246/127423 lc=0/0 memo=0/0 warm=42029/136351/107021 lc=0/0 memo=0/0 lang=43764/114498/127139 lc=0/0 memo=0/0 warmo=43706/115574/126121 lc=0/0 memo=0/0 coldo=45732/112246/127423 lc=0/0 memo=0/0
giga  chunk       0  cold    39.6 MB/s | pass    39.5 MB/s | warm   217.4 MB/s | bpe
GIGA tool=gigatoken version=fac0114b37120ec8a76362e9ee8e1c742aaafaef kind=bpe chunk=0 bytes=3129985 calls=1 ids=1188126 cold_s=0.079003 pass_s=0.079242 warm_s=0.014399 lang_s=0.076681 warmo_s=0.013949 coldo_s=0.079116 reps=5 cold_reps=2 load_ms=265 fresh_state_ms=8.063 cache_entries=250874 cache_mib=512 pass_after=other cold_reps_s=0.082177,0.079003 pass_reps_s=0.079377,0.079465,0.079281,0.079242,0.079295 entries_pass=250874 warm_reps_s=0.014457,0.014399,0.014443,0.014579,0.014427 entries_warm=250874 lang_reps_s=0.076681,0.076941,0.077047,0.076871,0.076890 entries_lang=382484 warmo_reps_s=0.014196,0.014029,0.013949,0.013953,0.014029 entries_warmo=382484 coldo_reps_s=0.079337,0.079116
hf    chunk       0      3.65 MB/s   1.387 Mtok/s   856877912 ns/call
REF tool=hf version=0.23.2 chunk=0 bytes=3129985 calls=1 ids=1188126 sha=96931260408ed6f2 s=0.856878 reps=3
FIRSTDIFF none
REF tool=gigatoken chunk=0 ids=1188126 sha=96931260408ed6f2 hf_nopp_ids=1188126 hf_nopp_sha=96931260408ed6f2 same_as_hf_nopp=yes first_diff=none
tikt  chunk       0     23.14 MB/s   8.785 Mtok/s   135244046 ns/call  ids==hf(no post-processor): yes
REF tool=tiktoken version=0.14.0 chunk=0 bytes=3129985 calls=1 ids=1188126 sha=96931260408ed6f2 s=0.135244 reps=3 hf_nopp_ids=1188126 hf_nopp_sha=96931260408ed6f2 same_as_hf_nopp=yes
EXACT yes toks == hf (1188126 96931260408ed6f2)
PINNED cpu 8 siblings 8: 
BUSY cpu8 100% 
LOAD after 1.00 1.02 1.46
== llama4 en chunk 4096
LOAD before 1.00 1.02 1.46
PINNED cpu 8 siblings 8: 
toks  chunk    4096  cold   242.4 MB/s  58.97 Mtok/s     17003 ns/call | pass   223.0 MB/s | warm 10093.8 MB/s | floor  47265.0 MB/s (memcpy) x_floor    212 | neon
E2E tool=toks tier=neon chunk=4096 bytes=2048653 calls=497 ids=498380 sha=9079d009bb8bbd41 cold_s=0.008451 pass_s=0.009186 warm_s=0.000203 lang_s=0.008485 warmo_s=0.000863 coldo_s=0.010989 floor_s=0.000043 floor_v=memcpy floor_xor_s=0.000147 floor_memcpy_s=0.000043 floor_nt_s=0.000155 ghz0=3.892 ghz1=3.870 load_ms=311 scratch_mib=6.37 cache_mib=0 memo_mib=4 reps=5 pass_after=other cold_reps_s=0.011563,0.008885,0.008558,0.008451,0.008494 pass_reps_s=0.009223,0.009186,0.009231,0.009355,0.009325 warm_reps_s=0.000203,0.000205,0.000205,0.000203,0.000205 lang_reps_s=0.008550,0.008485,0.008854,0.008642,0.008658 warmo_reps_s=0.000875,0.000863,0.000870,0.000870,0.000867 coldo_reps_s=0.011028,0.011007,0.011001,0.010989,0.011029
CTR pieces=437016 one=46245 over15=276 thp_kb=26624 cold=384088/11046/41882 lc=0/0 memo=4073024/0 pass=62936/355910/18170 lc=0/0 memo=4057792/0 warm=720/5330/39 lc=0/0 memo=0/490 lang=58521/360582/17913 lc=0/0 memo=0/0 warmo=3874/11408/1294 lc=0/0 memo=139712/478 coldo=384088/11046/41882 lc=0/0 memo=4073024/0
giga  chunk    4096  cold    54.8 MB/s | pass   167.7 MB/s | warm   760.9 MB/s | bpe
GIGA tool=gigatoken version=fac0114b37120ec8a76362e9ee8e1c742aaafaef kind=bpe chunk=4096 bytes=2048653 calls=497 ids=497883 cold_s=0.037416 pass_s=0.012218 warm_s=0.002692 lang_s=0.009781 warmo_s=0.003020 coldo_s=0.040870 reps=5 cold_reps=2 load_ms=467 fresh_state_ms=14.553 cache_entries=210530 cache_mib=512 pass_after=other cold_reps_s=0.041585,0.037416 pass_reps_s=0.012218,0.012562,0.012792,0.012912,0.012297 entries_pass=210530 warm_reps_s=0.002701,0.002692,0.002705,0.002693,0.002697 entries_warm=210530 lang_reps_s=0.009787,0.009803,0.009915,0.009811,0.009781 entries_lang=442592 warmo_reps_s=0.003026,0.003020,0.003026,0.003042,0.003030 entries_warmo=442592 coldo_reps_s=0.040870,0.041666
hf    chunk    4096      5.02 MB/s   1.222 Mtok/s      820903 ns/call
REF tool=hf version=0.23.2 chunk=4096 bytes=2048653 calls=497 ids=498380 sha=9079d009bb8bbd41 s=0.407989 reps=3
FIRSTDIFF none
REF tool=gigatoken chunk=4096 ids=497883 sha=573ab59ae63a6835 hf_nopp_ids=497883 hf_nopp_sha=573ab59ae63a6835 same_as_hf_nopp=yes first_diff=none
tikt  chunk    4096     31.99 MB/s   7.775 Mtok/s      128841 ns/call  ids==hf(no post-processor): yes
REF tool=tiktoken version=0.14.0 chunk=4096 bytes=2048653 calls=497 ids=497883 sha=573ab59ae63a6835 s=0.064034 reps=3 hf_nopp_ids=497883 hf_nopp_sha=573ab59ae63a6835 same_as_hf_nopp=yes
EXACT yes toks == hf (498380 9079d009bb8bbd41)
PINNED cpu 8 siblings 8: 
BUSY cpu8 100% 
LOAD after 1.00 1.02 1.44
== llama4 en chunk 0
LOAD before 1.00 1.02 1.44
PINNED cpu 8 siblings 8: 
toks  chunk       0  cold   313.4 MB/s  76.15 Mtok/s   6537632 ns/call | pass   239.2 MB/s | warm   580.7 MB/s | floor  40790.3 MB/s (memcpy) x_floor    171 | neon
E2E tool=toks tier=neon chunk=0 bytes=2048653 calls=1 ids=497821 sha=b2a475b357a1ae07 cold_s=0.006538 pass_s=0.008566 warm_s=0.003528 lang_s=0.008480 warmo_s=0.008318 coldo_s=0.008548 floor_s=0.000050 floor_v=memcpy floor_xor_s=0.000155 floor_memcpy_s=0.000050 floor_nt_s=0.000152 ghz0=3.881 ghz1=3.892 load_ms=315 scratch_mib=76.34 cache_mib=0 memo_mib=4 reps=5 pass_after=other cold_reps_s=0.008753,0.007200,0.006790,0.006651,0.006538 pass_reps_s=0.008570,0.008566,0.008568,0.008687,0.008682 warm_reps_s=0.003595,0.003551,0.003528,0.003570,0.003600 lang_reps_s=0.008514,0.008545,0.008480,0.008597,0.008632 warmo_reps_s=0.008356,0.008318,0.008365,0.008393,0.008450 coldo_reps_s=0.008548,0.008646,0.008626,0.008599,0.008561
CTR pieces=436950 one=46245 over15=276 thp_kb=26624 cold=62883/355899/18168 lc=0/0 memo=0/0 pass=62883/355899/18168 lc=0/0 memo=0/0 warm=49632/382807/4511 lc=0/0 memo=0/0 lang=58521/360518/17911 lc=0/0 memo=0/0 warmo=58289/361208/17453 lc=0/0 memo=0/0 coldo=62883/355899/18168 lc=0/0 memo=0/0
giga  chunk       0  cold   177.1 MB/s | pass   170.0 MB/s | warm   777.3 MB/s | bpe
GIGA tool=gigatoken version=fac0114b37120ec8a76362e9ee8e1c742aaafaef kind=bpe chunk=0 bytes=2048653 calls=1 ids=497820 cold_s=0.011565 pass_s=0.012049 warm_s=0.002635 lang_s=0.009699 warmo_s=0.002940 coldo_s=0.012191 reps=5 cold_reps=2 load_ms=466 fresh_state_ms=14.520 cache_entries=210528 cache_mib=512 pass_after=other cold_reps_s=0.011891,0.011565 pass_reps_s=0.012049,0.012830,0.012090,0.012885,0.012807 entries_pass=210528 warm_reps_s=0.002640,0.002654,0.002635,0.002657,0.002637 entries_warm=210528 lang_reps_s=0.009818,0.009796,0.009699,0.009759,0.009774 entries_lang=442590 warmo_reps_s=0.002940,0.002985,0.002950,0.002953,0.002954 entries_warmo=442590 coldo_reps_s=0.012745,0.012191
hf    chunk       0      2.99 MB/s   0.726 Mtok/s   685336779 ns/call
REF tool=hf version=0.23.2 chunk=0 bytes=2048653 calls=1 ids=497821 sha=b2a475b357a1ae07 s=0.685337 reps=3
FIRSTDIFF none
REF tool=gigatoken chunk=0 ids=497820 sha=ca5aac1d602dae6d hf_nopp_ids=497820 hf_nopp_sha=ca5aac1d602dae6d same_as_hf_nopp=yes first_diff=none
tikt  chunk       0     28.61 MB/s   6.953 Mtok/s    71598596 ns/call  ids==hf(no post-processor): yes
REF tool=tiktoken version=0.14.0 chunk=0 bytes=2048653 calls=1 ids=497820 sha=ca5aac1d602dae6d s=0.071599 reps=3 hf_nopp_ids=497820 hf_nopp_sha=ca5aac1d602dae6d same_as_hf_nopp=yes
EXACT yes toks == hf (497821 b2a475b357a1ae07)
PINNED cpu 8 siblings 8: 
BUSY cpu8 100% 
LOAD after 1.00 1.02 1.44
== llama4 code chunk 4096
LOAD before 1.00 1.02 1.44
PINNED cpu 8 siblings 8: 
toks  chunk    4096  cold   460.2 MB/s 111.60 Mtok/s      8964 ns/call | pass   295.2 MB/s | warm 13701.1 MB/s | floor  54805.5 MB/s (memcpy) x_floor    186 | neon
E2E tool=toks tier=neon chunk=4096 bytes=614699 calls=149 ids=149048 sha=eb4162072f25835b cold_s=0.001336 pass_s=0.002082 warm_s=0.000045 lang_s=0.001989 warmo_s=0.000198 coldo_s=0.002130 floor_s=0.000011 floor_v=memcpy floor_xor_s=0.000044 floor_memcpy_s=0.000011 floor_nt_s=0.000045 ghz0=3.892 ghz1=3.892 load_ms=314 scratch_mib=6.37 cache_mib=0 memo_mib=4 reps=5 pass_after=other cold_reps_s=0.001761,0.001413,0.001374,0.001350,0.001336 pass_reps_s=0.002086,0.002086,0.002082,0.002091,0.002098 warm_reps_s=0.000045,0.000045,0.000046,0.000046,0.000047 lang_reps_s=0.002000,0.001989,0.001991,0.001992,0.001995 warmo_reps_s=0.000199,0.000199,0.000199,0.000199,0.000198 coldo_reps_s=0.002164,0.002169,0.002156,0.002130,0.002135
CTR pieces=138813 one=19847 over15=1211 thp_kb=26624 cold=128364/4299/6150 lc=0/0 memo=1219776/0 pass=29311/105661/3841 lc=0/0 memo=1219776/0 warm=0/0/0 lc=0/0 memo=0/149 lang=24837/110143/3833 lc=0/0 memo=0/0 warmo=1187/3733/221 lc=0/0 memo=30400/143 coldo=128364/4299/6150 lc=0/0 memo=1219776/0
giga  chunk    4096  cold    94.5 MB/s | pass   207.5 MB/s | warm   603.8 MB/s | bpe
GIGA tool=gigatoken version=fac0114b37120ec8a76362e9ee8e1c742aaafaef kind=bpe chunk=4096 bytes=614699 calls=149 ids=148899 cold_s=0.006506 pass_s=0.002963 warm_s=0.001018 lang_s=0.002251 warmo_s=0.000967 coldo_s=0.006748 reps=5 cold_reps=2 load_ms=469 fresh_state_ms=14.553 cache_entries=196132 cache_mib=512 pass_after=other cold_reps_s=0.006506,0.006551 pass_reps_s=0.002984,0.002988,0.003003,0.002963,0.002984 entries_pass=196132 warm_reps_s=0.001025,0.001020,0.001019,0.001021,0.001018 entries_warm=196132 lang_reps_s=0.002269,0.002260,0.002253,0.002255,0.002251 entries_lang=442592 warmo_reps_s=0.000974,0.000968,0.000970,0.000967,0.000968 entries_warmo=442592 coldo_reps_s=0.006748,0.007625
hf    chunk    4096      4.97 MB/s   1.204 Mtok/s      830551 ns/call
REF tool=hf version=0.23.2 chunk=4096 bytes=614699 calls=149 ids=149048 sha=eb4162072f25835b s=0.123752 reps=3
FIRSTDIFF none
REF tool=gigatoken chunk=4096 ids=148899 sha=7fc0cc47b07b32d4 hf_nopp_ids=148899 hf_nopp_sha=7fc0cc47b07b32d4 same_as_hf_nopp=yes first_diff=none
tikt  chunk    4096     29.01 MB/s   7.028 Mtok/s      142198 ns/call  ids==hf(no post-processor): yes
REF tool=tiktoken version=0.14.0 chunk=4096 bytes=614699 calls=149 ids=148899 sha=7fc0cc47b07b32d4 s=0.021188 reps=3 hf_nopp_ids=148899 hf_nopp_sha=7fc0cc47b07b32d4 same_as_hf_nopp=yes
EXACT yes toks == hf (149048 eb4162072f25835b)
PINNED cpu 8 siblings 8: 
BUSY cpu8 100% 
LOAD after 3.23 1.48 1.58
== llama4 code chunk 0
LOAD before 3.23 1.48 1.58
PINNED cpu 8 siblings 8: 
toks  chunk       0  cold   521.4 MB/s 126.29 Mtok/s   1178876 ns/call | pass   277.4 MB/s | warm 11673.9 MB/s | floor  55598.7 MB/s (memcpy) x_floor    200 | neon
E2E tool=toks tier=neon chunk=0 bytes=614699 calls=1 ids=148879 sha=88f5f342bd7469a7 cold_s=0.001179 pass_s=0.002216 warm_s=0.000053 lang_s=0.002157 warmo_s=0.002123 coldo_s=0.002221 floor_s=0.000011 floor_v=memcpy floor_xor_s=0.000046 floor_memcpy_s=0.000011 floor_nt_s=0.000045 ghz0=3.892 ghz1=3.892 load_ms=315 scratch_mib=27.11 cache_mib=0 memo_mib=4 reps=5 pass_after=other cold_reps_s=0.001804,0.001269,0.001242,0.001188,0.001179 pass_reps_s=0.002228,0.002216,0.002231,0.002259,0.002256 warm_reps_s=0.000054,0.000054,0.000053,0.000056,0.000055 lang_reps_s=0.002157,0.002194,0.002172,0.002223,0.002207 warmo_reps_s=0.002123,0.002132,0.002138,0.002136,0.002150 coldo_reps_s=0.002230,0.002232,0.002221,0.002248,0.002252
CTR pieces=138789 one=19824 over15=1211 thp_kb=26624 cold=29092/105855/3842 lc=0/0 memo=1210304/0 pass=29092/105855/3842 lc=0/0 memo=1210304/0 warm=0/0/0 lc=0/0 memo=0/1 lang=24814/110141/3834 lc=0/0 memo=0/0 warmo=24757/110274/3758 lc=0/0 memo=0/0 coldo=29092/105855/3842 lc=0/0 memo=1210304/0
giga  chunk       0  cold   256.6 MB/s | pass   211.6 MB/s | warm   621.6 MB/s | bpe
GIGA tool=gigatoken version=fac0114b37120ec8a76362e9ee8e1c742aaafaef kind=bpe chunk=0 bytes=614699 calls=1 ids=148878 cold_s=0.002395 pass_s=0.002906 warm_s=0.000989 lang_s=0.002224 warmo_s=0.000934 coldo_s=0.002940 reps=5 cold_reps=2 load_ms=495 fresh_state_ms=15.666 cache_entries=196133 cache_mib=512 pass_after=other cold_reps_s=0.002395,0.002421 pass_reps_s=0.002906,0.002940,0.002949,0.003030,0.003025 entries_pass=196133 warm_reps_s=0.000989,0.001009,0.001003,0.001008,0.001006 entries_warm=196133 lang_reps_s=0.002224,0.002231,0.002238,0.002230,0.002239 entries_lang=442593 warmo_reps_s=0.000940,0.000937,0.000934,0.000935,0.000945 entries_warmo=442593 coldo_reps_s=0.002961,0.002940
hf    chunk       0      3.29 MB/s   0.797 Mtok/s   186686995 ns/call
REF tool=hf version=0.23.2 chunk=0 bytes=614699 calls=1 ids=148879 sha=88f5f342bd7469a7 s=0.186687 reps=3
FIRSTDIFF none
REF tool=gigatoken chunk=0 ids=148878 sha=7ba4a42353a539c8 hf_nopp_ids=148878 hf_nopp_sha=7ba4a42353a539c8 same_as_hf_nopp=yes first_diff=none
tikt  chunk       0     28.08 MB/s   6.801 Mtok/s    21890744 ns/call  ids==hf(no post-processor): yes
REF tool=tiktoken version=0.14.0 chunk=0 bytes=614699 calls=1 ids=148878 sha=7ba4a42353a539c8 s=0.021891 reps=3 hf_nopp_ids=148878 hf_nopp_sha=7ba4a42353a539c8 same_as_hf_nopp=yes
EXACT yes toks == hf (148879 88f5f342bd7469a7)
PINNED cpu 8 siblings 8: 8/ps/0.0 
BUSY cpu8 100% 
LOAD after 4.26 1.76 1.67
== llama4 ml chunk 4096
LOAD before 4.26 1.76 1.67
PINNED cpu 8 siblings 8: 
toks  chunk    4096  cold   105.2 MB/s  27.20 Mtok/s     42464 ns/call | pass   125.6 MB/s | warm   250.5 MB/s | floor  44284.8 MB/s (memcpy) x_floor    353 | neon
E2E tool=toks tier=neon chunk=4096 bytes=6443660 calls=1443 ids=1666485 sha=32f1f5d2d19c9c4a cold_s=0.061276 pass_s=0.051292 warm_s=0.025723 lang_s=0.049558 warmo_s=0.030694 coldo_s=0.062438 floor_s=0.000146 floor_v=memcpy floor_xor_s=0.000479 floor_memcpy_s=0.000146 floor_nt_s=0.000537 ghz0=3.892 ghz1=3.891 load_ms=321 scratch_mib=6.37 cache_mib=0 memo_mib=4 reps=5 pass_after=other cold_reps_s=0.062589,0.061832,0.061611,0.061405,0.061276 pass_reps_s=0.051719,0.051751,0.051318,0.051292,0.051477 warm_reps_s=0.026235,0.026017,0.025746,0.025869,0.025723 lang_reps_s=0.050114,0.050211,0.049688,0.049801,0.049558 warmo_reps_s=0.031013,0.030845,0.030865,0.030694,0.031221 coldo_reps_s=0.062438,0.062568,0.062521,0.062741,0.062834
CTR pieces=1187496 one=149877 over15=39097 thp_kb=26624 cold=875677/71389/240430 lc=0/0 memo=13199040/0 pass=177345/879114/131037 lc=0/0 memo=4071808/0 warm=113849/695548/54999 lc=0/0 memo=4052480/414 lang=173911/882775/130810 lc=0/0 memo=13312/0 warmo=117628/675538/71230 lc=0/0 memo=4052480/414 coldo=875677/71389/240430 lc=0/0 memo=13199040/0
giga  chunk    4096  cold    28.0 MB/s | pass    90.6 MB/s | warm   384.2 MB/s | bpe
GIGA tool=gigatoken version=fac0114b37120ec8a76362e9ee8e1c742aaafaef kind=bpe chunk=4096 bytes=6443660 calls=1443 ids=1665042 cold_s=0.230370 pass_s=0.071123 warm_s=0.016771 lang_s=0.068508 warmo_s=0.017450 coldo_s=0.223880 reps=5 cold_reps=2 load_ms=482 fresh_state_ms=14.201 cache_entries=303760 cache_mib=512 pass_after=other cold_reps_s=0.241294,0.230370 pass_reps_s=0.071305,0.071473,0.071123,0.071221,0.071380 entries_pass=303760 warm_reps_s=0.016771,0.016814,0.016844,0.016777,0.016837 entries_warm=303760 lang_reps_s=0.068508,0.068825,0.068899,0.068642,0.068763 entries_lang=442593 warmo_reps_s=0.018147,0.017521,0.017450,0.017610,0.017479 entries_warmo=442593 coldo_reps_s=0.224626,0.223880
hf    chunk    4096      4.58 MB/s   1.184 Mtok/s      975550 ns/call
REF tool=hf version=0.23.2 chunk=4096 bytes=6443660 calls=1443 ids=1666485 sha=32f1f5d2d19c9c4a s=1.407718 reps=3
FIRSTDIFF none
REF tool=gigatoken chunk=4096 ids=1665042 sha=5c9b5286eaf13c51 hf_nopp_ids=1665042 hf_nopp_sha=5c9b5286eaf13c51 same_as_hf_nopp=yes first_diff=none
tikt  chunk    4096     25.13 MB/s   6.494 Mtok/s      177670 ns/call  ids==hf(no post-processor): yes
REF tool=tiktoken version=0.14.0 chunk=4096 bytes=6443660 calls=1443 ids=1665042 sha=5c9b5286eaf13c51 s=0.256377 reps=3 hf_nopp_ids=1665042 hf_nopp_sha=5c9b5286eaf13c51 same_as_hf_nopp=yes
EXACT yes toks == hf (1666485 32f1f5d2d19c9c4a)
PINNED cpu 8 siblings 8: 
BUSY cpu8 100% 
LOAD after 2.91 2.23 1.87
== llama4 ml chunk 0
LOAD before 2.91 2.23 1.87
PINNED cpu 8 siblings 8: 
toks  chunk       0  cold   137.2 MB/s  35.45 Mtok/s  46950541 ns/call | pass   131.9 MB/s | warm   147.0 MB/s | floor  27753.0 MB/s (memcpy) x_floor    210 | neon
E2E tool=toks tier=neon chunk=0 bytes=6443660 calls=1 ids=1664519 sha=c798b83040dd4c34 cold_s=0.046951 pass_s=0.048837 warm_s=0.043831 lang_s=0.048645 warmo_s=0.048131 coldo_s=0.048605 floor_s=0.000232 floor_v=memcpy floor_xor_s=0.000500 floor_memcpy_s=0.000232 floor_nt_s=0.000489 ghz0=3.893 ghz1=3.894 load_ms=314 scratch_mib=227.23 cache_mib=0 memo_mib=4 reps=5 pass_after=other cold_reps_s=0.050604,0.048345,0.048273,0.047676,0.046951 pass_reps_s=0.048837,0.048973,0.048850,0.048853,0.049002 warm_reps_s=0.043836,0.043927,0.043831,0.043855,0.043911 lang_reps_s=0.048645,0.048651,0.048749,0.048966,0.048930 warmo_reps_s=0.048347,0.048131,0.048190,0.048410,0.048281 coldo_reps_s=0.048605,0.048772,0.048756,0.048858,0.048733
CTR pieces=1186921 one=149377 over15=39097 thp_kb=26624 cold=176801/879088/131032 lc=0/0 memo=0/0 pass=176801/879088/131032 lc=0/0 memo=0/0 warm=169850/900746/116325 lc=0/0 memo=0/0 lang=173408/882707/130806 lc=0/0 memo=0/0 warmo=172829/885841/128251 lc=0/0 memo=0/0 coldo=176801/879088/131032 lc=0/0 memo=0/0
giga  chunk       0  cold    91.0 MB/s | pass    90.9 MB/s | warm   385.5 MB/s | bpe
GIGA tool=gigatoken version=fac0114b37120ec8a76362e9ee8e1c742aaafaef kind=bpe chunk=0 bytes=6443660 calls=1 ids=1664518 cold_s=0.070823 pass_s=0.070886 warm_s=0.016713 lang_s=0.068135 warmo_s=0.017278 coldo_s=0.070751 reps=5 cold_reps=2 load_ms=468 fresh_state_ms=14.121 cache_entries=303758 cache_mib=512 pass_after=other cold_reps_s=0.071032,0.070823 pass_reps_s=0.070886,0.071189,0.072017,0.071149,0.071136 entries_pass=303758 warm_reps_s=0.016713,0.016821,0.016804,0.016815,0.016781 entries_warm=303758 lang_reps_s=0.068167,0.068205,0.068431,0.068135,0.068234 entries_lang=442591 warmo_reps_s=0.017278,0.017301,0.017294,0.017293,0.017395 entries_warmo=442591 coldo_reps_s=0.070992,0.070751
hf    chunk       0      2.86 MB/s   0.739 Mtok/s  2253045396 ns/call
REF tool=hf version=0.23.2 chunk=0 bytes=6443660 calls=1 ids=1664519 sha=c798b83040dd4c34 s=2.253045 reps=3
FIRSTDIFF none
REF tool=gigatoken chunk=0 ids=1664518 sha=5240318387f733e4 hf_nopp_ids=1664518 hf_nopp_sha=5240318387f733e4 same_as_hf_nopp=yes first_diff=none
tikt  chunk       0     22.46 MB/s   5.802 Mtok/s   286875279 ns/call  ids==hf(no post-processor): yes
REF tool=tiktoken version=0.14.0 chunk=0 bytes=6443660 calls=1 ids=1664518 sha=5240318387f733e4 s=0.286875 reps=3 hf_nopp_ids=1664518 hf_nopp_sha=5240318387f733e4 same_as_hf_nopp=yes
EXACT yes toks == hf (1664519 c798b83040dd4c34)
PINNED cpu 8 siblings 8: 
BUSY cpu8 100% 
LOAD after 2.26 2.13 1.84
== llama4 cjk chunk 4096
LOAD before 2.26 2.13 1.84
PINNED cpu 8 siblings 8: 
toks  chunk    4096  cold   159.7 MB/s  48.60 Mtok/s     26344 ns/call | pass   139.8 MB/s | warm   488.5 MB/s | floor  44429.1 MB/s (memcpy) x_floor    318 | neon
E2E tool=toks tier=neon chunk=4096 bytes=3129985 calls=744 ids=952606 sha=9fa6ecbb427bdb77 cold_s=0.019600 pass_s=0.022391 warm_s=0.006408 lang_s=0.021508 warmo_s=0.009557 coldo_s=0.022054 floor_s=0.000070 floor_v=memcpy floor_xor_s=0.000243 floor_memcpy_s=0.000070 floor_nt_s=0.000252 ghz0=3.891 ghz1=3.888 load_ms=305 scratch_mib=6.37 cache_mib=0 memo_mib=4 reps=5 pass_after=other cold_reps_s=0.022322,0.019979,0.019869,0.019667,0.019600 pass_reps_s=0.022531,0.022409,0.022434,0.022391,0.022432 warm_reps_s=0.006408,0.006867,0.006459,0.006490,0.006554 lang_reps_s=0.021556,0.021567,0.021548,0.021508,0.021567 warmo_reps_s=0.009601,0.009594,0.009557,0.009571,0.009570 coldo_reps_s=0.022070,0.022054,0.022179,0.022572,0.023532
CTR pieces=270841 one=17410 over15=74895 thp_kb=26624 cold=116630/14161/140050 lc=0/0 memo=6985472/0 pass=25251/122347/123243 lc=0/0 memo=4059456/0 warm=663/50957/41359 lc=0/0 memo=0/425 lang=21984/125807/123050 lc=0/0 memo=0/0 warmo=1939/39447/53910 lc=0/0 memo=2982464/420 coldo=116630/14161/140050 lc=0/0 memo=6985472/0
giga  chunk    4096  cold    15.6 MB/s | pass    34.0 MB/s | warm   261.4 MB/s | bpe
GIGA tool=gigatoken version=fac0114b37120ec8a76362e9ee8e1c742aaafaef kind=bpe chunk=4096 bytes=3129985 calls=744 ids=951862 cold_s=0.200564 pass_s=0.092044 warm_s=0.011975 lang_s=0.091813 warmo_s=0.012298 coldo_s=0.202061 reps=5 cold_reps=2 load_ms=464 fresh_state_ms=13.575 cache_entries=313738 cache_mib=512 pass_after=other cold_reps_s=0.200564,0.202109 pass_reps_s=0.093691,0.093228,0.093078,0.092044,0.093269 entries_pass=313738 warm_reps_s=0.012022,0.012023,0.012085,0.012095,0.011975 entries_warm=313738 lang_reps_s=0.093445,0.091916,0.091813,0.092125,0.091937 entries_lang=442593 warmo_reps_s=0.012375,0.012474,0.012312,0.012298,0.012343 entries_warmo=442593 coldo_reps_s=0.202061,0.202479
hf    chunk    4096      5.09 MB/s   1.548 Mtok/s      827112 ns/call
REF tool=hf version=0.23.2 chunk=4096 bytes=3129985 calls=744 ids=952606 sha=9fa6ecbb427bdb77 s=0.615372 reps=3
FIRSTDIFF none
REF tool=gigatoken chunk=4096 ids=951862 sha=be5c4273578ad37f hf_nopp_ids=951862 hf_nopp_sha=be5c4273578ad37f same_as_hf_nopp=yes first_diff=none
tikt  chunk    4096     21.41 MB/s   6.512 Mtok/s      196469 ns/call  ids==hf(no post-processor): yes
REF tool=tiktoken version=0.14.0 chunk=4096 bytes=3129985 calls=744 ids=951862 sha=be5c4273578ad37f s=0.146173 reps=3 hf_nopp_ids=951862 hf_nopp_sha=be5c4273578ad37f same_as_hf_nopp=yes
EXACT yes toks == hf (952606 9fa6ecbb427bdb77)
PINNED cpu 8 siblings 8: 
BUSY cpu8 100% 
LOAD after 1.54 1.96 1.79
== llama4 cjk chunk 0
LOAD before 1.54 1.96 1.79
PINNED cpu 8 siblings 8: 
toks  chunk       0  cold   159.2 MB/s  48.42 Mtok/s  19655184 ns/call | pass   147.5 MB/s | warm   190.8 MB/s | floor  27405.8 MB/s (memcpy) x_floor    186 | neon
E2E tool=toks tier=neon chunk=0 bytes=3129985 calls=1 ids=951786 sha=88e479ba09edb167 cold_s=0.019655 pass_s=0.021225 warm_s=0.016404 lang_s=0.021115 warmo_s=0.020971 coldo_s=0.021255 floor_s=0.000114 floor_v=memcpy floor_xor_s=0.000255 floor_memcpy_s=0.000114 floor_nt_s=0.000248 ghz0=3.892 ghz1=3.894 load_ms=311 scratch_mib=113.46 cache_mib=0 memo_mib=4 reps=5 pass_after=other cold_reps_s=0.022356,0.020253,0.019655,0.019896,0.019706 pass_reps_s=0.021340,0.021343,0.021230,0.021225,0.021306 warm_reps_s=0.016510,0.016545,0.016602,0.016585,0.016404 lang_reps_s=0.021188,0.021167,0.021115,0.021148,0.021206 warmo_reps_s=0.021041,0.021036,0.021007,0.021018,0.020971 coldo_reps_s=0.021255,0.021293,0.021410,0.021413,0.021366
CTR pieces=270761 one=17344 over15=74895 thp_kb=26624 cold=25117/122401/123243 lc=0/0 memo=0/0 pass=25117/122401/123243 lc=0/0 memo=0/0 warm=19522/151256/99983 lc=0/0 memo=0/0 lang=21918/125793/123050 lc=0/0 memo=0/0 warmo=21845/126883/122033 lc=0/0 memo=0/0 coldo=25117/122401/123243 lc=0/0 memo=0/0
giga  chunk       0  cold    33.6 MB/s | pass    33.6 MB/s | warm   258.1 MB/s | bpe
GIGA tool=gigatoken version=fac0114b37120ec8a76362e9ee8e1c742aaafaef kind=bpe chunk=0 bytes=3129985 calls=1 ids=951785 cold_s=0.093142 pass_s=0.093255 warm_s=0.012129 lang_s=0.091927 warmo_s=0.012359 coldo_s=0.093152 reps=5 cold_reps=2 load_ms=464 fresh_state_ms=13.615 cache_entries=313738 cache_mib=512 pass_after=other cold_reps_s=0.093676,0.093142 pass_reps_s=0.093255,0.093340,0.093342,0.093439,0.093548 entries_pass=313738 warm_reps_s=0.012135,0.012145,0.012144,0.012129,0.012147 entries_warm=313738 lang_reps_s=0.093803,0.092554,0.092271,0.091927,0.092039 entries_lang=442593 warmo_reps_s=0.012434,0.012359,0.012417,0.012413,0.012418 entries_warmo=442593 coldo_reps_s=0.093152,0.093169
hf    chunk       0      3.16 MB/s   0.962 Mtok/s   989120414 ns/call
REF tool=hf version=0.23.2 chunk=0 bytes=3129985 calls=1 ids=951786 sha=88e479ba09edb167 s=0.989120 reps=3
FIRSTDIFF none
REF tool=gigatoken chunk=0 ids=951785 sha=aa12f6e19c0d916b hf_nopp_ids=951785 hf_nopp_sha=aa12f6e19c0d916b same_as_hf_nopp=yes first_diff=none
tikt  chunk       0     19.18 MB/s   5.831 Mtok/s   163226620 ns/call  ids==hf(no post-processor): yes
REF tool=tiktoken version=0.14.0 chunk=0 bytes=3129985 calls=1 ids=951785 sha=aa12f6e19c0d916b s=0.163227 reps=3 hf_nopp_ids=951785 hf_nopp_sha=aa12f6e19c0d916b same_as_hf_nopp=yes
EXACT yes toks == hf (951786 88e479ba09edb167)
PINNED cpu 8 siblings 8: 
BUSY cpu8 100% 
LOAD after 1.42 1.91 1.78
== minimaxm2 en chunk 4096
LOAD before 1.42 1.91 1.78
PINNED cpu 8 siblings 8: 
toks  chunk    4096  cold   303.4 MB/s  70.82 Mtok/s     13587 ns/call | pass   259.4 MB/s | warm 11444.3 MB/s | floor  51401.4 MB/s (memcpy) x_floor    198 | neon
E2E tool=toks tier=neon chunk=4096 bytes=2048653 calls=497 ids=478214 sha=dfdb245e73204235 cold_s=0.006753 pass_s=0.007897 warm_s=0.000179 lang_s=0.007327 warmo_s=0.000322 coldo_s=0.008599 floor_s=0.000040 floor_v=memcpy floor_xor_s=0.000145 floor_memcpy_s=0.000040 floor_nt_s=0.000151 ghz0=3.892 ghz1=3.892 load_ms=207 scratch_mib=7.15 cache_mib=0 memo_mib=4 reps=5 pass_after=other cold_reps_s=0.009136,0.007157,0.006788,0.006758,0.006753 pass_reps_s=0.007934,0.007954,0.007926,0.007897,0.007907 warm_reps_s=0.000180,0.000184,0.000179,0.000183,0.000183 lang_reps_s=0.007367,0.007349,0.007341,0.007327,0.007345 warmo_reps_s=0.000329,0.000325,0.000324,0.000327,0.000322 coldo_reps_s=0.008659,0.008653,0.008599,0.008623,0.008621
CTR pieces=437016 one=46245 over15=276 thp_kb=20480 cold=401421/5380/30215 lc=0/0 memo=3994304/0 pass=65753/355783/15480 lc=0/0 memo=3994304/0 warm=340/2401/15 lc=0/0 memo=24512/494 lang=61165/360561/15290 lc=0/0 memo=0/0 warmo=1297/2722/276 lc=0/0 memo=24512/492 coldo=401421/5380/30215 lc=0/0 memo=3994304/0
giga  chunk    4096  cold   124.3 MB/s | pass   265.5 MB/s | warm   587.0 MB/s | bpe
GIGA tool=gigatoken version=fac0114b37120ec8a76362e9ee8e1c742aaafaef kind=bpe chunk=4096 bytes=2048653 calls=497 ids=478214 cold_s=0.016485 pass_s=0.007716 warm_s=0.003490 lang_s=0.008595 warmo_s=0.003808 coldo_s=0.016373 reps=5 cold_reps=2 load_ms=347 fresh_state_ms=46.085 cache_entries=212428 cache_mib=512 pass_after=other cold_reps_s=0.016509,0.016485 pass_reps_s=0.007716,0.007718,0.007716,0.007755,0.007731 entries_pass=212428 warm_reps_s=0.003490,0.003500,0.003494,0.003533,0.003499 entries_warm=212428 lang_reps_s=0.008741,0.008704,0.008647,0.008595,0.008632 entries_lang=443795 warmo_reps_s=0.003817,0.003808,0.003849,0.003819,0.003847 entries_warmo=443795 coldo_reps_s=0.016443,0.016373
hf    chunk    4096      4.87 MB/s   1.136 Mtok/s      846729 ns/call
REF tool=hf version=0.23.2 chunk=4096 bytes=2048653 calls=497 ids=478214 sha=dfdb245e73204235 s=0.420825 reps=3
FIRSTDIFF none
REF tool=gigatoken chunk=4096 ids=478214 sha=dfdb245e73204235 hf_nopp_ids=478214 hf_nopp_sha=dfdb245e73204235 same_as_hf_nopp=yes first_diff=none
tikt  chunk    4096     34.03 MB/s   7.943 Mtok/s      121137 ns/call  ids==hf(no post-processor): yes
REF tool=tiktoken version=0.14.0 chunk=4096 bytes=2048653 calls=497 ids=478214 sha=dfdb245e73204235 s=0.060205 reps=3 hf_nopp_ids=478214 hf_nopp_sha=dfdb245e73204235 same_as_hf_nopp=yes
EXACT yes toks == hf (478214 dfdb245e73204235)
PINNED cpu 8 siblings 8: 
BUSY cpu8 100% 
LOAD after 1.08 1.66 1.70
== minimaxm2 en chunk 0
LOAD before 1.08 1.66 1.70
PINNED cpu 8 siblings 8: 
toks  chunk       0  cold   367.2 MB/s  85.70 Mtok/s   5579239 ns/call | pass   269.6 MB/s | warm   584.0 MB/s | floor  42173.3 MB/s (memcpy) x_floor    156 | neon
E2E tool=toks tier=neon chunk=0 bytes=2048653 calls=1 ids=478149 sha=3fb60fb926645464 cold_s=0.005579 pass_s=0.007599 warm_s=0.003508 lang_s=0.007502 warmo_s=0.007426 coldo_s=0.007537 floor_s=0.000049 floor_v=memcpy floor_xor_s=0.000154 floor_memcpy_s=0.000049 floor_nt_s=0.000149 ghz0=3.895 ghz1=3.893 load_ms=207 scratch_mib=222.87 cache_mib=0 memo_mib=4 reps=5 pass_after=other cold_reps_s=0.007249,0.006032,0.005790,0.005654,0.005579 pass_reps_s=0.007599,0.007614,0.007626,0.007638,0.007638 warm_reps_s=0.003552,0.003526,0.003556,0.003532,0.003508 lang_reps_s=0.007502,0.007535,0.007613,0.007579,0.007562 warmo_reps_s=0.007478,0.007426,0.007442,0.007462,0.007480 coldo_reps_s=0.007565,0.007582,0.007537,0.007633,0.007613
CTR pieces=436950 one=46245 over15=276 thp_kb=20480 cold=65696/355776/15478 lc=0/0 memo=0/0 pass=65696/355776/15478 lc=0/0 memo=0/0 warm=50269/382801/3880 lc=0/0 memo=0/0 lang=61165/360497/15288 lc=0/0 memo=0/0 warmo=60844/361230/14876 lc=0/0 memo=0/0 coldo=65696/355776/15478 lc=0/0 memo=0/0
giga  chunk       0  cold   268.1 MB/s | pass   259.9 MB/s | warm   603.2 MB/s | bpe
GIGA tool=gigatoken version=fac0114b37120ec8a76362e9ee8e1c742aaafaef kind=bpe chunk=0 bytes=2048653 calls=1 ids=478149 cold_s=0.007641 pass_s=0.007882 warm_s=0.003397 lang_s=0.008757 warmo_s=0.003692 coldo_s=0.007900 reps=5 cold_reps=2 load_ms=347 fresh_state_ms=46.006 cache_entries=212426 cache_mib=512 pass_after=other cold_reps_s=0.008331,0.007641 pass_reps_s=0.007983,0.008638,0.007898,0.007882,0.007925 entries_pass=212426 warm_reps_s=0.003406,0.003505,0.003402,0.003397,0.003405 entries_warm=212426 lang_reps_s=0.008781,0.008757,0.008796,0.008759,0.008799 entries_lang=443793 warmo_reps_s=0.003692,0.003693,0.003703,0.003705,0.003693 entries_warmo=443793 coldo_reps_s=0.007905,0.007900
hf    chunk       0      2.90 MB/s   0.676 Mtok/s   707059574 ns/call
REF tool=hf version=0.23.2 chunk=0 bytes=2048653 calls=1 ids=478149 sha=3fb60fb926645464 s=0.707060 reps=3
FIRSTDIFF none
REF tool=gigatoken chunk=0 ids=478149 sha=3fb60fb926645464 hf_nopp_ids=478149 hf_nopp_sha=3fb60fb926645464 same_as_hf_nopp=yes first_diff=none
tikt  chunk       0     28.24 MB/s   6.590 Mtok/s    72554418 ns/call  ids==hf(no post-processor): yes
REF tool=tiktoken version=0.14.0 chunk=0 bytes=2048653 calls=1 ids=478149 sha=3fb60fb926645464 s=0.072554 reps=3 hf_nopp_ids=478149 hf_nopp_sha=3fb60fb926645464 same_as_hf_nopp=yes
EXACT yes toks == hf (478149 3fb60fb926645464)
PINNED cpu 8 siblings 8: 
BUSY cpu8 100% 
LOAD after 1.06 1.62 1.69
== minimaxm2 code chunk 4096
LOAD before 1.06 1.62 1.69
PINNED cpu 8 siblings 8: 
toks  chunk    4096  cold   436.8 MB/s 107.02 Mtok/s      9446 ns/call | pass   312.2 MB/s | warm  8988.8 MB/s | floor  55518.3 MB/s (memcpy) x_floor    178 | neon
E2E tool=toks tier=neon chunk=4096 bytes=614699 calls=149 ids=150613 sha=0bbe1b26586d9769 cold_s=0.001407 pass_s=0.001969 warm_s=0.000068 lang_s=0.001875 warmo_s=0.000160 coldo_s=0.002086 floor_s=0.000011 floor_v=memcpy floor_xor_s=0.000044 floor_memcpy_s=0.000011 floor_nt_s=0.000045 ghz0=3.892 ghz1=3.889 load_ms=206 scratch_mib=7.15 cache_mib=0 memo_mib=4 reps=5 pass_after=other cold_reps_s=0.001845,0.001499,0.001441,0.001429,0.001407 pass_reps_s=0.001988,0.001989,0.001987,0.001989,0.001969 warm_reps_s=0.000068,0.000069,0.000070,0.000070,0.000070 lang_reps_s=0.001881,0.001894,0.001877,0.001875,0.001875 warmo_reps_s=0.000162,0.000162,0.000163,0.000161,0.000160 coldo_reps_s=0.002101,0.002121,0.002100,0.002087,0.002086
CTR pieces=138813 one=19847 over15=1211 thp_kb=20480 cold=127063/4970/6780 lc=0/0 memo=1227008/0 pass=29082/105682/4049 lc=0/0 memo=1227008/0 warm=0/0/0 lc=0/0 memo=0/149 lang=24664/110107/4042 lc=0/0 memo=0/0 warmo=686/1810/127 lc=0/0 memo=7104/146 coldo=127063/4970/6780 lc=0/0 memo=1227008/0
giga  chunk    4096  cold   137.9 MB/s | pass   324.0 MB/s | warm   663.1 MB/s | bpe
GIGA tool=gigatoken version=fac0114b37120ec8a76362e9ee8e1c742aaafaef kind=bpe chunk=4096 bytes=614699 calls=149 ids=150613 cold_s=0.004457 pass_s=0.001897 warm_s=0.000927 lang_s=0.002090 warmo_s=0.001026 coldo_s=0.004498 reps=5 cold_reps=2 load_ms=347 fresh_state_ms=46.119 cache_entries=200859 cache_mib=512 pass_after=other cold_reps_s=0.004499,0.004457 pass_reps_s=0.001907,0.001925,0.001897,0.001907,0.001906 entries_pass=200859 warm_reps_s=0.000930,0.000942,0.000927,0.000928,0.000932 entries_warm=200859 lang_reps_s=0.002106,0.002213,0.002092,0.002107,0.002090 entries_lang=443795 warmo_reps_s=0.001028,0.001038,0.001032,0.001026,0.001029 entries_warmo=443795 coldo_reps_s=0.004498,0.004511
hf    chunk    4096      5.22 MB/s   1.278 Mtok/s      790681 ns/call
REF tool=hf version=0.23.2 chunk=4096 bytes=614699 calls=149 ids=150613 sha=0bbe1b26586d9769 s=0.117811 reps=3
FIRSTDIFF none
REF tool=gigatoken chunk=4096 ids=150613 sha=0bbe1b26586d9769 hf_nopp_ids=150613 hf_nopp_sha=0bbe1b26586d9769 same_as_hf_nopp=yes first_diff=none
tikt  chunk    4096     28.54 MB/s   6.994 Mtok/s      144533 ns/call  ids==hf(no post-processor): yes
REF tool=tiktoken version=0.14.0 chunk=4096 bytes=614699 calls=149 ids=150613 sha=0bbe1b26586d9769 s=0.021535 reps=3 hf_nopp_ids=150613 hf_nopp_sha=0bbe1b26586d9769 same_as_hf_nopp=yes
EXACT yes toks == hf (150613 0bbe1b26586d9769)
PINNED cpu 8 siblings 8: 
BUSY cpu8 100% 
LOAD after 1.04 1.56 1.67
== minimaxm2 code chunk 0
LOAD before 1.04 1.56 1.67
PINNED cpu 8 siblings 8: 
toks  chunk       0  cold   510.3 MB/s 125.02 Mtok/s   1204572 ns/call | pass   329.4 MB/s | warm  8558.3 MB/s | floor  50085.5 MB/s (memcpy) x_floor    152 | neon
E2E tool=toks tier=neon chunk=0 bytes=614699 calls=1 ids=150591 sha=6894f78ea9255abc cold_s=0.001205 pass_s=0.001866 warm_s=0.000072 lang_s=0.001828 warmo_s=0.001796 coldo_s=0.001892 floor_s=0.000012 floor_v=memcpy floor_xor_s=0.000046 floor_memcpy_s=0.000012 floor_nt_s=0.000046 ghz0=3.892 ghz1=3.895 load_ms=208 scratch_mib=71.07 cache_mib=0 memo_mib=4 reps=5 pass_after=other cold_reps_s=0.001542,0.001277,0.001233,0.001216,0.001205 pass_reps_s=0.001952,0.001887,0.001886,0.001866,0.001879 warm_reps_s=0.000073,0.000072,0.000073,0.000072,0.000075 lang_reps_s=0.001850,0.001843,0.001828,0.001834,0.001829 warmo_reps_s=0.001804,0.001802,0.001796,0.001807,0.001809 coldo_reps_s=0.001915,0.001907,0.001911,0.001923,0.001892
CTR pieces=138789 one=19824 over15=1211 thp_kb=20480 cold=28863/105876/4050 lc=0/0 memo=1217152/0 pass=28863/105876/4050 lc=0/0 memo=1217152/0 warm=0/0/0 lc=0/0 memo=0/1 lang=24641/110105/4043 lc=0/0 memo=0/0 warmo=24582/110248/3959 lc=0/0 memo=0/0 coldo=28863/105876/4050 lc=0/0 memo=1217152/0
giga  chunk       0  cold   312.2 MB/s | pass   301.9 MB/s | warm   585.3 MB/s | bpe
GIGA tool=gigatoken version=fac0114b37120ec8a76362e9ee8e1c742aaafaef kind=bpe chunk=0 bytes=614699 calls=1 ids=150591 cold_s=0.001969 pass_s=0.002036 warm_s=0.001050 lang_s=0.002211 warmo_s=0.001149 coldo_s=0.002033 reps=5 cold_reps=2 load_ms=348 fresh_state_ms=46.498 cache_entries=200860 cache_mib=512 pass_after=other cold_reps_s=0.001984,0.001969 pass_reps_s=0.002050,0.002043,0.002047,0.002036,0.002042 entries_pass=200860 warm_reps_s=0.001051,0.001051,0.001051,0.001053,0.001050 entries_warm=200860 lang_reps_s=0.002230,0.002211,0.002244,0.002221,0.002228 entries_lang=443796 warmo_reps_s=0.001149,0.001151,0.001152,0.001156,0.001153 entries_warmo=443796 coldo_reps_s=0.002373,0.002033
hf    chunk       0      3.45 MB/s   0.845 Mtok/s   178199317 ns/call
REF tool=hf version=0.23.2 chunk=0 bytes=614699 calls=1 ids=150591 sha=6894f78ea9255abc s=0.178199 reps=3
FIRSTDIFF none
REF tool=gigatoken chunk=0 ids=150591 sha=6894f78ea9255abc hf_nopp_ids=150591 hf_nopp_sha=6894f78ea9255abc same_as_hf_nopp=yes first_diff=none
tikt  chunk       0     27.39 MB/s   6.709 Mtok/s    22446139 ns/call  ids==hf(no post-processor): yes
REF tool=tiktoken version=0.14.0 chunk=0 bytes=614699 calls=1 ids=150591 sha=6894f78ea9255abc s=0.022446 reps=3 hf_nopp_ids=150591 hf_nopp_sha=6894f78ea9255abc same_as_hf_nopp=yes
EXACT yes toks == hf (150591 6894f78ea9255abc)
PINNED cpu 8 siblings 8: 
BUSY cpu8 99% 
LOAD after 1.03 1.54 1.66
== minimaxm2 ml chunk 4096
LOAD before 1.03 1.54 1.66
PINNED cpu 8 siblings 8: 
toks  chunk    4096  cold   124.3 MB/s  35.47 Mtok/s     35911 ns/call | pass   141.5 MB/s | warm   253.2 MB/s | floor  42788.6 MB/s (memcpy) x_floor    302 | neon
E2E tool=toks tier=neon chunk=4096 bytes=6443660 calls=1443 ids=1838026 sha=8dca2283ee36dc92 cold_s=0.051819 pass_s=0.045533 warm_s=0.025452 lang_s=0.044069 warmo_s=0.029725 coldo_s=0.054002 floor_s=0.000151 floor_v=memcpy floor_xor_s=0.000489 floor_memcpy_s=0.000151 floor_nt_s=0.000547 ghz0=3.892 ghz1=3.872 load_ms=206 scratch_mib=7.15 cache_mib=0 memo_mib=4 reps=5 pass_after=other cold_reps_s=0.055142,0.052695,0.052493,0.052162,0.051819 pass_reps_s=0.045533,0.045674,0.045608,0.047209,0.045689 warm_reps_s=0.025452,0.025480,0.025511,0.026725,0.025523 lang_reps_s=0.044117,0.044230,0.044069,0.044283,0.044131 warmo_reps_s=0.029744,0.029725,0.029807,0.029838,0.029795 coldo_reps_s=0.054037,0.054021,0.054073,0.054002,0.054056
CTR pieces=1187496 one=149877 over15=39097 thp_kb=20480 cold=890739/61557/235200 lc=0/0 memo=13888704/0 pass=177812/871964/137720 lc=0/0 memo=4071616/0 warm=120592/714671/63169 lc=0/0 memo=4051136/363 lang=174038/875912/137546 lc=0/0 memo=22144/0 warmo=124542/694375/79515 lc=0/0 memo=4051136/363 coldo=890739/61557/235200 lc=0/0 memo=13888704/0
giga  chunk    4096  cold    53.8 MB/s | pass   101.4 MB/s | warm   253.7 MB/s | bpe
GIGA tool=gigatoken version=fac0114b37120ec8a76362e9ee8e1c742aaafaef kind=bpe chunk=4096 bytes=6443660 calls=1443 ids=1838026 cold_s=0.119737 pass_s=0.063517 warm_s=0.025396 lang_s=0.065097 warmo_s=0.025812 coldo_s=0.122024 reps=5 cold_reps=2 load_ms=349 fresh_state_ms=46.406 cache_entries=308292 cache_mib=512 pass_after=other cold_reps_s=0.119737,0.120344 pass_reps_s=0.063748,0.064009,0.063791,0.063517,0.063832 entries_pass=308292 warm_reps_s=0.025598,0.025619,0.025532,0.025396,0.025555 entries_warm=308292 lang_reps_s=0.065158,0.065105,0.065373,0.065097,0.065307 entries_lang=443796 warmo_reps_s=0.025851,0.025821,0.026137,0.026147,0.025812 entries_warmo=443796 coldo_reps_s=0.122024,0.122273
hf    chunk    4096      3.99 MB/s   1.139 Mtok/s     1118003 ns/call
REF tool=hf version=0.23.2 chunk=4096 bytes=6443660 calls=1443 ids=1838026 sha=8dca2283ee36dc92 s=1.613279 reps=3
FIRSTDIFF none
REF tool=gigatoken chunk=4096 ids=1838026 sha=8dca2283ee36dc92 hf_nopp_ids=1838026 hf_nopp_sha=8dca2283ee36dc92 same_as_hf_nopp=yes first_diff=none
tikt  chunk    4096     25.81 MB/s   7.363 Mtok/s      172999 ns/call  ids==hf(no post-processor): yes
REF tool=tiktoken version=0.14.0 chunk=4096 bytes=6443660 calls=1443 ids=1838026 sha=8dca2283ee36dc92 s=0.249638 reps=3 hf_nopp_ids=1838026 hf_nopp_sha=8dca2283ee36dc92 same_as_hf_nopp=yes
EXACT yes toks == hf (1838026 8dca2283ee36dc92)
PINNED cpu 8 siblings 8: 
BUSY cpu8 100% 
LOAD after 1.45 1.33 1.52
== minimaxm2 ml chunk 0
LOAD before 1.45 1.33 1.52
PINNED cpu 8 siblings 8: 
toks  chunk       0  cold   149.9 MB/s  42.73 Mtok/s  43000063 ns/call | pass   146.4 MB/s | warm   163.8 MB/s | floor  26679.3 MB/s (memcpy) x_floor    182 | neon
E2E tool=toks tier=neon chunk=0 bytes=6443660 calls=1 ids=1837530 sha=2ec2c44a269a407e cold_s=0.043000 pass_s=0.044000 warm_s=0.039345 lang_s=0.043919 warmo_s=0.043329 coldo_s=0.043903 floor_s=0.000242 floor_v=memcpy floor_xor_s=0.000524 floor_memcpy_s=0.000242 floor_nt_s=0.000504 ghz0=3.890 ghz1=3.889 load_ms=208 scratch_mib=688.11 cache_mib=0 memo_mib=4 reps=5 pass_after=other cold_reps_s=0.047161,0.044745,0.044451,0.043439,0.043000 pass_reps_s=0.045601,0.044264,0.044091,0.044052,0.044000 warm_reps_s=0.040003,0.039787,0.039502,0.039405,0.039345 lang_reps_s=0.045809,0.044031,0.044129,0.043919,0.043921 warmo_reps_s=0.043698,0.043476,0.043700,0.043400,0.043329 coldo_reps_s=0.043965,0.043903,0.044307,0.044416,0.045462
CTR pieces=1186921 one=149377 over15=39097 thp_kb=20480 cold=177260/871945/137716 lc=0/0 memo=0/0 pass=177260/871945/137716 lc=0/0 memo=0/0 warm=169286/895315/122320 lc=0/0 memo=0/0 lang=173536/875843/137542 lc=0/0 memo=0/0 warmo=172901/878992/135028 lc=0/0 memo=0/0 coldo=177260/871945/137716 lc=0/0 memo=0/0
giga  chunk       0  cold    98.7 MB/s | pass    98.2 MB/s | warm   250.2 MB/s | bpe
GIGA tool=gigatoken version=fac0114b37120ec8a76362e9ee8e1c742aaafaef kind=bpe chunk=0 bytes=6443660 calls=1 ids=1837530 cold_s=0.065302 pass_s=0.065605 warm_s=0.025756 lang_s=0.066128 warmo_s=0.025737 coldo_s=0.065544 reps=5 cold_reps=2 load_ms=350 fresh_state_ms=46.380 cache_entries=308290 cache_mib=512 pass_after=other cold_reps_s=0.068110,0.065302 pass_reps_s=0.065605,0.067015,0.065922,0.066546,0.065842 entries_pass=308290 warm_reps_s=0.025756,0.026063,0.025950,0.026010,0.025927 entries_warm=308290 lang_reps_s=0.066128,0.067134,0.067976,0.067161,0.067728 entries_lang=443794 warmo_reps_s=0.026083,0.025737,0.025962,0.026168,0.026115 entries_warmo=443794 coldo_reps_s=0.065637,0.065544
hf    chunk       0      2.49 MB/s   0.709 Mtok/s  2592642278 ns/call
REF tool=hf version=0.23.2 chunk=0 bytes=6443660 calls=1 ids=1837530 sha=2ec2c44a269a407e s=2.592642 reps=3
FIRSTDIFF none
REF tool=gigatoken chunk=0 ids=1837530 sha=2ec2c44a269a407e hf_nopp_ids=1837530 hf_nopp_sha=2ec2c44a269a407e same_as_hf_nopp=yes first_diff=none
tikt  chunk       0     22.90 MB/s   6.530 Mtok/s   281407085 ns/call  ids==hf(no post-processor): yes
REF tool=tiktoken version=0.14.0 chunk=0 bytes=6443660 calls=1 ids=1837530 sha=2ec2c44a269a407e s=0.281407 reps=3 hf_nopp_ids=1837530 hf_nopp_sha=2ec2c44a269a407e same_as_hf_nopp=yes
EXACT yes toks == hf (1837530 2ec2c44a269a407e)
PINNED cpu 8 siblings 8: 
BUSY cpu8 100% 
LOAD after 1.70 1.40 1.54
== minimaxm2 cjk chunk 4096
LOAD before 1.70 1.40 1.54
PINNED cpu 8 siblings 8: 
toks  chunk    4096  cold   144.6 MB/s  40.38 Mtok/s     29097 ns/call | pass   130.5 MB/s | warm   445.7 MB/s | floor  44672.6 MB/s (memcpy) x_floor    342 | neon
E2E tool=toks tier=neon chunk=4096 bytes=3129985 calls=744 ids=874060 sha=16e7a9ccfcf7ed66 cold_s=0.021648 pass_s=0.023986 warm_s=0.007023 lang_s=0.023074 warmo_s=0.009185 coldo_s=0.023851 floor_s=0.000070 floor_v=memcpy floor_xor_s=0.000235 floor_memcpy_s=0.000070 floor_nt_s=0.000253 ghz0=3.890 ghz1=3.892 load_ms=208 scratch_mib=7.15 cache_mib=0 memo_mib=4 reps=5 pass_after=other cold_reps_s=0.024743,0.022266,0.021848,0.021648,0.021658 pass_reps_s=0.023986,0.024088,0.024075,0.024067,0.024125 warm_reps_s=0.007096,0.007023,0.007080,0.007056,0.007086 lang_reps_s=0.023104,0.023110,0.023143,0.023074,0.023143 warmo_reps_s=0.009185,0.009205,0.009234,0.009238,0.009408 coldo_reps_s=0.023904,0.024004,0.023851,0.023931,0.023909
CTR pieces=270841 one=17410 over15=74895 thp_kb=20480 cold=121266/12258/137317 lc=0/0 memo=6674880/0 pass=26566/122523/121752 lc=0/0 memo=4063168/0 warm=995/49529/37449 lc=0/0 memo=0/444 lang=23126/126116/121599 lc=0/0 memo=0/0 warmo=2137/36810/49026 lc=0/0 memo=0/444 coldo=121266/12258/137317 lc=0/0 memo=6674880/0
giga  chunk    4096  cold    25.4 MB/s | pass    40.6 MB/s | warm   191.9 MB/s | bpe
GIGA tool=gigatoken version=fac0114b37120ec8a76362e9ee8e1c742aaafaef kind=bpe chunk=4096 bytes=3129985 calls=744 ids=874060 cold_s=0.123298 pass_s=0.077059 warm_s=0.016314 lang_s=0.084602 warmo_s=0.017157 coldo_s=0.124359 reps=5 cold_reps=2 load_ms=363 fresh_state_ms=48.244 cache_entries=317102 cache_mib=512 pass_after=other cold_reps_s=0.123298,0.123710 pass_reps_s=0.077059,0.077648,0.078255,0.077373,0.078606 entries_pass=317102 warm_reps_s=0.016691,0.016584,0.016314,0.016674,0.016344 entries_warm=317102 lang_reps_s=0.085151,0.084602,0.084906,0.085011,0.084780 entries_lang=443796 warmo_reps_s=0.017195,0.017210,0.017274,0.017254,0.017157 entries_warmo=443796 coldo_reps_s=0.124359,0.124577
hf    chunk    4096      4.97 MB/s   1.388 Mtok/s      846618 ns/call
REF tool=hf version=0.23.2 chunk=4096 bytes=3129985 calls=744 ids=874060 sha=16e7a9ccfcf7ed66 s=0.629884 reps=3
FIRSTDIFF none
REF tool=gigatoken chunk=4096 ids=874060 sha=16e7a9ccfcf7ed66 hf_nopp_ids=874060 hf_nopp_sha=16e7a9ccfcf7ed66 same_as_hf_nopp=yes first_diff=none
tikt  chunk    4096     21.09 MB/s   5.889 Mtok/s      199503 ns/call  ids==hf(no post-processor): yes
REF tool=tiktoken version=0.14.0 chunk=4096 bytes=3129985 calls=744 ids=874060 sha=16e7a9ccfcf7ed66 s=0.148430 reps=3 hf_nopp_ids=874060 hf_nopp_sha=16e7a9ccfcf7ed66 same_as_hf_nopp=yes
EXACT yes toks == hf (874060 16e7a9ccfcf7ed66)
PINNED cpu 8 siblings 8: 
BUSY cpu8 100% 
LOAD after 1.09 1.29 1.48
== minimaxm2 cjk chunk 0
LOAD before 1.09 1.29 1.48
PINNED cpu 8 siblings 8: 
toks  chunk       0  cold   148.1 MB/s  41.36 Mtok/s  21133116 ns/call | pass   138.5 MB/s | warm   169.9 MB/s | floor  30642.6 MB/s (memcpy) x_floor    221 | neon
E2E tool=toks tier=neon chunk=0 bytes=3129985 calls=1 ids=873980 sha=2001df591d095148 cold_s=0.021133 pass_s=0.022603 warm_s=0.018421 lang_s=0.022556 warmo_s=0.022183 coldo_s=0.022598 floor_s=0.000102 floor_v=memcpy floor_xor_s=0.000252 floor_memcpy_s=0.000102 floor_nt_s=0.000250 ghz0=3.890 ghz1=3.888 load_ms=207 scratch_mib=337.34 cache_mib=0 memo_mib=4 reps=5 pass_after=other cold_reps_s=0.023520,0.021825,0.021395,0.021276,0.021133 pass_reps_s=0.022632,0.022658,0.022697,0.022719,0.022603 warm_reps_s=0.018465,0.018519,0.018433,0.018421,0.018448 lang_reps_s=0.022556,0.022610,0.022622,0.022634,0.022634 warmo_reps_s=0.022183,0.022431,0.022473,0.022477,0.022422 coldo_reps_s=0.022698,0.022704,0.022734,0.022658,0.022598
CTR pieces=270761 one=17344 over15=74895 thp_kb=20480 cold=26430/122579/121752 lc=0/0 memo=0/0 pass=26430/122579/121752 lc=0/0 memo=0/0 warm=20158/152170/98433 lc=0/0 memo=0/0 lang=23060/126102/121599 lc=0/0 memo=0/0 warmo=22955/127380/120426 lc=0/0 memo=0/0 coldo=26430/122579/121752 lc=0/0 memo=0/0
giga  chunk       0  cold    40.1 MB/s | pass    40.3 MB/s | warm   187.9 MB/s | bpe
GIGA tool=gigatoken version=fac0114b37120ec8a76362e9ee8e1c742aaafaef kind=bpe chunk=0 bytes=3129985 calls=1 ids=873980 cold_s=0.078008 pass_s=0.077719 warm_s=0.016657 lang_s=0.081844 warmo_s=0.017272 coldo_s=0.077628 reps=5 cold_reps=2 load_ms=350 fresh_state_ms=46.818 cache_entries=317102 cache_mib=512 pass_after=other cold_reps_s=0.079447,0.078008 pass_reps_s=0.077719,0.077916,0.078946,0.078732,0.078998 entries_pass=317102 warm_reps_s=0.016889,0.016981,0.016768,0.016982,0.016657 entries_warm=317102 lang_reps_s=0.084785,0.081844,0.085041,0.082934,0.084992 entries_lang=443796 warmo_reps_s=0.017393,0.017272,0.017504,0.017355,0.017279 entries_warmo=443796 coldo_reps_s=0.077973,0.077628
hf    chunk       0      3.19 MB/s   0.890 Mtok/s   982541396 ns/call
REF tool=hf version=0.23.2 chunk=0 bytes=3129985 calls=1 ids=873980 sha=2001df591d095148 s=0.982541 reps=3
FIRSTDIFF none
REF tool=gigatoken chunk=0 ids=873980 sha=2001df591d095148 hf_nopp_ids=873980 hf_nopp_sha=2001df591d095148 same_as_hf_nopp=yes first_diff=none
tikt  chunk       0     18.80 MB/s   5.251 Mtok/s   166445618 ns/call  ids==hf(no post-processor): yes
REF tool=tiktoken version=0.14.0 chunk=0 bytes=3129985 calls=1 ids=873980 sha=2001df591d095148 s=0.166446 reps=3 hf_nopp_ids=873980 hf_nopp_sha=2001df591d095148 same_as_hf_nopp=yes
EXACT yes toks == hf (873980 2001df591d095148)
PINNED cpu 8 siblings 8: 
BUSY cpu8 100% 
LOAD after 1.07 1.27 1.47
== dsv4 en chunk 4096
LOAD before 1.07 1.27 1.47
PINNED cpu 8 siblings 8: 
toks  chunk    4096  cold   262.0 MB/s  69.17 Mtok/s     15735 ns/call | pass   295.5 MB/s | warm  7258.9 MB/s | floor  48833.3 MB/s (memcpy) x_floor    165 | neon
E2E tool=toks tier=neon chunk=4096 bytes=2048653 calls=497 ids=540943 sha=c8d43dc136f81ba5 cold_s=0.007820 pass_s=0.006933 warm_s=0.000282 lang_s=0.006263 warmo_s=0.000601 coldo_s=0.008653 floor_s=0.000042 floor_v=memcpy floor_xor_s=0.000152 floor_memcpy_s=0.000042 floor_nt_s=0.000158 ghz0=3.886 ghz1=3.889 load_ms=150 scratch_mib=6.37 cache_mib=0 memo_mib=4 reps=5 pass_after=other cold_reps_s=0.009731,0.008088,0.007860,0.007820,0.007828 pass_reps_s=0.006992,0.006987,0.006933,0.006949,0.006954 warm_reps_s=0.000298,0.000302,0.000282,0.000295,0.000297 lang_reps_s=0.006358,0.006357,0.006308,0.006323,0.006263 warmo_reps_s=0.000632,0.000601,0.000621,0.000608,0.000623 coldo_reps_s=0.008689,0.008722,0.008661,0.008653,0.008691
CTR pieces=443241 one=49362 over15=273 thp_kb=12288 cold=371960/28944/42337 lc=0/0 memo=4245440/0 pass=65815/354750/22676 lc=0/0 memo=4063168/0 warm=2444/17298/257 lc=0/0 memo=0/474 lang=61707/359111/22423 lc=0/0 memo=0/0 warmo=4307/14245/1447 lc=0/0 memo=0/474 coldo=371960/28944/42337 lc=0/0 memo=4245440/0
giga  chunk    4096  cold   121.5 MB/s | pass   207.5 MB/s | warm   351.5 MB/s | bpe
GIGA tool=gigatoken version=fac0114b37120ec8a76362e9ee8e1c742aaafaef kind=bpe chunk=4096 bytes=2048653 calls=497 ids=540943 cold_s=0.016856 pass_s=0.009871 warm_s=0.005828 lang_s=0.010148 warmo_s=0.005540 coldo_s=0.016606 reps=5 cold_reps=2 load_ms=219 fresh_state_ms=25.605 cache_entries=142738 cache_mib=512 pass_after=other cold_reps_s=0.016925,0.016856 pass_reps_s=0.009884,0.009915,0.009911,0.009931,0.009871 entries_pass=142738 warm_reps_s=0.005847,0.005831,0.005829,0.005839,0.005828 entries_warm=142738 lang_reps_s=0.010215,0.010244,0.010148,0.010237,0.010231 entries_lang=377558 warmo_reps_s=0.005558,0.005540,0.005548,0.005555,0.005545 entries_warmo=377558 coldo_reps_s=0.016606,0.016637
hf    chunk    4096      4.85 MB/s   1.282 Mtok/s      849094 ns/call
REF tool=hf version=0.23.2 chunk=4096 bytes=2048653 calls=497 ids=540943 sha=c8d43dc136f81ba5 s=0.422000 reps=3
FIRSTDIFF none
REF tool=gigatoken chunk=4096 ids=540943 sha=c8d43dc136f81ba5 hf_nopp_ids=540943 hf_nopp_sha=c8d43dc136f81ba5 same_as_hf_nopp=yes first_diff=none
REF tool=tiktoken chunk=4096 na=not_one_split_pattern_plus_bytelevel
EXACT yes toks == hf (540943 c8d43dc136f81ba5)
PINNED cpu 8 siblings 8: 
BUSY cpu8 100% 
LOAD after 1.03 1.23 1.44
== dsv4 en chunk 0
LOAD before 1.03 1.23 1.44
PINNED cpu 8 siblings 8: 
toks  chunk       0  cold   354.1 MB/s  93.50 Mtok/s   5785194 ns/call | pass   307.5 MB/s | warm   580.6 MB/s | floor  39751.1 MB/s (memcpy) x_floor    129 | neon
E2E tool=toks tier=neon chunk=0 bytes=2048653 calls=1 ids=540943 sha=c8d43dc136f81ba5 cold_s=0.005785 pass_s=0.006662 warm_s=0.003529 lang_s=0.006629 warmo_s=0.006524 coldo_s=0.006644 floor_s=0.000052 floor_v=memcpy floor_xor_s=0.000159 floor_memcpy_s=0.000052 floor_nt_s=0.000155 ghz0=3.889 ghz1=3.894 load_ms=149 scratch_mib=76.34 cache_mib=0 memo_mib=4 reps=5 pass_after=other cold_reps_s=0.007206,0.006084,0.005884,0.005838,0.005785 pass_reps_s=0.006662,0.006682,0.006693,0.006733,0.006703 warm_reps_s=0.003573,0.003529,0.003536,0.003588,0.003569 lang_reps_s=0.006629,0.006639,0.006678,0.006634,0.006640 warmo_reps_s=0.006524,0.006528,0.006589,0.006594,0.006575 coldo_reps_s=0.006679,0.006644,0.006702,0.006679,0.006718
CTR pieces=443175 one=49362 over15=273 thp_kb=12288 cold=65759/354679/22737 lc=0/0 memo=0/0 pass=65759/354679/22737 lc=0/0 memo=0/0 warm=52606/380992/9577 lc=0/0 memo=0/0 lang=61707/358984/22484 lc=0/0 memo=0/0 warmo=61530/359512/22133 lc=0/0 memo=0/0 coldo=65759/354679/22737 lc=0/0 memo=0/0
giga  chunk       0  cold   211.3 MB/s | pass   206.0 MB/s | warm   352.0 MB/s | bpe
GIGA tool=gigatoken version=fac0114b37120ec8a76362e9ee8e1c742aaafaef kind=bpe chunk=0 bytes=2048653 calls=1 ids=540943 cold_s=0.009696 pass_s=0.009944 warm_s=0.005820 lang_s=0.010074 warmo_s=0.005526 coldo_s=0.009985 reps=5 cold_reps=2 load_ms=216 fresh_state_ms=25.735 cache_entries=142736 cache_mib=512 pass_after=other cold_reps_s=0.010540,0.009696 pass_reps_s=0.010011,0.010043,0.009997,0.009944,0.010045 entries_pass=142736 warm_reps_s=0.005833,0.005839,0.005823,0.005820,0.005827 entries_warm=142736 lang_reps_s=0.010126,0.010074,0.010111,0.010106,0.010125 entries_lang=377556 warmo_reps_s=0.005545,0.005541,0.005526,0.005536,0.005548 entries_warmo=377556 coldo_reps_s=0.009987,0.009985
hf    chunk       0      2.93 MB/s   0.773 Mtok/s   700137536 ns/call
REF tool=hf version=0.23.2 chunk=0 bytes=2048653 calls=1 ids=540943 sha=c8d43dc136f81ba5 s=0.700138 reps=3
FIRSTDIFF none
REF tool=gigatoken chunk=0 ids=540943 sha=c8d43dc136f81ba5 hf_nopp_ids=540943 hf_nopp_sha=c8d43dc136f81ba5 same_as_hf_nopp=yes first_diff=none
REF tool=tiktoken chunk=0 na=not_one_split_pattern_plus_bytelevel
EXACT yes toks == hf (540943 c8d43dc136f81ba5)
PINNED cpu 8 siblings 8: 
BUSY cpu8 100% 
LOAD after 1.02 1.22 1.44
== dsv4 code chunk 4096
LOAD before 1.02 1.22 1.44
PINNED cpu 8 siblings 8: 
toks  chunk    4096  cold   319.5 MB/s  81.79 Mtok/s     12913 ns/call | pass   332.2 MB/s | warm 13829.3 MB/s | floor  50751.2 MB/s (memcpy) x_floor    153 | neon
E2E tool=toks tier=neon chunk=4096 bytes=614699 calls=149 ids=157370 sha=e9e961123b7f58a2 cold_s=0.001924 pass_s=0.001850 warm_s=0.000044 lang_s=0.001754 warmo_s=0.000225 coldo_s=0.002265 floor_s=0.000012 floor_v=memcpy floor_xor_s=0.000045 floor_memcpy_s=0.000012 floor_nt_s=0.000046 ghz0=3.890 ghz1=3.894 load_ms=150 scratch_mib=6.37 cache_mib=0 memo_mib=4 reps=5 pass_after=other cold_reps_s=0.002277,0.001986,0.001957,0.001926,0.001924 pass_reps_s=0.001850,0.001862,0.001854,0.001854,0.001858 warm_reps_s=0.000045,0.000044,0.000045,0.000046,0.000044 lang_reps_s=0.001778,0.001754,0.001772,0.001764,0.001774 warmo_reps_s=0.000228,0.000230,0.000228,0.000225,0.000231 coldo_reps_s=0.002296,0.002299,0.002283,0.002291,0.002265
CTR pieces=136772 one=19306 over15=1591 thp_kb=12288 cold=118001/8512/10259 lc=0/0 memo=1253568/0 pass=27108/104224/5440 lc=0/0 memo=1253568/0 warm=0/0/0 lc=0/0 memo=0/149 lang=23197/108142/5433 lc=0/0 memo=0/0 warmo=1475/4467/522 lc=0/0 memo=43392/142 coldo=118001/8512/10259 lc=0/0 memo=1253568/0
giga  chunk    4096  cold   116.2 MB/s | pass   213.9 MB/s | warm   353.5 MB/s | bpe
GIGA tool=gigatoken version=fac0114b37120ec8a76362e9ee8e1c742aaafaef kind=bpe chunk=4096 bytes=614699 calls=149 ids=157370 cold_s=0.005291 pass_s=0.002874 warm_s=0.001739 lang_s=0.002983 warmo_s=0.001720 coldo_s=0.005198 reps=5 cold_reps=2 load_ms=218 fresh_state_ms=25.587 cache_entries=130759 cache_mib=512 pass_after=other cold_reps_s=0.005312,0.005291 pass_reps_s=0.002890,0.002896,0.002888,0.002874,0.002884 entries_pass=130759 warm_reps_s=0.001741,0.001748,0.001739,0.001742,0.001739 entries_warm=130759 lang_reps_s=0.003021,0.002983,0.003022,0.003003,0.003009 entries_lang=377558 warmo_reps_s=0.001720,0.001722,0.001720,0.001721,0.001722 entries_warmo=377558 coldo_reps_s=0.005314,0.005198
hf    chunk    4096      4.99 MB/s   1.278 Mtok/s      826488 ns/call
REF tool=hf version=0.23.2 chunk=4096 bytes=614699 calls=149 ids=157370 sha=e9e961123b7f58a2 s=0.123147 reps=3
FIRSTDIFF none
REF tool=gigatoken chunk=4096 ids=157370 sha=e9e961123b7f58a2 hf_nopp_ids=157370 hf_nopp_sha=e9e961123b7f58a2 same_as_hf_nopp=yes first_diff=none
REF tool=tiktoken chunk=4096 na=not_one_split_pattern_plus_bytelevel
EXACT yes toks == hf (157370 e9e961123b7f58a2)
PINNED cpu 8 siblings 8: 
BUSY cpu8 100% 
LOAD after 1.09 1.22 1.43
== dsv4 code chunk 0
LOAD before 1.09 1.22 1.43
PINNED cpu 8 siblings 8: 
toks  chunk       0  cold   425.7 MB/s 108.97 Mtok/s   1443947 ns/call | pass   335.7 MB/s | warm 13859.2 MB/s | floor  52918.3 MB/s (memcpy) x_floor    158 | neon
E2E tool=toks tier=neon chunk=0 bytes=614699 calls=1 ids=157348 sha=25cb4ffde76f2078 cold_s=0.001444 pass_s=0.001831 warm_s=0.000044 lang_s=0.001773 warmo_s=0.001764 coldo_s=0.001826 floor_s=0.000012 floor_v=memcpy floor_xor_s=0.000046 floor_memcpy_s=0.000012 floor_nt_s=0.000046 ghz0=3.890 ghz1=3.893 load_ms=150 scratch_mib=27.11 cache_mib=0 memo_mib=4 reps=5 pass_after=other cold_reps_s=0.001839,0.001520,0.001484,0.001454,0.001444 pass_reps_s=0.001837,0.001831,0.001832,0.001832,0.001849 warm_reps_s=0.000044,0.000045,0.000044,0.000046,0.000046 lang_reps_s=0.001773,0.001777,0.001832,0.001785,0.001785 warmo_reps_s=0.001779,0.001775,0.001765,0.001772,0.001764 coldo_reps_s=0.001833,0.001826,0.001841,0.001828,0.001836
CTR pieces=136748 one=19282 over15=1591 thp_kb=12288 cold=27000/104307/5441 lc=0/0 memo=1244160/0 pass=27000/104307/5441 lc=0/0 memo=1244160/0 warm=0/0/0 lc=0/0 memo=0/1 lang=23173/108141/5434 lc=0/0 memo=0/0 warmo=23146/108245/5357 lc=0/0 memo=0/0 coldo=27000/104307/5441 lc=0/0 memo=1244160/0
giga  chunk       0  cold   219.9 MB/s | pass   213.4 MB/s | warm   356.4 MB/s | bpe
GIGA tool=gigatoken version=fac0114b37120ec8a76362e9ee8e1c742aaafaef kind=bpe chunk=0 bytes=614699 calls=1 ids=157348 cold_s=0.002796 pass_s=0.002880 warm_s=0.001725 lang_s=0.002954 warmo_s=0.001714 coldo_s=0.002896 reps=5 cold_reps=2 load_ms=219 fresh_state_ms=26.482 cache_entries=130760 cache_mib=512 pass_after=other cold_reps_s=0.002796,0.002797 pass_reps_s=0.002885,0.002880,0.002886,0.002894,0.002902 entries_pass=130760 warm_reps_s=0.001725,0.001738,0.001731,0.001725,0.001725 entries_warm=130760 lang_reps_s=0.002976,0.002970,0.002986,0.002954,0.002972 entries_lang=377559 warmo_reps_s=0.001716,0.001718,0.001714,0.001721,0.001719 entries_warmo=377559 coldo_reps_s=0.002898,0.002896
hf    chunk       0      3.50 MB/s   0.897 Mtok/s   175422877 ns/call
REF tool=hf version=0.23.2 chunk=0 bytes=614699 calls=1 ids=157348 sha=25cb4ffde76f2078 s=0.175423 reps=3
FIRSTDIFF none
REF tool=gigatoken chunk=0 ids=157348 sha=25cb4ffde76f2078 hf_nopp_ids=157348 hf_nopp_sha=25cb4ffde76f2078 same_as_hf_nopp=yes first_diff=none
REF tool=tiktoken chunk=0 na=not_one_split_pattern_plus_bytelevel
EXACT yes toks == hf (157348 25cb4ffde76f2078)
PINNED cpu 8 siblings 8: 
BUSY cpu8 100% 
LOAD after 1.08 1.22 1.43
== dsv4 ml chunk 4096
LOAD before 1.08 1.22 1.43
PINNED cpu 8 siblings 8: 
toks  chunk    4096  cold   119.0 MB/s  35.68 Mtok/s     37527 ns/call | pass   164.1 MB/s | warm   290.8 MB/s | floor  42157.0 MB/s (memcpy) x_floor    257 | neon
E2E tool=toks tier=neon chunk=4096 bytes=6443660 calls=1443 ids=1932262 sha=bbdd4bb359dc9798 cold_s=0.054152 pass_s=0.039267 warm_s=0.022157 lang_s=0.037461 warmo_s=0.025612 coldo_s=0.055080 floor_s=0.000153 floor_v=memcpy floor_xor_s=0.000495 floor_memcpy_s=0.000153 floor_nt_s=0.000545 ghz0=3.891 ghz1=3.895 load_ms=151 scratch_mib=6.37 cache_mib=0 memo_mib=4 reps=5 pass_after=other cold_reps_s=0.057453,0.054321,0.054273,0.054324,0.054152 pass_reps_s=0.039423,0.039267,0.039425,0.039360,0.039877 warm_reps_s=0.022157,0.022213,0.022222,0.022322,0.022321 lang_reps_s=0.037635,0.037765,0.037461,0.037915,0.037783 warmo_reps_s=0.025765,0.025655,0.025612,0.027576,0.025841 coldo_reps_s=0.055080,0.055115,0.055175,0.055088,0.055286
CTR pieces=1201522 one=161551 over15=39087 thp_kb=12288 cold=753853/127809/319860 lc=0/0 memo=14267904/0 pass=177813/873777/149932 lc=0/0 memo=4072704/0 warm=119594/702323/72987 lc=0/0 memo=4047808/384 lang=174750/877099/149673 lc=0/0 memo=0/0 warmo=121577/680995/92332 lc=0/0 memo=4047808/384 coldo=753853/127809/319860 lc=0/0 memo=14267904/0
giga  chunk    4096  cold    53.3 MB/s | pass   100.3 MB/s | warm   312.1 MB/s | bpe
GIGA tool=gigatoken version=fac0114b37120ec8a76362e9ee8e1c742aaafaef kind=bpe chunk=4096 bytes=6443660 calls=1443 ids=1932262 cold_s=0.120834 pass_s=0.064250 warm_s=0.020644 lang_s=0.061938 warmo_s=0.021132 coldo_s=0.121333 reps=5 cold_reps=2 load_ms=214 fresh_state_ms=25.594 cache_entries=244655 cache_mib=512 pass_after=other cold_reps_s=0.120834,0.121255 pass_reps_s=0.064250,0.064519,0.064399,0.064496,0.064582 entries_pass=244655 warm_reps_s=0.020800,0.020655,0.020796,0.020805,0.020644 entries_warm=244655 lang_reps_s=0.061952,0.062050,0.062005,0.062035,0.061938 entries_lang=377559 warmo_reps_s=0.021132,0.021227,0.021256,0.021198,0.021190 entries_warmo=377559 coldo_reps_s=0.121333,0.121536
hf    chunk    4096      4.30 MB/s   1.289 Mtok/s     1038643 ns/call
REF tool=hf version=0.23.2 chunk=4096 bytes=6443660 calls=1443 ids=1932262 sha=bbdd4bb359dc9798 s=1.498762 reps=3
FIRSTDIFF none
REF tool=gigatoken chunk=4096 ids=1932262 sha=bbdd4bb359dc9798 hf_nopp_ids=1932262 hf_nopp_sha=bbdd4bb359dc9798 same_as_hf_nopp=yes first_diff=none
REF tool=tiktoken chunk=4096 na=not_one_split_pattern_plus_bytelevel
EXACT yes toks == hf (1932262 bbdd4bb359dc9798)
PINNED cpu 8 siblings 8: 
BUSY cpu8 100% 
LOAD after 1.00 1.13 1.36
== dsv4 ml chunk 0
LOAD before 1.00 1.13 1.36
PINNED cpu 8 siblings 8: 
toks  chunk       0  cold   169.8 MB/s  50.91 Mtok/s  37943432 ns/call | pass   170.3 MB/s | warm   184.2 MB/s | floor  25109.1 MB/s (memcpy) x_floor    147 | neon
E2E tool=toks tier=neon chunk=0 bytes=6443660 calls=1 ids=1931712 sha=5ee0fed40b510caf cold_s=0.037943 pass_s=0.037839 warm_s=0.034991 lang_s=0.037908 warmo_s=0.037516 coldo_s=0.037899 floor_s=0.000257 floor_v=memcpy floor_xor_s=0.000530 floor_memcpy_s=0.000257 floor_nt_s=0.000513 ghz0=3.890 ghz1=3.892 load_ms=150 scratch_mib=227.23 cache_mib=0 memo_mib=4 reps=5 pass_after=other cold_reps_s=0.041854,0.039458,0.039309,0.038338,0.037943 pass_reps_s=0.038360,0.038364,0.038173,0.037839,0.038061 warm_reps_s=0.035325,0.034991,0.035066,0.035193,0.035290 lang_reps_s=0.038074,0.038105,0.037995,0.038041,0.037908 warmo_reps_s=0.037554,0.037516,0.037561,0.037609,0.038093 coldo_reps_s=0.038110,0.038180,0.037899,0.038160,0.038427
CTR pieces=1200947 one=161051 over15=39087 thp_kb=12288 cold=177233/873701/150013 lc=0/0 memo=0/0 pass=177233/873701/150013 lc=0/0 memo=0/0 warm=172269/895882/132796 lc=0/0 memo=0/0 lang=174253/876940/149754 lc=0/0 memo=0/0 warmo=174089/879472/147386 lc=0/0 memo=0/0 coldo=177233/873701/150013 lc=0/0 memo=0/0
giga  chunk       0  cold   100.3 MB/s | pass   100.5 MB/s | warm   312.7 MB/s | bpe
GIGA tool=gigatoken version=fac0114b37120ec8a76362e9ee8e1c742aaafaef kind=bpe chunk=0 bytes=6443660 calls=1 ids=1931712 cold_s=0.064228 pass_s=0.064130 warm_s=0.020608 lang_s=0.061617 warmo_s=0.021059 coldo_s=0.064364 reps=5 cold_reps=2 load_ms=216 fresh_state_ms=25.545 cache_entries=244649 cache_mib=512 pass_after=other cold_reps_s=0.066824,0.064228 pass_reps_s=0.064422,0.064271,0.064130,0.064351,0.064357 entries_pass=244649 warm_reps_s=0.020608,0.020695,0.020706,0.020890,0.020664 entries_warm=244649 lang_reps_s=0.062042,0.061868,0.061734,0.061716,0.061617 entries_lang=377553 warmo_reps_s=0.021126,0.021065,0.021085,0.021059,0.021070 entries_warmo=377553 coldo_reps_s=0.064364,0.064773
hf    chunk       0      2.61 MB/s   0.782 Mtok/s  2470009220 ns/call
REF tool=hf version=0.23.2 chunk=0 bytes=6443660 calls=1 ids=1931712 sha=5ee0fed40b510caf s=2.470009 reps=3
FIRSTDIFF none
REF tool=gigatoken chunk=0 ids=1931712 sha=5ee0fed40b510caf hf_nopp_ids=1931712 hf_nopp_sha=5ee0fed40b510caf same_as_hf_nopp=yes first_diff=none
REF tool=tiktoken chunk=0 na=not_one_split_pattern_plus_bytelevel
EXACT yes toks == hf (1931712 5ee0fed40b510caf)
PINNED cpu 8 siblings 8: 
BUSY cpu8 100% 
LOAD after 1.00 1.12 1.35
== dsv4 cjk chunk 4096
LOAD before 1.00 1.12 1.35
PINNED cpu 8 siblings 8: 
toks  chunk    4096  cold   178.6 MB/s  51.65 Mtok/s     23552 ns/call | pass   168.5 MB/s | warm   529.0 MB/s | floor  44378.7 MB/s (memcpy) x_floor    263 | neon
E2E tool=toks tier=neon chunk=4096 bytes=3129985 calls=744 ids=905061 sha=c3fa620ad88e6857 cold_s=0.017523 pass_s=0.018572 warm_s=0.005917 lang_s=0.017337 warmo_s=0.007889 coldo_s=0.018427 floor_s=0.000071 floor_v=memcpy floor_xor_s=0.000238 floor_memcpy_s=0.000071 floor_nt_s=0.000256 ghz0=3.893 ghz1=3.894 load_ms=149 scratch_mib=6.37 cache_mib=0 memo_mib=4 reps=5 pass_after=other cold_reps_s=0.020102,0.017762,0.017588,0.017554,0.017523 pass_reps_s=0.018719,0.018635,0.018792,0.018572,0.018625 warm_reps_s=0.005930,0.005917,0.005964,0.005944,0.005944 lang_reps_s=0.017371,0.017416,0.017353,0.017350,0.017337 warmo_reps_s=0.007910,0.007925,0.007936,0.007889,0.008017 coldo_reps_s=0.018427,0.018461,0.018432,0.018562,0.018483
CTR pieces=354810 one=27484 over15=65132 thp_kb=12288 cold=182289/36517/136004 lc=0/0 memo=6799296/0 pass=36032/201743/117035 lc=0/0 memo=4057984/0 warm=5043/88598/34352 lc=0/0 memo=0/433 lang=32949/205069/116792 lc=0/0 memo=0/0 warmo=6925/74374/49764 lc=0/0 memo=2795776/428 coldo=182289/36517/136004 lc=0/0 memo=6799296/0
giga  chunk    4096  cold    30.6 MB/s | pass    43.1 MB/s | warm   179.3 MB/s | bpe
GIGA tool=gigatoken version=fac0114b37120ec8a76362e9ee8e1c742aaafaef kind=bpe chunk=4096 bytes=3129985 calls=744 ids=905061 cold_s=0.102413 pass_s=0.072651 warm_s=0.017457 lang_s=0.072201 warmo_s=0.017428 coldo_s=0.101590 reps=5 cold_reps=2 load_ms=214 fresh_state_ms=25.114 cache_entries=241528 cache_mib=512 pass_after=other cold_reps_s=0.102413,0.102952 pass_reps_s=0.074055,0.072698,0.072651,0.074142,0.072678 entries_pass=241528 warm_reps_s=0.017457,0.017668,0.017611,0.017594,0.017477 entries_warm=241528 lang_reps_s=0.072250,0.072713,0.072201,0.072424,0.072520 entries_lang=377559 warmo_reps_s=0.017571,0.017428,0.017598,0.017590,0.017521 entries_warmo=377559 coldo_reps_s=0.101590,0.101921
hf    chunk    4096      4.93 MB/s   1.425 Mtok/s      853491 ns/call
REF tool=hf version=0.23.2 chunk=4096 bytes=3129985 calls=744 ids=905061 sha=c3fa620ad88e6857 s=0.634998 reps=3
FIRSTDIFF none
REF tool=gigatoken chunk=4096 ids=905061 sha=c3fa620ad88e6857 hf_nopp_ids=905061 hf_nopp_sha=c3fa620ad88e6857 same_as_hf_nopp=yes first_diff=none
REF tool=tiktoken chunk=4096 na=not_one_split_pattern_plus_bytelevel
EXACT yes toks == hf (905061 c3fa620ad88e6857)
PINNED cpu 8 siblings 8: 
BUSY cpu8 100% 
LOAD after 1.00 1.09 1.32
== dsv4 cjk chunk 0
LOAD before 1.00 1.09 1.32
PINNED cpu 8 siblings 8: 
toks  chunk       0  cold   178.1 MB/s  51.49 Mtok/s  17577229 ns/call | pass   177.6 MB/s | warm   208.0 MB/s | floor  28912.5 MB/s (memcpy) x_floor    163 | neon
E2E tool=toks tier=neon chunk=0 bytes=3129985 calls=1 ids=904995 sha=2b9b1ca43a12a325 cold_s=0.017577 pass_s=0.017621 warm_s=0.015049 lang_s=0.017648 warmo_s=0.017563 coldo_s=0.018059 floor_s=0.000108 floor_v=memcpy floor_xor_s=0.000253 floor_memcpy_s=0.000108 floor_nt_s=0.000244 ghz0=3.891 ghz1=3.894 load_ms=148 scratch_mib=113.46 cache_mib=0 memo_mib=4 reps=5 pass_after=other cold_reps_s=0.019770,0.018011,0.017631,0.017600,0.017577 pass_reps_s=0.017621,0.017654,0.017740,0.017700,0.017795 warm_reps_s=0.015100,0.015112,0.015052,0.015151,0.015049 lang_reps_s=0.017648,0.017757,0.017679,0.017900,0.017833 warmo_reps_s=0.017563,0.017664,0.017580,0.017605,0.017628 coldo_reps_s=0.018251,0.018283,0.018122,0.018059,0.018086
CTR pieces=354730 one=27418 over15=65132 thp_kb=12288 cold=35894/201797/117039 lc=0/0 memo=0/0 pass=35894/201797/117039 lc=0/0 memo=0/0 warm=30454/231857/92419 lc=0/0 memo=0/0 lang=32883/205051/116796 lc=0/0 memo=0/0 warmo=32804/206238/115688 lc=0/0 memo=0/0 coldo=35894/201797/117039 lc=0/0 memo=0/0
giga  chunk       0  cold    43.3 MB/s | pass    43.1 MB/s | warm   175.5 MB/s | bpe
GIGA tool=gigatoken version=fac0114b37120ec8a76362e9ee8e1c742aaafaef kind=bpe chunk=0 bytes=3129985 calls=1 ids=904995 cold_s=0.072260 pass_s=0.072547 warm_s=0.017831 lang_s=0.072453 warmo_s=0.017528 coldo_s=0.073332 reps=5 cold_reps=2 load_ms=215 fresh_state_ms=25.044 cache_entries=241528 cache_mib=512 pass_after=other cold_reps_s=0.075027,0.072260 pass_reps_s=0.072547,0.073035,0.073129,0.072885,0.072872 entries_pass=241528 warm_reps_s=0.017872,0.017844,0.017831,0.017951,0.017924 entries_warm=241528 lang_reps_s=0.072581,0.072784,0.072453,0.072844,0.072905 entries_lang=377559 warmo_reps_s=0.017528,0.017580,0.017664,0.017533,0.017568 entries_warmo=377559 coldo_reps_s=0.074261,0.073332
hf    chunk       0      3.16 MB/s   0.914 Mtok/s   990159759 ns/call
REF tool=hf version=0.23.2 chunk=0 bytes=3129985 calls=1 ids=904995 sha=2b9b1ca43a12a325 s=0.990160 reps=3
FIRSTDIFF none
REF tool=gigatoken chunk=0 ids=904995 sha=2b9b1ca43a12a325 hf_nopp_ids=904995 hf_nopp_sha=2b9b1ca43a12a325 same_as_hf_nopp=yes first_diff=none
REF tool=tiktoken chunk=0 na=not_one_split_pattern_plus_bytelevel
EXACT yes toks == hf (904995 2b9b1ca43a12a325)
PINNED cpu 8 siblings 8: 
BUSY cpu8 100% 
LOAD after 1.00 1.08 1.32
== kimik3 en chunk 4096
LOAD before 1.00 1.08 1.32
PINNED cpu 8 siblings 8: 
toks  chunk    4096  cold   280.1 MB/s  67.31 Mtok/s     14716 ns/call | pass   259.4 MB/s | warm  9951.0 MB/s | floor  51032.6 MB/s (memcpy) x_floor    197 | neon
E2E tool=toks tier=neon chunk=4096 bytes=2048653 calls=497 ids=492283 sha=b643e0af84f265d8 cold_s=0.007314 pass_s=0.007898 warm_s=0.000206 lang_s=0.007308 warmo_s=0.000748 coldo_s=0.009371 floor_s=0.000040 floor_v=memcpy floor_xor_s=0.000146 floor_memcpy_s=0.000040 floor_nt_s=0.000153 ghz0=3.882 ghz1=3.893 load_ms=182 scratch_mib=6.37 cache_mib=0 memo_mib=4 reps=5 pass_after=other cold_reps_s=0.009853,0.007758,0.007428,0.007369,0.007314 pass_reps_s=0.007898,0.007927,0.007933,0.007934,0.007938 warm_reps_s=0.000206,0.000209,0.000211,0.000211,0.000213 lang_reps_s=0.007308,0.007354,0.007350,0.007309,0.007311 warmo_reps_s=0.000753,0.000750,0.000752,0.000748,0.000752 coldo_reps_s=0.009392,0.009392,0.009371,0.009372,0.009378
CTR pieces=437016 one=46245 over15=276 thp_kb=22528 cold=391588/7005/38423 lc=0/0 memo=4050432/0 pass=63416/355853/17747 lc=0/0 memo=4050432/0 warm=671/5314/54 lc=0/0 memo=8000/490 lang=58934/360563/17519 lc=0/0 memo=0/0 warmo=3918/12005/1253 lc=0/0 memo=145344/477 coldo=391588/7005/38423 lc=0/0 memo=4050432/0
giga  chunk    4096  cold   113.2 MB/s | pass   227.8 MB/s | warm   653.7 MB/s | tiktoken
GIGA tool=gigatoken version=fac0114b37120ec8a76362e9ee8e1c742aaafaef kind=tiktoken chunk=4096 bytes=2048653 calls=497 ids=492283 cold_s=0.018104 pass_s=0.008992 warm_s=0.003134 lang_s=0.008105 warmo_s=0.002720 coldo_s=0.018401 reps=5 cold_reps=2 load_ms=133 fresh_state_ms=39.075 cache_entries=179515 cache_mib=512 pass_after=other cold_reps_s=0.018104,0.018127 pass_reps_s=0.008992,0.009108,0.009230,0.009084,0.009052 entries_pass=179515 warm_reps_s=0.003148,0.003134,0.003148,0.003147,0.003151 entries_warm=179515 lang_reps_s=0.008111,0.008121,0.008383,0.008105,0.008119 entries_lang=418390 warmo_reps_s=0.002720,0.002739,0.002749,0.002731,0.002734 entries_warmo=418390 coldo_reps_s=0.018401,0.018416
ref   chunk    4096      3.69 MB/s   0.888 Mtok/s     1115965 ns/call  (transformers TikTokenTokenizer, serving)
REF tool=hf version=transformers-5.18.0+tiktoken-0.14.0 impl=kimi-serving chunk=4096 bytes=2048653 calls=497 ids=492283 sha=b643e0af84f265d8 s=0.554634 reps=3
FIRSTDIFF none
REF tool=gigatoken chunk=4096 ids=492283 sha=b643e0af84f265d8 hf_nopp_ids=492283 hf_nopp_sha=b643e0af84f265d8 same_as_hf_nopp=yes first_diff=none
tikt  chunk    4096     29.52 MB/s   7.095 Mtok/s      139615 ns/call  ids==reference: yes
REF tool=tiktoken version=0.14.0 chunk=4096 bytes=2048653 calls=497 ids=492283 sha=b643e0af84f265d8 s=0.069389 reps=3 hf_nopp_ids=492283 hf_nopp_sha=b643e0af84f265d8 same_as_hf_nopp=yes
EXACT yes toks == hf (492283 b643e0af84f265d8)
PINNED cpu 8 siblings 8: 
BUSY cpu8 100% 
LOAD after 1.07 1.08 1.29
== kimik3 en chunk 0
LOAD before 1.07 1.08 1.29
PINNED cpu 8 siblings 8: 
toks  chunk       0  cold   316.5 MB/s  76.05 Mtok/s   6472245 ns/call | pass   245.4 MB/s | warm   493.0 MB/s | floor  41829.7 MB/s (memcpy) x_floor    170 | neon
E2E tool=toks tier=neon chunk=0 bytes=2048653 calls=1 ids=492222 sha=efcb5fe76b4f9af7 cold_s=0.006472 pass_s=0.008349 warm_s=0.004156 lang_s=0.008269 warmo_s=0.008117 coldo_s=0.008285 floor_s=0.000049 floor_v=memcpy floor_xor_s=0.000155 floor_memcpy_s=0.000049 floor_nt_s=0.000150 ghz0=3.892 ghz1=3.892 load_ms=182 scratch_mib=76.34 cache_mib=0 memo_mib=4 reps=5 pass_after=other cold_reps_s=0.008238,0.006937,0.006677,0.006600,0.006472 pass_reps_s=0.008380,0.008349,0.008487,0.008359,0.008402 warm_reps_s=0.004177,0.004163,0.004156,0.004162,0.004176 lang_reps_s=0.008275,0.008269,0.008344,0.008285,0.008316 warmo_reps_s=0.008207,0.008121,0.008117,0.008152,0.008304 coldo_reps_s=0.008285,0.008319,0.008312,0.008300,0.008348
CTR pieces=436953 one=46246 over15=276 thp_kb=22528 cold=63364/355843/17746 lc=0/0 memo=0/0 pass=63364/355843/17746 lc=0/0 memo=0/0 warm=49742/382801/4410 lc=0/0 memo=0/0 lang=58937/360498/17518 lc=0/0 memo=0/0 warmo=58689/361199/17065 lc=0/0 memo=0/0 coldo=63364/355843/17746 lc=0/0 memo=0/0
giga  chunk       0  cold   255.8 MB/s | pass   226.2 MB/s | warm   671.5 MB/s | tiktoken
GIGA tool=gigatoken version=fac0114b37120ec8a76362e9ee8e1c742aaafaef kind=tiktoken chunk=0 bytes=2048653 calls=1 ids=492218 cold_s=0.008010 pass_s=0.009059 warm_s=0.003051 lang_s=0.008099 warmo_s=0.002646 coldo_s=0.009175 reps=5 cold_reps=2 load_ms=133 fresh_state_ms=39.377 cache_entries=179513 cache_mib=512 pass_after=other cold_reps_s=0.008766,0.008010 pass_reps_s=0.009212,0.009089,0.009059,0.009133,0.009079 entries_pass=179513 warm_reps_s=0.003103,0.003092,0.003079,0.003082,0.003051 entries_warm=179513 lang_reps_s=0.008202,0.008108,0.008099,0.008765,0.008150 entries_lang=418388 warmo_reps_s=0.002646,0.002647,0.002651,0.002655,0.002648 entries_warmo=418388 coldo_reps_s=0.009210,0.009175
ref   chunk       0      3.84 MB/s   0.924 Mtok/s   532815260 ns/call  (transformers TikTokenTokenizer, serving)
REF tool=hf version=transformers-5.18.0+tiktoken-0.14.0 impl=kimi-serving chunk=0 bytes=2048653 calls=1 ids=492222 sha=efcb5fe76b4f9af7 s=0.532815 reps=3
FIRSTDIFF none
REF tool=gigatoken chunk=0 ids=492218 sha=6a6dbdf95c2a935a hf_nopp_ids=492222 hf_nopp_sha=efcb5fe76b4f9af7 same_as_hf_nopp=no first_diff=chunk_0_id_188047_(stream_pos_188047):_got_[462,84635,5528,67294,473,3410,17553]_ref_[462,84635,5528,2609,2025,473,3410]
tikt  chunk       0     25.78 MB/s   6.194 Mtok/s    79461392 ns/call  ids==reference: no
REF tool=tiktoken version=0.14.0 chunk=0 bytes=2048653 calls=1 ids=492218 sha=6a6dbdf95c2a935a s=0.079461 reps=3 hf_nopp_ids=492222 hf_nopp_sha=efcb5fe76b4f9af7 same_as_hf_nopp=no
EXACT yes toks == hf (492222 efcb5fe76b4f9af7)
PINNED cpu 8 siblings 8: 
BUSY cpu8 100% 
LOAD after 1.07 1.08 1.29
== kimik3 code chunk 4096
LOAD before 1.07 1.08 1.29
PINNED cpu 8 siblings 8: 
toks  chunk    4096  cold   474.4 MB/s 114.86 Mtok/s      8696 ns/call | pass   315.9 MB/s | warm 10163.7 MB/s | floor  56581.3 MB/s (memcpy) x_floor    179 | neon
E2E tool=toks tier=neon chunk=4096 bytes=614699 calls=149 ids=148828 sha=07d804c51e9f7c89 cold_s=0.001296 pass_s=0.001946 warm_s=0.000060 lang_s=0.001841 warmo_s=0.000199 coldo_s=0.001948 floor_s=0.000011 floor_v=memcpy floor_xor_s=0.000043 floor_memcpy_s=0.000011 floor_nt_s=0.000045 ghz0=3.892 ghz1=3.892 load_ms=182 scratch_mib=6.37 cache_mib=0 memo_mib=4 reps=5 pass_after=other cold_reps_s=0.001627,0.001373,0.001323,0.001312,0.001296 pass_reps_s=0.002075,0.001967,0.001946,0.001947,0.001950 warm_reps_s=0.000062,0.000062,0.000060,0.000061,0.000061 lang_reps_s=0.001872,0.001848,0.001845,0.001872,0.001841 warmo_reps_s=0.000200,0.000199,0.000201,0.000199,0.000202 coldo_reps_s=0.001952,0.001967,0.001965,0.001948,0.001972
CTR pieces=138813 one=19748 over15=1211 thp_kb=22528 cold=128859/4061/5893 lc=0/0 memo=1219840/0 pass=29322/105761/3730 lc=0/0 memo=1219840/0 warm=0/0/0 lc=0/0 memo=0/149 lang=24855/110235/3723 lc=0/0 memo=0/0 warmo=1288/3302/196 lc=0/0 memo=0/144 coldo=128859/4061/5893 lc=0/0 memo=1219840/0
giga  chunk    4096  cold   157.9 MB/s | pass   237.2 MB/s | warm   692.0 MB/s | tiktoken
GIGA tool=gigatoken version=fac0114b37120ec8a76362e9ee8e1c742aaafaef kind=tiktoken chunk=4096 bytes=614699 calls=149 ids=148828 cold_s=0.003894 pass_s=0.002592 warm_s=0.000888 lang_s=0.001897 warmo_s=0.000858 coldo_s=0.003930 reps=5 cold_reps=2 load_ms=134 fresh_state_ms=39.040 cache_entries=165304 cache_mib=512 pass_after=other cold_reps_s=0.003919,0.003894 pass_reps_s=0.002592,0.002640,0.002625,0.002643,0.002623 entries_pass=165304 warm_reps_s=0.000897,0.000889,0.000889,0.000888,0.000891 entries_warm=165304 lang_reps_s=0.001915,0.001926,0.001901,0.001897,0.001905 entries_lang=418390 warmo_reps_s=0.000858,0.000862,0.000864,0.000863,0.000862 entries_warmo=418390 coldo_reps_s=0.003957,0.003930
ref   chunk    4096      3.84 MB/s   0.930 Mtok/s     1074278 ns/call  (transformers TikTokenTokenizer, serving)
REF tool=hf version=transformers-5.18.0+tiktoken-0.14.0 impl=kimi-serving chunk=4096 bytes=614699 calls=149 ids=148828 sha=07d804c51e9f7c89 s=0.160067 reps=3
FIRSTDIFF none
REF tool=gigatoken chunk=4096 ids=148828 sha=07d804c51e9f7c89 hf_nopp_ids=148828 hf_nopp_sha=07d804c51e9f7c89 same_as_hf_nopp=yes first_diff=none
tikt  chunk    4096     26.21 MB/s   6.345 Mtok/s      157414 ns/call  ids==reference: yes
REF tool=tiktoken version=0.14.0 chunk=4096 bytes=614699 calls=149 ids=148828 sha=07d804c51e9f7c89 s=0.023455 reps=3 hf_nopp_ids=148828 hf_nopp_sha=07d804c51e9f7c89 same_as_hf_nopp=yes
EXACT yes toks == hf (148828 07d804c51e9f7c89)
PINNED cpu 8 siblings 8: 
BUSY cpu8 100% 
LOAD after 1.04 1.07 1.28
== kimik3 code chunk 0
LOAD before 1.04 1.07 1.28
PINNED cpu 8 siblings 8: 
toks  chunk       0  cold   433.0 MB/s 104.83 Mtok/s   1419515 ns/call | pass   293.2 MB/s | warm 10468.1 MB/s | floor  53657.4 MB/s (memcpy) x_floor    183 | neon
E2E tool=toks tier=neon chunk=0 bytes=614699 calls=1 ids=148809 sha=1978a6b81c4a11e8 cold_s=0.001420 pass_s=0.002096 warm_s=0.000059 lang_s=0.002072 warmo_s=0.002044 coldo_s=0.002128 floor_s=0.000011 floor_v=memcpy floor_xor_s=0.000046 floor_memcpy_s=0.000011 floor_nt_s=0.000045 ghz0=3.892 ghz1=3.891 load_ms=182 scratch_mib=27.11 cache_mib=0 memo_mib=4 reps=5 pass_after=other cold_reps_s=0.001770,0.001494,0.001445,0.001429,0.001420 pass_reps_s=0.002099,0.002126,0.002096,0.002103,0.002155 warm_reps_s=0.000059,0.000060,0.000063,0.000065,0.000061 lang_reps_s=0.002074,0.002073,0.002072,0.002075,0.002102 warmo_reps_s=0.002044,0.002050,0.002047,0.002208,0.002069 coldo_reps_s=0.002137,0.002138,0.002128,0.002133,0.002149
CTR pieces=138790 one=19725 over15=1211 thp_kb=22528 cold=29103/105955/3732 lc=0/0 memo=1209984/0 pass=29103/105955/3732 lc=0/0 memo=1209984/0 warm=0/0/0 lc=0/0 memo=0/1 lang=24833/110232/3725 lc=0/0 memo=0/0 warmo=24751/110398/3641 lc=0/0 memo=0/0 coldo=29103/105955/3732 lc=0/0 memo=1209984/0
giga  chunk       0  cold   345.0 MB/s | pass   238.6 MB/s | warm   714.3 MB/s | tiktoken
GIGA tool=gigatoken version=fac0114b37120ec8a76362e9ee8e1c742aaafaef kind=tiktoken chunk=0 bytes=614699 calls=1 ids=148807 cold_s=0.001782 pass_s=0.002577 warm_s=0.000861 lang_s=0.001871 warmo_s=0.000824 coldo_s=0.002603 reps=5 cold_reps=2 load_ms=134 fresh_state_ms=39.029 cache_entries=165305 cache_mib=512 pass_after=other cold_reps_s=0.001789,0.001782 pass_reps_s=0.002577,0.002605,0.002611,0.002609,0.002592 entries_pass=165305 warm_reps_s=0.000862,0.000861,0.000862,0.000864,0.000861 entries_warm=165305 lang_reps_s=0.001884,0.001899,0.001892,0.001881,0.001871 entries_lang=418391 warmo_reps_s=0.000830,0.000824,0.000827,0.000833,0.000828 entries_warmo=418391 coldo_reps_s=0.002622,0.002603
ref   chunk       0      3.89 MB/s   0.941 Mtok/s   158137252 ns/call  (transformers TikTokenTokenizer, serving)
REF tool=hf version=transformers-5.18.0+tiktoken-0.14.0 impl=kimi-serving chunk=0 bytes=614699 calls=1 ids=148809 sha=1978a6b81c4a11e8 s=0.158137 reps=3
FIRSTDIFF none
REF tool=gigatoken chunk=0 ids=148807 sha=967acf7835f36a86 hf_nopp_ids=148809 hf_nopp_sha=1978a6b81c4a11e8 same_as_hf_nopp=no first_diff=chunk_0_id_87150_(stream_pos_87150):_got_[5799,327,555,42644,1222,410,5799]_ref_[5799,327,555,9894,9883,82,1222]
tikt  chunk       0     24.74 MB/s   5.988 Mtok/s    24850526 ns/call  ids==reference: no
REF tool=tiktoken version=0.14.0 chunk=0 bytes=614699 calls=1 ids=148807 sha=967acf7835f36a86 s=0.024851 reps=3 hf_nopp_ids=148809 hf_nopp_sha=1978a6b81c4a11e8 same_as_hf_nopp=no
EXACT yes toks == hf (148809 1978a6b81c4a11e8)
PINNED cpu 8 siblings 8: 
BUSY cpu8 99% 
LOAD after 1.03 1.06 1.28
== kimik3 ml chunk 4096
LOAD before 1.03 1.06 1.28
PINNED cpu 8 siblings 8: 
toks  chunk    4096  cold   106.2 MB/s  33.89 Mtok/s     42055 ns/call | pass   146.8 MB/s | warm   263.8 MB/s | floor  41531.0 MB/s (memcpy) x_floor    283 | neon
E2E tool=toks tier=neon chunk=4096 bytes=6443660 calls=1443 ids=2056824 sha=5196d2d52ec65b55 cold_s=0.060686 pass_s=0.043907 warm_s=0.024428 lang_s=0.042485 warmo_s=0.028902 coldo_s=0.062263 floor_s=0.000155 floor_v=memcpy floor_xor_s=0.000509 floor_memcpy_s=0.000155 floor_nt_s=0.000565 ghz0=3.891 ghz1=3.889 load_ms=183 scratch_mib=6.37 cache_mib=0 memo_mib=4 reps=5 pass_after=other cold_reps_s=0.063147,0.061138,0.061163,0.060729,0.060686 pass_reps_s=0.044080,0.043935,0.043930,0.043907,0.043955 warm_reps_s=0.024430,0.024474,0.024456,0.024528,0.024428 lang_reps_s=0.042485,0.042614,0.042606,0.042545,0.042649 warmo_reps_s=0.028932,0.028954,0.028916,0.028973,0.028902 coldo_reps_s=0.062263,0.062282,0.062300,0.062343,0.062298
CTR pieces=1187501 one=149879 over15=39097 thp_kb=22528 cold=732447/102828/352226 lc=0/0 memo=14765632/0 pass=163854/875446/148201 lc=0/0 memo=4072640/0 warm=114136/713480/70139 lc=0/0 memo=4049792/363 lang=160715/878834/147952 lc=0/0 memo=15424/0 warmo=115385/693199/89171 lc=0/0 memo=4049792/363 coldo=732447/102828/352226 lc=0/0 memo=14765632/0
giga  chunk    4096  cold    42.0 MB/s | pass   105.2 MB/s | warm   392.5 MB/s | tiktoken
GIGA tool=gigatoken version=fac0114b37120ec8a76362e9ee8e1c742aaafaef kind=tiktoken chunk=4096 bytes=6443660 calls=1443 ids=2056824 cold_s=0.153575 pass_s=0.061268 warm_s=0.016418 lang_s=0.058062 warmo_s=0.017054 coldo_s=0.152464 reps=5 cold_reps=2 load_ms=132 fresh_state_ms=40.210 cache_entries=285284 cache_mib=512 pass_after=other cold_reps_s=0.153575,0.153651 pass_reps_s=0.061268,0.061352,0.061482,0.061586,0.061379 entries_pass=285284 warm_reps_s=0.016418,0.016454,0.016464,0.016799,0.016636 entries_warm=285284 lang_reps_s=0.058062,0.058483,0.058392,0.059137,0.058237 entries_lang=418391 warmo_reps_s=0.017270,0.017203,0.017345,0.017105,0.017054 entries_warmo=418391 coldo_reps_s=0.152530,0.152464
ref   chunk    4096      3.83 MB/s   1.222 Mtok/s     1166787 ns/call  (transformers TikTokenTokenizer, serving)
REF tool=hf version=transformers-5.18.0+tiktoken-0.14.0 impl=kimi-serving chunk=4096 bytes=6443660 calls=1443 ids=2056824 sha=5196d2d52ec65b55 s=1.683674 reps=3
FIRSTDIFF none
REF tool=gigatoken chunk=4096 ids=2056824 sha=5196d2d52ec65b55 hf_nopp_ids=2056824 hf_nopp_sha=5196d2d52ec65b55 same_as_hf_nopp=yes first_diff=none
tikt  chunk    4096     23.03 MB/s   7.352 Mtok/s      193888 ns/call  ids==reference: yes
REF tool=tiktoken version=0.14.0 chunk=4096 bytes=6443660 calls=1443 ids=2056824 sha=5196d2d52ec65b55 s=0.279781 reps=3 hf_nopp_ids=2056824 hf_nopp_sha=5196d2d52ec65b55 same_as_hf_nopp=yes
EXACT yes toks == hf (2056824 5196d2d52ec65b55)
PINNED cpu 8 siblings 8: 
BUSY cpu8 100% 
LOAD after 1.00 1.02 1.21
== kimik3 ml chunk 0
LOAD before 1.00 1.02 1.21
PINNED cpu 8 siblings 8: 
toks  chunk       0  cold   131.1 MB/s  41.84 Mtok/s  49147737 ns/call | pass   130.6 MB/s | warm   142.1 MB/s | floor  24819.7 MB/s (memcpy) x_floor    190 | neon
E2E tool=toks tier=neon chunk=0 bytes=6443660 calls=1 ids=2056254 sha=3cd09354678db03b cold_s=0.049148 pass_s=0.049337 warm_s=0.045348 lang_s=0.049076 warmo_s=0.048576 coldo_s=0.049430 floor_s=0.000260 floor_v=memcpy floor_xor_s=0.000539 floor_memcpy_s=0.000260 floor_nt_s=0.000530 ghz0=3.893 ghz1=3.893 load_ms=182 scratch_mib=227.23 cache_mib=0 memo_mib=4 reps=5 pass_after=other cold_reps_s=0.052176,0.049580,0.049241,0.049331,0.049148 pass_reps_s=0.049368,0.049404,0.049337,0.049353,0.049390 warm_reps_s=0.045432,0.045409,0.045443,0.045429,0.045348 lang_reps_s=0.049413,0.049250,0.049076,0.049190,0.049139 warmo_reps_s=0.048674,0.048710,0.048628,0.048652,0.048576 coldo_reps_s=0.049635,0.049430,0.049442,0.049468,0.049499
CTR pieces=1186934 one=149381 over15=39096 thp_kb=22528 cold=163324/875409/148201 lc=0/0 memo=0/0 pass=163324/875409/148201 lc=0/0 memo=0/0 warm=158925/898093/129916 lc=0/0 memo=0/0 lang=160220/878762/147952 lc=0/0 memo=0/0 warmo=160087/881913/144934 lc=0/0 memo=0/0 coldo=163324/875409/148201 lc=0/0 memo=0/0
giga  chunk       0  cold   104.7 MB/s | pass   105.1 MB/s | warm   387.4 MB/s | tiktoken
GIGA tool=gigatoken version=fac0114b37120ec8a76362e9ee8e1c742aaafaef kind=tiktoken chunk=0 bytes=6443660 calls=1 ids=2056247 cold_s=0.061565 pass_s=0.061336 warm_s=0.016631 lang_s=0.058685 warmo_s=0.017123 coldo_s=0.061259 reps=5 cold_reps=2 load_ms=133 fresh_state_ms=40.469 cache_entries=285280 cache_mib=512 pass_after=other cold_reps_s=0.064496,0.061565 pass_reps_s=0.061423,0.061463,0.061336,0.061425,0.061634 entries_pass=285280 warm_reps_s=0.016631,0.016700,0.016660,0.016678,0.016665 entries_warm=285280 lang_reps_s=0.058685,0.058704,0.058922,0.058782,0.058812 entries_lang=418387 warmo_reps_s=0.017209,0.017123,0.017127,0.017181,0.017199 entries_warmo=418387 coldo_reps_s=0.061339,0.061259
ref   chunk       0      4.00 MB/s   1.276 Mtok/s  1611241307 ns/call  (transformers TikTokenTokenizer, serving)
REF tool=hf version=transformers-5.18.0+tiktoken-0.14.0 impl=kimi-serving chunk=0 bytes=6443660 calls=1 ids=2056254 sha=3cd09354678db03b s=1.611241 reps=3
FIRSTDIFF none
REF tool=gigatoken chunk=0 ids=2056247 sha=c5ed7716374f8c6e hf_nopp_ids=2056254 hf_nopp_sha=3cd09354678db03b same_as_hf_nopp=no first_diff=chunk_0_id_156046_(stream_pos_156046):_got_[9684,3654,1027,7161,70,21810,1010]_ref_[9684,3654,1027,14667,4510,70,21810]
tikt  chunk       0     20.51 MB/s   6.545 Mtok/s   314175149 ns/call  ids==reference: no
REF tool=tiktoken version=0.14.0 chunk=0 bytes=6443660 calls=1 ids=2056247 sha=c5ed7716374f8c6e s=0.314175 reps=3 hf_nopp_ids=2056254 hf_nopp_sha=3cd09354678db03b same_as_hf_nopp=no
EXACT yes toks == hf (2056254 3cd09354678db03b)
PINNED cpu 8 siblings 8: 
BUSY cpu8 100% 
LOAD after 1.00 1.02 1.20
== kimik3 cjk chunk 4096
LOAD before 1.00 1.02 1.20
PINNED cpu 8 siblings 8: 
toks  chunk    4096  cold   135.3 MB/s  43.64 Mtok/s     31091 ns/call | pass   123.7 MB/s | warm   358.1 MB/s | floor  42730.8 MB/s (memcpy) x_floor    345 | neon
E2E tool=toks tier=neon chunk=4096 bytes=3129985 calls=744 ids=1009485 sha=52bca7da6b23093a cold_s=0.023131 pass_s=0.025296 warm_s=0.008742 lang_s=0.024347 warmo_s=0.011578 coldo_s=0.025329 floor_s=0.000073 floor_v=memcpy floor_xor_s=0.000247 floor_memcpy_s=0.000073 floor_nt_s=0.000264 ghz0=3.882 ghz1=3.892 load_ms=183 scratch_mib=6.37 cache_mib=0 memo_mib=4 reps=5 pass_after=other cold_reps_s=0.025710,0.023408,0.023234,0.023131,0.023148 pass_reps_s=0.025296,0.025316,0.025358,0.025404,0.025423 warm_reps_s=0.008742,0.008789,0.008877,0.008821,0.008787 lang_reps_s=0.024347,0.024383,0.024360,0.024379,0.024420 warmo_reps_s=0.011667,0.011578,0.011599,0.011631,0.011643 coldo_reps_s=0.025329,0.025446,0.025356,0.025388,0.025335
CTR pieces=364482 one=27120 over15=63976 thp_kb=22528 cold=211450/15726/137306 lc=0/0 memo=7217152/0 pass=36462/209047/118973 lc=0/0 memo=4061824/0 warm=5157/92481/40973 lc=0/0 memo=0/409 lang=33067/212646/118769 lc=0/0 memo=0/0 warmo=7142/80395/54142 lc=0/0 memo=3213376/404 coldo=211450/15726/137306 lc=0/0 memo=7217152/0
giga  chunk    4096  cold    30.5 MB/s | pass    45.2 MB/s | warm   262.9 MB/s | tiktoken
GIGA tool=gigatoken version=fac0114b37120ec8a76362e9ee8e1c742aaafaef kind=tiktoken chunk=4096 bytes=3129985 calls=744 ids=1009485 cold_s=0.102647 pass_s=0.069322 warm_s=0.011907 lang_s=0.066040 warmo_s=0.012710 coldo_s=0.100861 reps=5 cold_reps=2 load_ms=131 fresh_state_ms=39.196 cache_entries=277654 cache_mib=512 pass_after=other cold_reps_s=0.102647,0.102835 pass_reps_s=0.071032,0.069715,0.069335,0.069398,0.069322 entries_pass=277654 warm_reps_s=0.011907,0.012214,0.011954,0.011949,0.011979 entries_warm=277654 lang_reps_s=0.068260,0.066935,0.066212,0.066040,0.066107 entries_lang=418391 warmo_reps_s=0.012874,0.012838,0.012723,0.012792,0.012710 entries_warmo=418391 coldo_reps_s=0.101037,0.100861
ref   chunk    4096      5.04 MB/s   1.625 Mtok/s      835037 ns/call  (transformers TikTokenTokenizer, serving)
REF tool=hf version=transformers-5.18.0+tiktoken-0.14.0 impl=kimi-serving chunk=4096 bytes=3129985 calls=744 ids=1009485 sha=52bca7da6b23093a s=0.621268 reps=3
FIRSTDIFF none
REF tool=gigatoken chunk=4096 ids=1009485 sha=52bca7da6b23093a hf_nopp_ids=1009485 hf_nopp_sha=52bca7da6b23093a same_as_hf_nopp=yes first_diff=none
tikt  chunk    4096     22.98 MB/s   7.411 Mtok/s      183080 ns/call  ids==reference: yes
REF tool=tiktoken version=0.14.0 chunk=4096 bytes=3129985 calls=744 ids=1009485 sha=52bca7da6b23093a s=0.136212 reps=3 hf_nopp_ids=1009485 hf_nopp_sha=52bca7da6b23093a same_as_hf_nopp=yes
EXACT yes toks == hf (1009485 52bca7da6b23093a)
PINNED cpu 8 siblings 8: 
BUSY cpu8 100% 
LOAD after 1.00 1.01 1.17
== kimik3 cjk chunk 0
LOAD before 1.00 1.01 1.17
PINNED cpu 8 siblings 8: 8/ps/0.0 
toks  chunk       0  cold   121.7 MB/s  39.23 Mtok/s  25727842 ns/call | pass   115.6 MB/s | warm   134.7 MB/s | floor  30324.3 MB/s (memcpy) x_floor    262 | neon
E2E tool=toks tier=neon chunk=0 bytes=3129985 calls=1 ids=1009405 sha=3862c5fad7cd06bb cold_s=0.025728 pass_s=0.027085 warm_s=0.023234 lang_s=0.026997 warmo_s=0.026906 coldo_s=0.026981 floor_s=0.000103 floor_v=memcpy floor_xor_s=0.000256 floor_memcpy_s=0.000103 floor_nt_s=0.000263 ghz0=3.890 ghz1=3.892 load_ms=183 scratch_mib=113.46 cache_mib=0 memo_mib=4 reps=5 pass_after=other cold_reps_s=0.028282,0.026390,0.026050,0.026007,0.025728 pass_reps_s=0.027085,0.027148,0.027237,0.027150,0.027216 warm_reps_s=0.023296,0.023234,0.023260,0.023259,0.023265 lang_reps_s=0.026997,0.027095,0.027117,0.027060,0.027143 warmo_reps_s=0.026906,0.026971,0.026949,0.026961,0.026958 coldo_reps_s=0.026981,0.027269,0.027136,0.027020,0.027036
CTR pieces=364405 one=27054 over15=63975 thp_kb=22528 cold=36305/209125/118975 lc=0/0 memo=0/0 pass=36305/209125/118975 lc=0/0 memo=0/0 warm=29840/238538/96027 lc=0/0 memo=0/0 lang=33001/212633/118771 lc=0/0 memo=0/0 warmo=32899/213864/117642 lc=0/0 memo=0/0 coldo=36305/209125/118975 lc=0/0 memo=0/0
giga  chunk       0  cold    44.4 MB/s | pass    45.3 MB/s | warm   262.2 MB/s | tiktoken
GIGA tool=gigatoken version=fac0114b37120ec8a76362e9ee8e1c742aaafaef kind=tiktoken chunk=0 bytes=3129985 calls=1 ids=1009405 cold_s=0.070479 pass_s=0.069056 warm_s=0.011939 lang_s=0.066311 warmo_s=0.012817 coldo_s=0.069885 reps=5 cold_reps=2 load_ms=131 fresh_state_ms=39.205 cache_entries=277654 cache_mib=512 pass_after=other cold_reps_s=0.073412,0.070479 pass_reps_s=0.069681,0.069153,0.069312,0.069056,0.069145 entries_pass=277654 warm_reps_s=0.012221,0.012152,0.012100,0.011939,0.012075 entries_warm=277654 lang_reps_s=0.068462,0.066311,0.066407,0.066421,0.066600 entries_lang=418391 warmo_reps_s=0.012850,0.012817,0.012914,0.013021,0.012937 entries_warmo=418391 coldo_reps_s=0.069885,0.069894
ref   chunk       0      5.36 MB/s   1.728 Mtok/s   584218689 ns/call  (transformers TikTokenTokenizer, serving)
REF tool=hf version=transformers-5.18.0+tiktoken-0.14.0 impl=kimi-serving chunk=0 bytes=3129985 calls=1 ids=1009405 sha=3862c5fad7cd06bb s=0.584219 reps=3
FIRSTDIFF none
REF tool=gigatoken chunk=0 ids=1009405 sha=3862c5fad7cd06bb hf_nopp_ids=1009405 hf_nopp_sha=3862c5fad7cd06bb same_as_hf_nopp=yes first_diff=none
tikt  chunk       0     20.50 MB/s   6.610 Mtok/s   152700826 ns/call  ids==reference: yes
REF tool=tiktoken version=0.14.0 chunk=0 bytes=3129985 calls=1 ids=1009405 sha=3862c5fad7cd06bb s=0.152701 reps=3 hf_nopp_ids=1009405 hf_nopp_sha=3862c5fad7cd06bb same_as_hf_nopp=yes
EXACT yes toks == hf (1009405 3862c5fad7cd06bb)
PINNED cpu 8 siblings 8: 
BUSY cpu8 100% 
LOAD after 1.00 1.01 1.17
UPTIME  03:57:45 up 11 days, 10:47, 8192 users,  load average: 1.00, 1.01, 1.17
PASS 82294846 compared e2e exact (88 cells, toks == hf)
