HOST gb10a Linux 6.17.0-1021-nvidia aarch64
CPU  microcode 
OS #21-Ubuntu SMP PREEMPT_DYNAMIC Wed May 27 19:14:05 UTC 2026
GOVERNOR cpu7 performance boost 0
THP always [madvise] never
PIN 'taskset -c 7' PINCPU '7' TOKS_TIER '' REPS 5 REF 1 REF_REPS 3 GIGA 1
GIT f5af6566b0668fc4fa500d4a343104061e4a9ec4
CC clang version 21.1.8 (https://github.com/llvm/llvm-project 2078da43e25a4623cab2d0d60decddf709aaea28)
KERNELS -DTOKS_HAVE_K1_NEON=1 -DTOKS_HAVE_K3_CL100K_NEON=1 -DTOKS_HAVE_K3_O200K_NEON=1 -DTOKS_HAVE_K5_NEON=1 -DTOKS_HAVE_K6_NEON=1 k1_neon.S k3_cl100k_neon.S k3_o200k_neon.S k5_neon.S k6_neon.S selftest.S
BIN 3a6ebb8814078533bffb8268a3a8eddf8973971a50ae2d34c780a29a1989df7b  build/e2e
BIN 6182e74b9ac1bb6534f7b0584ce86331c7de4f7484cdbb3d494213a8291912b6  build/linux-arm64/libtoks.a
BIN 2fdf1c2d4b6cbd613564ad5b70ad9b5d62d045ab6f4283f648a9d852ccbbc46b  build/giga-target/release/gigatoken-bench
GIGATOKEN fac0114b37120ec8a76362e9ee8e1c742aaafaef rustc 1.101.0-nightly (db8f076d2 2026-10-03)
TOKENIZER gpt2 8414cab924d8b9b33013f0d221c5862f365ee9be39c5c2bfae8a5a9e970478a6
TOKENIZER llama3 6b9e4e7fb171f92fd137b777cc2714bf87d11576700a1dcd7a399e7bbe39537b
TOKENIZER glm53 19e773648cb4e65de8660ea6365e10acca112d42a854923df93db4a6f333a82d
TOKENIZER qwen38 0997f410c57a1f4e53b09e4be8f4a172d90edd9564368fb0847030937229b9f3
TOKENIZER o200k 0614fe83cadab421296e664e1f48f4261fa8fef6e03e63bb75c20f38e37d07d3
TOKENIZER gemma4 cc8d3a0ce36466ccc1278bf987df5f71db1719b9ca6b4118264f45cb627bfe0f
TOKENIZER nemotron3-4b 623c34567aebb18582765289fbe23d901c62704d6518d71866e0e58db892b5b7
TOKENIZER llama4 172c9eb4beafc72601690da3ccfcede5c2e6806a8d5ec1fca33e22acea8023a4
TOKENIZER minimaxm2 757622126525aeeb131756849d93298070ff3f0319c455ec8c5bb0f6b1cebbe8
TOKENIZER dsv4 8f9f37ca37fdc4f5fd36d5cf4d3b0e8392edb4e894fd10cc0d70b4957c8633cf
TOKENIZER kimik3 b3c9d5b7185255e33e51d006de2e0c50e3534a08aafe5678fb3b70dc11794a7e
CORPUS en 1353eaefbc8d2900cbf7acfb9078d1307b0ebcaaed16247432cc36087661f3a4 2048653 bytes: build/text/gut-en-1342.txt build/text/gut-en-2701.txt
CORPUS code a7dbee59d29f63a043c32f5564d5f8a4fa4e2b4ec14fe8278f7ad7507b39acf8 614699 bytes: build/text/code-cpython.py build/text/code-toks.c
CORPUS ml 85d1754c0ab788e2dab51a0a81920a8cfe463a902d305ef8b2a7275f6fb80463 6443660 bytes: build/text/wiki-ar.txt build/text/wiki-de.txt build/text/wiki-el.txt build/text/wiki-fr.txt build/text/wiki-he.txt build/text/wiki-hi.txt build/text/wiki-ka.txt build/text/wiki-ru.txt build/text/wiki-ta.txt build/text/wiki-th.txt build/text/wiki-uk.txt build/text/wiki-vi.txt build/text/gut-de-2229.txt build/text/gut-es-2000.txt build/text/gut-fr-17489.txt
CORPUS cjk 0a4d7d2bc20799e3314f31ab406421ebcb38f3bd265044f6bfa9a63b71544bf2 3129985 bytes: build/text/wiki-zh.txt build/text/wiki-ja.txt build/text/wiki-ko.txt build/text/gut-zh-24264.txt
UPTIME  01:19:08 up 10 days, 11:09,  9 users,  load average: 4.19, 4.98, 3.44
== gpt2 en chunk 4096
LOAD before 4.19 4.98 3.44
PINNED cpu 7 siblings 7: 
toks  chunk    4096  cold   258.8 MB/s  71.48 Mtok/s     15928 ns/call | pass   353.5 MB/s | warm   606.0 MB/s | floor  47918.3 MB/s (memcpy) x_floor    136 | neon
E2E tool=toks tier=neon chunk=4096 bytes=2048653 calls=497 ids=565852 sha=568009b147dcbd5c cold_s=0.007916 pass_s=0.005795 warm_s=0.003381 lang_s=0.000000 floor_s=0.000043 floor_v=memcpy floor_xor_s=0.000152 floor_memcpy_s=0.000043 floor_nt_s=0.000159 ghz0=3.892 ghz1=3.893 load_ms=35 scratch_mib=2.14 cache_mib=0 reps=5
giga  chunk    4096  cold   185.2 MB/s | pass   358.8 MB/s | warm   840.2 MB/s | bpe
GIGA tool=gigatoken version=fac0114b37120ec8a76362e9ee8e1c742aaafaef kind=bpe chunk=4096 bytes=2048653 calls=497 ids=565852 cold_s=0.011063 pass_s=0.005710 warm_s=0.002438 reps=5 cold_reps=2 load_ms=67 fresh_state_ms=7.596 cache_entries=65602
hf    chunk    4096      5.18 MB/s   1.432 Mtok/s      795263 ns/call
REF tool=hf version=0.23.2 chunk=4096 bytes=2048653 calls=497 ids=565852 sha=568009b147dcbd5c s=0.395246 reps=3
FIRSTDIFF none
REF tool=gigatoken chunk=4096 ids=565852 sha=568009b147dcbd5c hf_nopp_ids=565852 hf_nopp_sha=568009b147dcbd5c same_as_hf_nopp=yes first_diff=none
tikt  chunk    4096     22.85 MB/s   6.310 Mtok/s      180433 ns/call  ids==hf(no post-processor): yes
REF tool=tiktoken version=0.14.0 chunk=4096 bytes=2048653 calls=497 ids=565852 sha=568009b147dcbd5c s=0.089675 reps=3 hf_nopp_ids=565852 hf_nopp_sha=568009b147dcbd5c same_as_hf_nopp=yes
EXACT yes toks == hf (565852 568009b147dcbd5c)
PINNED cpu 7 siblings 7: 
BUSY cpu7 100% 
LOAD after 3.70 4.85 3.42
== gpt2 en chunk 0
LOAD before 3.70 4.85 3.42
PINNED cpu 7 siblings 7: 
toks  chunk       0  cold   353.3 MB/s  97.57 Mtok/s   5799310 ns/call | pass   355.7 MB/s | warm   615.3 MB/s | floor  37570.7 MB/s (memcpy) x_floor    106 | neon
E2E tool=toks tier=neon chunk=0 bytes=2048653 calls=1 ids=565852 sha=568009b147dcbd5c cold_s=0.005799 pass_s=0.005760 warm_s=0.003329 lang_s=0.000000 floor_s=0.000055 floor_v=memcpy floor_xor_s=0.000159 floor_memcpy_s=0.000055 floor_nt_s=0.000156 ghz0=3.892 ghz1=3.894 load_ms=35 scratch_mib=72.34 cache_mib=0 reps=5
giga  chunk       0  cold   361.3 MB/s | pass   367.0 MB/s | warm   881.0 MB/s | bpe
GIGA tool=gigatoken version=fac0114b37120ec8a76362e9ee8e1c742aaafaef kind=bpe chunk=0 bytes=2048653 calls=1 ids=565852 cold_s=0.005670 pass_s=0.005582 warm_s=0.002325 reps=5 cold_reps=2 load_ms=67 fresh_state_ms=7.545 cache_entries=65600
hf    chunk       0      2.88 MB/s   0.796 Mtok/s   711257516 ns/call
REF tool=hf version=0.23.2 chunk=0 bytes=2048653 calls=1 ids=565852 sha=568009b147dcbd5c s=0.711258 reps=3
FIRSTDIFF none
REF tool=gigatoken chunk=0 ids=565852 sha=568009b147dcbd5c hf_nopp_ids=565852 hf_nopp_sha=568009b147dcbd5c same_as_hf_nopp=yes first_diff=none
tikt  chunk       0     20.47 MB/s   5.655 Mtok/s   100064950 ns/call  ids==hf(no post-processor): yes
REF tool=tiktoken version=0.14.0 chunk=0 bytes=2048653 calls=1 ids=565852 sha=568009b147dcbd5c s=0.100065 reps=3 hf_nopp_ids=565852 hf_nopp_sha=568009b147dcbd5c same_as_hf_nopp=yes
EXACT yes toks == hf (565852 568009b147dcbd5c)
PINNED cpu 7 siblings 7: 
BUSY cpu7 99% 
LOAD after 3.48 4.78 3.40
== gpt2 code chunk 4096
LOAD before 3.48 4.78 3.40
PINNED cpu 7 siblings 7: 
toks  chunk    4096  cold   295.3 MB/s 132.36 Mtok/s     13971 ns/call | pass   408.9 MB/s | warm   565.1 MB/s | floor  40355.8 MB/s (memcpy) x_floor     99 | neon
E2E tool=toks tier=neon chunk=4096 bytes=614699 calls=149 ids=275533 sha=33c67d02ab3998ee cold_s=0.002082 pass_s=0.001503 warm_s=0.001088 lang_s=0.000000 floor_s=0.000015 floor_v=memcpy floor_xor_s=0.000055 floor_memcpy_s=0.000015 floor_nt_s=0.000057 ghz0=3.893 ghz1=3.892 load_ms=35 scratch_mib=2.15 cache_mib=0 reps=5
giga  chunk    4096  cold   177.7 MB/s | pass   389.5 MB/s | warm   711.0 MB/s | bpe
GIGA tool=gigatoken version=fac0114b37120ec8a76362e9ee8e1c742aaafaef kind=bpe chunk=4096 bytes=614699 calls=149 ids=275533 cold_s=0.003459 pass_s=0.001578 warm_s=0.000865 reps=5 cold_reps=2 load_ms=66 fresh_state_ms=7.620 cache_entries=53403
hf    chunk    4096      5.44 MB/s   2.436 Mtok/s      758978 ns/call
REF tool=hf version=0.23.2 chunk=4096 bytes=614699 calls=149 ids=275533 sha=33c67d02ab3998ee s=0.113088 reps=3
FIRSTDIFF none
REF tool=gigatoken chunk=4096 ids=275533 sha=33c67d02ab3998ee hf_nopp_ids=275533 hf_nopp_sha=33c67d02ab3998ee same_as_hf_nopp=yes first_diff=none
tikt  chunk    4096     20.13 MB/s   9.023 Mtok/s      204942 ns/call  ids==hf(no post-processor): yes
REF tool=tiktoken version=0.14.0 chunk=4096 bytes=614699 calls=149 ids=275533 sha=33c67d02ab3998ee s=0.030536 reps=3 hf_nopp_ids=275533 hf_nopp_sha=33c67d02ab3998ee same_as_hf_nopp=yes
EXACT yes toks == hf (275533 33c67d02ab3998ee)
PINNED cpu 7 siblings 7: 
BUSY cpu7 99% 
LOAD after 3.28 4.72 3.39
== gpt2 code chunk 0
LOAD before 3.28 4.72 3.39
PINNED cpu 7 siblings 7: 
toks  chunk       0  cold   404.8 MB/s 181.44 Mtok/s   1518480 ns/call | pass   418.8 MB/s | warm   570.1 MB/s | floor  41399.4 MB/s (memcpy) x_floor     99 | neon
E2E tool=toks tier=neon chunk=0 bytes=614699 calls=1 ids=275512 sha=9ce800c4b28f8c6c cold_s=0.001518 pass_s=0.001468 warm_s=0.001078 lang_s=0.000000 floor_s=0.000015 floor_v=memcpy floor_xor_s=0.000057 floor_memcpy_s=0.000015 floor_nt_s=0.000057 ghz0=3.894 ghz1=3.892 load_ms=34 scratch_mib=23.11 cache_mib=0 reps=5
giga  chunk       0  cold   394.4 MB/s | pass   397.1 MB/s | warm   738.0 MB/s | bpe
GIGA tool=gigatoken version=fac0114b37120ec8a76362e9ee8e1c742aaafaef kind=bpe chunk=0 bytes=614699 calls=1 ids=275512 cold_s=0.001559 pass_s=0.001548 warm_s=0.000833 reps=5 cold_reps=2 load_ms=64 fresh_state_ms=7.759 cache_entries=53403
hf    chunk       0      3.54 MB/s   1.585 Mtok/s   173828528 ns/call
REF tool=hf version=0.23.2 chunk=0 bytes=614699 calls=1 ids=275512 sha=9ce800c4b28f8c6c s=0.173829 reps=3
FIRSTDIFF none
REF tool=gigatoken chunk=0 ids=275512 sha=9ce800c4b28f8c6c hf_nopp_ids=275512 hf_nopp_sha=9ce800c4b28f8c6c same_as_hf_nopp=yes first_diff=none
tikt  chunk       0     18.85 MB/s   8.448 Mtok/s    32613647 ns/call  ids==hf(no post-processor): yes
REF tool=tiktoken version=0.14.0 chunk=0 bytes=614699 calls=1 ids=275512 sha=9ce800c4b28f8c6c s=0.032614 reps=3 hf_nopp_ids=275512 hf_nopp_sha=9ce800c4b28f8c6c same_as_hf_nopp=yes
EXACT yes toks == hf (275512 9ce800c4b28f8c6c)
PINNED cpu 7 siblings 7: 
BUSY cpu7 98% 
LOAD after 3.28 4.72 3.39
== gpt2 ml chunk 4096
LOAD before 3.28 4.72 3.39
PINNED cpu 7 siblings 7: 
toks  chunk    4096  cold   115.9 MB/s  55.28 Mtok/s     38525 ns/call | pass   189.0 MB/s | warm   209.0 MB/s | floor  33859.5 MB/s (memcpy) x_floor    179 | neon
E2E tool=toks tier=neon chunk=4096 bytes=6443660 calls=1443 ids=3073094 sha=b1cba24ad9a63d53 cold_s=0.055592 pass_s=0.034090 warm_s=0.030826 lang_s=0.000000 floor_s=0.000190 floor_v=memcpy floor_xor_s=0.000603 floor_memcpy_s=0.000190 floor_nt_s=0.000655 ghz0=3.889 ghz1=3.896 load_ms=36 scratch_mib=2.37 cache_mib=0 reps=5
giga  chunk    4096  cold    72.2 MB/s | pass   160.6 MB/s | warm   459.4 MB/s | bpe
GIGA tool=gigatoken version=fac0114b37120ec8a76362e9ee8e1c742aaafaef kind=bpe chunk=4096 bytes=6443660 calls=1443 ids=3073094 cold_s=0.089268 pass_s=0.040129 warm_s=0.014027 reps=5 cold_reps=2 load_ms=64 fresh_state_ms=8.584 cache_entries=170719
hf    chunk    4096      4.10 MB/s   1.953 Mtok/s     1090360 ns/call
REF tool=hf version=0.23.2 chunk=4096 bytes=6443660 calls=1443 ids=3073094 sha=b1cba24ad9a63d53 s=1.573389 reps=3
FIRSTDIFF none
REF tool=gigatoken chunk=4096 ids=3073094 sha=b1cba24ad9a63d53 hf_nopp_ids=3073094 hf_nopp_sha=b1cba24ad9a63d53 same_as_hf_nopp=yes first_diff=none
tikt  chunk    4096     18.67 MB/s   8.904 Mtok/s      239174 ns/call  ids==hf(no post-processor): yes
REF tool=tiktoken version=0.14.0 chunk=4096 bytes=6443660 calls=1443 ids=3073094 sha=b1cba24ad9a63d53 s=0.345129 reps=3 hf_nopp_ids=3073094 hf_nopp_sha=b1cba24ad9a63d53 same_as_hf_nopp=yes
EXACT yes toks == hf (3073094 b1cba24ad9a63d53)
PINNED cpu 7 siblings 7: 7/ps/0.0 
BUSY cpu7 100% 
LOAD after 2.38 4.36 3.31
== gpt2 ml chunk 0
LOAD before 2.38 4.36 3.31
PINNED cpu 7 siblings 7: 
toks  chunk       0  cold   191.8 MB/s  91.49 Mtok/s  33590298 ns/call | pass   191.7 MB/s | warm   211.8 MB/s | floor  17782.7 MB/s (memcpy) x_floor     93 | neon
E2E tool=toks tier=neon chunk=0 bytes=6443660 calls=1 ids=3073097 sha=9c4f7b0df9c351d5 cold_s=0.033590 pass_s=0.033619 warm_s=0.030423 lang_s=0.000000 floor_s=0.000362 floor_v=memcpy floor_xor_s=0.000635 floor_memcpy_s=0.000362 floor_nt_s=0.000617 ghz0=3.884 ghz1=3.894 load_ms=35 scratch_mib=223.23 cache_mib=0 reps=5
giga  chunk       0  cold   161.0 MB/s | pass   161.8 MB/s | warm   456.5 MB/s | bpe
GIGA tool=gigatoken version=fac0114b37120ec8a76362e9ee8e1c742aaafaef kind=bpe chunk=0 bytes=6443660 calls=1 ids=3073097 cold_s=0.040023 pass_s=0.039828 warm_s=0.014116 reps=5 cold_reps=2 load_ms=64 fresh_state_ms=8.462 cache_entries=170719
hf    chunk       0      2.16 MB/s   1.030 Mtok/s  2982858122 ns/call
REF tool=hf version=0.23.2 chunk=0 bytes=6443660 calls=1 ids=3073097 sha=9c4f7b0df9c351d5 s=2.982858 reps=3
FIRSTDIFF none
REF tool=gigatoken chunk=0 ids=3073097 sha=9c4f7b0df9c351d5 hf_nopp_ids=3073097 hf_nopp_sha=9c4f7b0df9c351d5 same_as_hf_nopp=yes first_diff=none
tikt  chunk       0     16.44 MB/s   7.839 Mtok/s   392046732 ns/call  ids==hf(no post-processor): yes
REF tool=tiktoken version=0.14.0 chunk=0 bytes=6443660 calls=1 ids=3073097 sha=9c4f7b0df9c351d5 s=0.392047 reps=3 hf_nopp_ids=3073097 hf_nopp_sha=9c4f7b0df9c351d5 same_as_hf_nopp=yes
EXACT yes toks == hf (3073097 9c4f7b0df9c351d5)
PINNED cpu 7 siblings 7: 
BUSY cpu7 100% 
LOAD after 1.99 4.14 3.26
== gpt2 cjk chunk 4096
LOAD before 1.99 4.14 3.26
PINNED cpu 7 siblings 7: 
toks  chunk    4096  cold   115.0 MB/s  84.76 Mtok/s     36580 ns/call | pass   119.2 MB/s | warm   122.0 MB/s | floor  27870.4 MB/s (memcpy) x_floor    234 | neon
E2E tool=toks tier=neon chunk=4096 bytes=3129985 calls=744 ids=2306848 sha=b493817c6ec0d5e5 cold_s=0.027215 pass_s=0.026263 warm_s=0.025657 lang_s=0.000000 floor_s=0.000112 floor_v=memcpy floor_xor_s=0.000369 floor_memcpy_s=0.000112 floor_nt_s=0.000373 ghz0=3.894 ghz1=3.896 load_ms=36 scratch_mib=2.33 cache_mib=0 reps=5
giga  chunk    4096  cold    61.0 MB/s | pass    75.2 MB/s | warm   272.8 MB/s | bpe
GIGA tool=gigatoken version=fac0114b37120ec8a76362e9ee8e1c742aaafaef kind=bpe chunk=4096 bytes=3129985 calls=744 ids=2306848 cold_s=0.051336 pass_s=0.041600 warm_s=0.011473 reps=5 cold_reps=2 load_ms=64 fresh_state_ms=8.734 cache_entries=169456
hf    chunk    4096      4.70 MB/s   3.467 Mtok/s      894395 ns/call
REF tool=hf version=0.23.2 chunk=4096 bytes=3129985 calls=744 ids=2306848 sha=b493817c6ec0d5e5 s=0.665430 reps=3
FIRSTDIFF none
REF tool=gigatoken chunk=4096 ids=2306848 sha=b493817c6ec0d5e5 hf_nopp_ids=2306848 hf_nopp_sha=b493817c6ec0d5e5 same_as_hf_nopp=yes first_diff=none
tikt  chunk    4096     20.84 MB/s  15.358 Mtok/s      201886 ns/call  ids==hf(no post-processor): yes
REF tool=tiktoken version=0.14.0 chunk=4096 bytes=3129985 calls=744 ids=2306848 sha=b493817c6ec0d5e5 s=0.150203 reps=3 hf_nopp_ids=2306848 hf_nopp_sha=b493817c6ec0d5e5 same_as_hf_nopp=yes
EXACT yes toks == hf (2306848 b493817c6ec0d5e5)
PINNED cpu 7 siblings 7: 
BUSY cpu7 100% 
LOAD after 1.77 3.99 3.22
== gpt2 cjk chunk 0
LOAD before 1.77 3.99 3.22
PINNED cpu 7 siblings 7: 
toks  chunk       0  cold   118.5 MB/s  87.32 Mtok/s  26419292 ns/call | pass   118.6 MB/s | warm   121.1 MB/s | floor  15194.0 MB/s (memcpy) x_floor    128 | neon
E2E tool=toks tier=neon chunk=0 bytes=3129985 calls=1 ids=2306848 sha=b493817c6ec0d5e5 cold_s=0.026419 pass_s=0.026384 warm_s=0.025845 lang_s=0.000000 floor_s=0.000206 floor_v=memcpy floor_xor_s=0.000378 floor_memcpy_s=0.000206 floor_nt_s=0.000373 ghz0=3.894 ghz1=3.895 load_ms=34 scratch_mib=109.46 cache_mib=0 reps=5
giga  chunk       0  cold    71.6 MB/s | pass    75.8 MB/s | warm   268.3 MB/s | bpe
GIGA tool=gigatoken version=fac0114b37120ec8a76362e9ee8e1c742aaafaef kind=bpe chunk=0 bytes=3129985 calls=1 ids=2306848 cold_s=0.043744 pass_s=0.041308 warm_s=0.011667 reps=5 cold_reps=2 load_ms=67 fresh_state_ms=8.675 cache_entries=169455
hf    chunk       0      2.60 MB/s   1.919 Mtok/s  1202137447 ns/call
REF tool=hf version=0.23.2 chunk=0 bytes=3129985 calls=1 ids=2306848 sha=b493817c6ec0d5e5 s=1.202137 reps=3
FIRSTDIFF none
REF tool=gigatoken chunk=0 ids=2306848 sha=b493817c6ec0d5e5 hf_nopp_ids=2306848 hf_nopp_sha=b493817c6ec0d5e5 same_as_hf_nopp=yes first_diff=none
tikt  chunk       0     19.34 MB/s  14.252 Mtok/s   161861133 ns/call  ids==hf(no post-processor): yes
REF tool=tiktoken version=0.14.0 chunk=0 bytes=3129985 calls=1 ids=2306848 sha=b493817c6ec0d5e5 s=0.161861 reps=3 hf_nopp_ids=2306848 hf_nopp_sha=b493817c6ec0d5e5 same_as_hf_nopp=yes
EXACT yes toks == hf (2306848 b493817c6ec0d5e5)
PINNED cpu 7 siblings 7: 7/ps/0.0 
BUSY cpu7 100% 
LOAD after 1.65 3.89 3.20
== llama3 en chunk 4096
LOAD before 1.65 3.89 3.20
PINNED cpu 7 siblings 7: 
toks  chunk    4096  cold   197.7 MB/s  47.31 Mtok/s     20852 ns/call | pass   267.7 MB/s | warm   549.4 MB/s | floor  51754.6 MB/s (memcpy) x_floor    193 | neon
E2E tool=toks tier=neon chunk=4096 bytes=2048653 calls=497 ids=490310 sha=8a0cbbfb1954b8bc cold_s=0.010363 pass_s=0.007654 warm_s=0.003729 lang_s=0.000000 floor_s=0.000040 floor_v=memcpy floor_xor_s=0.000150 floor_memcpy_s=0.000040 floor_nt_s=0.000152 ghz0=3.892 ghz1=3.893 load_ms=174 scratch_mib=2.14 cache_mib=0 reps=5
giga  chunk    4096  cold    58.1 MB/s | pass   225.6 MB/s | warm   762.6 MB/s | bpe
GIGA tool=gigatoken version=fac0114b37120ec8a76362e9ee8e1c742aaafaef kind=bpe chunk=4096 bytes=2048653 calls=497 ids=489813 cold_s=0.035243 pass_s=0.009079 warm_s=0.002686 reps=5 cold_reps=2 load_ms=277 fresh_state_ms=7.813 cache_entries=142888
hf    chunk    4096      5.32 MB/s   1.272 Mtok/s      775545 ns/call
REF tool=hf version=0.23.2 chunk=4096 bytes=2048653 calls=497 ids=490310 sha=8a0cbbfb1954b8bc s=0.385446 reps=3
FIRSTDIFF none
REF tool=gigatoken chunk=4096 ids=489813 sha=c4cf41338a9bbe5c hf_nopp_ids=489813 hf_nopp_sha=c4cf41338a9bbe5c same_as_hf_nopp=yes first_diff=none
tikt  chunk    4096     29.77 MB/s   7.119 Mtok/s      138444 ns/call  ids==hf(no post-processor): yes
REF tool=tiktoken version=0.14.0 chunk=4096 bytes=2048653 calls=497 ids=489813 sha=c4cf41338a9bbe5c s=0.068807 reps=3 hf_nopp_ids=489813 hf_nopp_sha=c4cf41338a9bbe5c same_as_hf_nopp=yes
EXACT yes toks == hf (490310 8a0cbbfb1954b8bc)
PINNED cpu 7 siblings 7: 
BUSY cpu7 100% 
LOAD after 1.55 3.80 3.18
== llama3 en chunk 0
LOAD before 1.55 3.80 3.18
PINNED cpu 7 siblings 7: 
toks  chunk       0  cold   255.5 MB/s  61.09 Mtok/s   8017398 ns/call | pass   264.1 MB/s | warm   534.2 MB/s | floor  39409.3 MB/s (memcpy) x_floor    149 | neon
E2E tool=toks tier=neon chunk=0 bytes=2048653 calls=1 ids=489751 sha=2f5fe9c564903229 cold_s=0.008017 pass_s=0.007758 warm_s=0.003835 lang_s=0.000000 floor_s=0.000052 floor_v=memcpy floor_xor_s=0.000154 floor_memcpy_s=0.000052 floor_nt_s=0.000149 ghz0=3.895 ghz1=3.892 load_ms=175 scratch_mib=72.34 cache_mib=0 reps=5
giga  chunk       0  cold   232.2 MB/s | pass   240.0 MB/s | warm   783.9 MB/s | bpe
GIGA tool=gigatoken version=fac0114b37120ec8a76362e9ee8e1c742aaafaef kind=bpe chunk=0 bytes=2048653 calls=1 ids=489750 cold_s=0.008825 pass_s=0.008537 warm_s=0.002614 reps=5 cold_reps=2 load_ms=278 fresh_state_ms=7.784 cache_entries=142886
hf    chunk       0      2.92 MB/s   0.699 Mtok/s   700563281 ns/call
REF tool=hf version=0.23.2 chunk=0 bytes=2048653 calls=1 ids=489751 sha=2f5fe9c564903229 s=0.700563 reps=3
FIRSTDIFF none
REF tool=gigatoken chunk=0 ids=489750 sha=7c17506204cdad8e hf_nopp_ids=489750 hf_nopp_sha=7c17506204cdad8e same_as_hf_nopp=yes first_diff=none
tikt  chunk       0     25.78 MB/s   6.162 Mtok/s    79475863 ns/call  ids==hf(no post-processor): yes
REF tool=tiktoken version=0.14.0 chunk=0 bytes=2048653 calls=1 ids=489750 sha=7c17506204cdad8e s=0.079476 reps=3 hf_nopp_ids=489750 hf_nopp_sha=7c17506204cdad8e same_as_hf_nopp=yes
EXACT yes toks == hf (489751 2f5fe9c564903229)
PINNED cpu 7 siblings 7: 
BUSY cpu7 99% 
LOAD after 1.51 3.75 3.16
== llama3 code chunk 4096
LOAD before 1.51 3.75 3.16
PINNED cpu 7 siblings 7: 
toks  chunk    4096  cold   382.2 MB/s  92.18 Mtok/s     10793 ns/call | pass   436.4 MB/s | warm   684.4 MB/s | floor  53359.3 MB/s (memcpy) x_floor    122 | neon
E2E tool=toks tier=neon chunk=4096 bytes=614699 calls=149 ids=148232 sha=0a734bfae0037624 cold_s=0.001608 pass_s=0.001408 warm_s=0.000898 lang_s=0.000000 floor_s=0.000012 floor_v=memcpy floor_xor_s=0.000044 floor_memcpy_s=0.000012 floor_nt_s=0.000046 ghz0=3.892 ghz1=3.891 load_ms=171 scratch_mib=2.15 cache_mib=0 reps=5
giga  chunk    4096  cold    94.6 MB/s | pass   285.2 MB/s | warm   743.2 MB/s | bpe
GIGA tool=gigatoken version=fac0114b37120ec8a76362e9ee8e1c742aaafaef kind=bpe chunk=4096 bytes=614699 calls=149 ids=148083 cold_s=0.006496 pass_s=0.002155 warm_s=0.000827 reps=5 cold_reps=2 load_ms=281 fresh_state_ms=7.766 cache_entries=129162
hf    chunk    4096      5.63 MB/s   1.358 Mtok/s      732744 ns/call
REF tool=hf version=0.23.2 chunk=4096 bytes=614699 calls=149 ids=148232 sha=0a734bfae0037624 s=0.109179 reps=3
FIRSTDIFF none
REF tool=gigatoken chunk=4096 ids=148083 sha=8712dc614efb2f75 hf_nopp_ids=148083 hf_nopp_sha=8712dc614efb2f75 same_as_hf_nopp=yes first_diff=none
tikt  chunk    4096     26.92 MB/s   6.485 Mtok/s      153247 ns/call  ids==hf(no post-processor): yes
REF tool=tiktoken version=0.14.0 chunk=4096 bytes=614699 calls=149 ids=148083 sha=8712dc614efb2f75 s=0.022834 reps=3 hf_nopp_ids=148083 hf_nopp_sha=8712dc614efb2f75 same_as_hf_nopp=yes
EXACT yes toks == hf (148232 0a734bfae0037624)
PINNED cpu 7 siblings 7: 
BUSY cpu7 99% 
LOAD after 1.46 3.70 3.15
== llama3 code chunk 0
LOAD before 1.46 3.70 3.15
PINNED cpu 7 siblings 7: 
toks  chunk       0  cold   466.6 MB/s 112.38 Mtok/s   1317486 ns/call | pass   486.1 MB/s | warm   710.6 MB/s | floor  51917.1 MB/s (memcpy) x_floor    107 | neon
E2E tool=toks tier=neon chunk=0 bytes=614699 calls=1 ids=148062 sha=eae95eba97787193 cold_s=0.001317 pass_s=0.001265 warm_s=0.000865 lang_s=0.000000 floor_s=0.000012 floor_v=memcpy floor_xor_s=0.000045 floor_memcpy_s=0.000012 floor_nt_s=0.000045 ghz0=3.892 ghz1=3.889 load_ms=171 scratch_mib=23.11 cache_mib=0 reps=5
giga  chunk       0  cold   298.1 MB/s | pass   332.1 MB/s | warm   793.9 MB/s | bpe
GIGA tool=gigatoken version=fac0114b37120ec8a76362e9ee8e1c742aaafaef kind=bpe chunk=0 bytes=614699 calls=1 ids=148061 cold_s=0.002062 pass_s=0.001851 warm_s=0.000774 reps=5 cold_reps=2 load_ms=272 fresh_state_ms=7.761 cache_entries=129163
hf    chunk       0      3.86 MB/s   0.931 Mtok/s   159081344 ns/call
REF tool=hf version=0.23.2 chunk=0 bytes=614699 calls=1 ids=148062 sha=eae95eba97787193 s=0.159081 reps=3
FIRSTDIFF none
REF tool=gigatoken chunk=0 ids=148061 sha=c91f5ff500e95a65 hf_nopp_ids=148061 hf_nopp_sha=c91f5ff500e95a65 same_as_hf_nopp=yes first_diff=none
tikt  chunk       0     24.49 MB/s   5.898 Mtok/s    25105022 ns/call  ids==hf(no post-processor): yes
REF tool=tiktoken version=0.14.0 chunk=0 bytes=614699 calls=1 ids=148061 sha=c91f5ff500e95a65 s=0.025105 reps=3 hf_nopp_ids=148061 hf_nopp_sha=c91f5ff500e95a65 same_as_hf_nopp=yes
EXACT yes toks == hf (148062 eae95eba97787193)
PINNED cpu 7 siblings 7: 
BUSY cpu7 99% 
LOAD after 1.46 3.70 3.15
== llama3 ml chunk 4096
LOAD before 1.46 3.70 3.15
PINNED cpu 7 siblings 7: 
toks  chunk    4096  cold    83.8 MB/s  25.43 Mtok/s     53311 ns/call | pass   118.8 MB/s | warm   131.8 MB/s | floor  40823.5 MB/s (memcpy) x_floor    344 | neon
E2E tool=toks tier=neon chunk=4096 bytes=6443660 calls=1443 ids=1955953 sha=e0c8fe1d00582002 cold_s=0.076928 pass_s=0.054239 warm_s=0.048900 lang_s=0.000000 floor_s=0.000158 floor_v=memcpy floor_xor_s=0.000505 floor_memcpy_s=0.000158 floor_nt_s=0.000552 ghz0=3.894 ghz1=3.881 load_ms=175 scratch_mib=2.37 cache_mib=0 reps=5
giga  chunk    4096  cold    30.1 MB/s | pass   102.6 MB/s | warm   496.7 MB/s | bpe
GIGA tool=gigatoken version=fac0114b37120ec8a76362e9ee8e1c742aaafaef kind=bpe chunk=4096 bytes=6443660 calls=1443 ids=1954510 cold_s=0.214358 pass_s=0.062799 warm_s=0.012973 reps=5 cold_reps=2 load_ms=276 fresh_state_ms=8.396 cache_entries=245051
hf    chunk    4096      4.63 MB/s   1.405 Mtok/s      964885 ns/call
REF tool=hf version=0.23.2 chunk=4096 bytes=6443660 calls=1443 ids=1955953 sha=e0c8fe1d00582002 s=1.392329 reps=3
FIRSTDIFF none
REF tool=gigatoken chunk=4096 ids=1954510 sha=aa2ddb9c4ad3cc73 hf_nopp_ids=1954510 hf_nopp_sha=aa2ddb9c4ad3cc73 same_as_hf_nopp=yes first_diff=none
tikt  chunk    4096     25.01 MB/s   7.585 Mtok/s      178571 ns/call  ids==hf(no post-processor): yes
REF tool=tiktoken version=0.14.0 chunk=4096 bytes=6443660 calls=1443 ids=1954510 sha=aa2ddb9c4ad3cc73 s=0.257677 reps=3 hf_nopp_ids=1954510 hf_nopp_sha=aa2ddb9c4ad3cc73 same_as_hf_nopp=yes
EXACT yes toks == hf (1955953 e0c8fe1d00582002)
PINNED cpu 7 siblings 7: 
BUSY cpu7 100% 
LOAD after 1.35 3.46 3.09
== llama3 ml chunk 0
LOAD before 1.35 3.46 3.09
PINNED cpu 7 siblings 7: 
toks  chunk       0  cold   119.3 MB/s  36.17 Mtok/s  54024788 ns/call | pass   119.1 MB/s | warm   131.5 MB/s | floor  25124.7 MB/s (memcpy) x_floor    211 | neon
E2E tool=toks tier=neon chunk=0 bytes=6443660 calls=1 ids=1953957 sha=4d3f9dcefe76c41b cold_s=0.054025 pass_s=0.054102 warm_s=0.048989 lang_s=0.000000 floor_s=0.000256 floor_v=memcpy floor_xor_s=0.000535 floor_memcpy_s=0.000256 floor_nt_s=0.000515 ghz0=3.893 ghz1=3.888 load_ms=174 scratch_mib=223.23 cache_mib=0 reps=5
giga  chunk       0  cold   102.3 MB/s | pass   102.4 MB/s | warm   498.1 MB/s | bpe
GIGA tool=gigatoken version=fac0114b37120ec8a76362e9ee8e1c742aaafaef kind=bpe chunk=0 bytes=6443660 calls=1 ids=1953956 cold_s=0.063003 pass_s=0.062926 warm_s=0.012938 reps=5 cold_reps=2 load_ms=272 fresh_state_ms=8.185 cache_entries=245043
hf    chunk       0      2.57 MB/s   0.778 Mtok/s  2510913528 ns/call
REF tool=hf version=0.23.2 chunk=0 bytes=6443660 calls=1 ids=1953957 sha=4d3f9dcefe76c41b s=2.510914 reps=3
FIRSTDIFF none
REF tool=gigatoken chunk=0 ids=1953956 sha=f48874f8144a3fef hf_nopp_ids=1953956 hf_nopp_sha=f48874f8144a3fef same_as_hf_nopp=yes first_diff=none
tikt  chunk       0     21.69 MB/s   6.576 Mtok/s   297135851 ns/call  ids==hf(no post-processor): yes
REF tool=tiktoken version=0.14.0 chunk=0 bytes=6443660 calls=1 ids=1953956 sha=f48874f8144a3fef s=0.297136 reps=3 hf_nopp_ids=1953956 hf_nopp_sha=f48874f8144a3fef same_as_hf_nopp=yes
EXACT yes toks == hf (1953957 4d3f9dcefe76c41b)
PINNED cpu 7 siblings 7: 7/ps/0.0 
BUSY cpu7 100% 
LOAD after 1.25 3.30 3.04
== llama3 cjk chunk 4096
LOAD before 1.25 3.30 3.04
PINNED cpu 7 siblings 7: 7/ps/0.0 
toks  chunk    4096  cold   106.2 MB/s  35.67 Mtok/s     39607 ns/call | pass   110.3 MB/s | warm   127.0 MB/s | floor  41533.2 MB/s (memcpy) x_floor    376 | neon
E2E tool=toks tier=neon chunk=4096 bytes=3129985 calls=744 ids=1051005 sha=6815964c542706e0 cold_s=0.029467 pass_s=0.028366 warm_s=0.024652 lang_s=0.000000 floor_s=0.000075 floor_v=memcpy floor_xor_s=0.000251 floor_memcpy_s=0.000075 floor_nt_s=0.000266 ghz0=3.895 ghz1=3.894 load_ms=170 scratch_mib=2.33 cache_mib=0 reps=5
giga  chunk    4096  cold    18.4 MB/s | pass    37.9 MB/s | warm   259.3 MB/s | bpe
GIGA tool=gigatoken version=fac0114b37120ec8a76362e9ee8e1c742aaafaef kind=bpe chunk=4096 bytes=3129985 calls=744 ids=1050261 cold_s=0.170534 pass_s=0.082572 warm_s=0.012071 reps=5 cold_reps=2 load_ms=276 fresh_state_ms=7.824 cache_entries=247729
hf    chunk    4096      5.68 MB/s   1.906 Mtok/s      741217 ns/call
REF tool=hf version=0.23.2 chunk=4096 bytes=3129985 calls=744 ids=1051005 sha=6815964c542706e0 s=0.551465 reps=3
FIRSTDIFF none
REF tool=gigatoken chunk=4096 ids=1050261 sha=47d15bd498e92e8b hf_nopp_ids=1050261 hf_nopp_sha=47d15bd498e92e8b same_as_hf_nopp=yes first_diff=none
tikt  chunk    4096     25.99 MB/s   8.720 Mtok/s      161886 ns/call  ids==hf(no post-processor): yes
REF tool=tiktoken version=0.14.0 chunk=4096 bytes=3129985 calls=744 ids=1050261 sha=47d15bd498e92e8b s=0.120443 reps=3 hf_nopp_ids=1050261 hf_nopp_sha=47d15bd498e92e8b same_as_hf_nopp=yes
EXACT yes toks == hf (1051005 6815964c542706e0)
PINNED cpu 7 siblings 7: 
BUSY cpu7 100% 
LOAD after 1.27 3.20 3.01
== llama3 cjk chunk 0
LOAD before 1.27 3.20 3.01
PINNED cpu 7 siblings 7: 
toks  chunk       0  cold   110.2 MB/s  36.98 Mtok/s  28400177 ns/call | pass   109.9 MB/s | warm   127.4 MB/s | floor  24891.3 MB/s (memcpy) x_floor    226 | neon
E2E tool=toks tier=neon chunk=0 bytes=3129985 calls=1 ids=1050182 sha=41c1f65218ae8b08 cold_s=0.028400 pass_s=0.028473 warm_s=0.024561 lang_s=0.000000 floor_s=0.000126 floor_v=memcpy floor_xor_s=0.000268 floor_memcpy_s=0.000126 floor_nt_s=0.000259 ghz0=3.892 ghz1=3.894 load_ms=177 scratch_mib=109.46 cache_mib=0 reps=5
giga  chunk       0  cold    38.1 MB/s | pass    38.1 MB/s | warm   257.5 MB/s | bpe
GIGA tool=gigatoken version=fac0114b37120ec8a76362e9ee8e1c742aaafaef kind=bpe chunk=0 bytes=3129985 calls=1 ids=1050181 cold_s=0.082151 pass_s=0.082225 warm_s=0.012153 reps=5 cold_reps=2 load_ms=276 fresh_state_ms=7.819 cache_entries=247729
hf    chunk       0      3.29 MB/s   1.103 Mtok/s   952503055 ns/call
REF tool=hf version=0.23.2 chunk=0 bytes=3129985 calls=1 ids=1050182 sha=41c1f65218ae8b08 s=0.952503 reps=3
FIRSTDIFF none
REF tool=gigatoken chunk=0 ids=1050181 sha=3ba795d487ee20f0 hf_nopp_ids=1050181 hf_nopp_sha=3ba795d487ee20f0 same_as_hf_nopp=yes first_diff=none
tikt  chunk       0     22.65 MB/s   7.599 Mtok/s   138192270 ns/call  ids==hf(no post-processor): yes
REF tool=tiktoken version=0.14.0 chunk=0 bytes=3129985 calls=1 ids=1050181 sha=3ba795d487ee20f0 s=0.138192 reps=3 hf_nopp_ids=1050181 hf_nopp_sha=3ba795d487ee20f0 same_as_hf_nopp=yes
EXACT yes toks == hf (1050182 41c1f65218ae8b08)
PINNED cpu 7 siblings 7: 
BUSY cpu7 100% 
LOAD after 1.23 3.13 2.99
== glm53 en chunk 4096
LOAD before 1.23 3.13 2.99
PINNED cpu 7 siblings 7: 
toks  chunk    4096  cold   197.6 MB/s  47.24 Mtok/s     20858 ns/call | pass   260.6 MB/s | warm   540.1 MB/s | floor  50749.4 MB/s (memcpy) x_floor    195 | neon
E2E tool=toks tier=neon chunk=4096 bytes=2048653 calls=497 ids=489695 sha=2e4a4b239bbd0e76 cold_s=0.010366 pass_s=0.007860 warm_s=0.003793 lang_s=0.000000 floor_s=0.000040 floor_v=memcpy floor_xor_s=0.000149 floor_memcpy_s=0.000040 floor_nt_s=0.000153 ghz0=3.893 ghz1=3.894 load_ms=213 scratch_mib=2.14 cache_mib=0 reps=5
giga  chunk    4096  cold    59.4 MB/s | pass   208.9 MB/s | warm   603.6 MB/s | bpe
GIGA tool=gigatoken version=fac0114b37120ec8a76362e9ee8e1c742aaafaef kind=bpe chunk=4096 bytes=2048653 calls=497 ids=489695 cold_s=0.034500 pass_s=0.009808 warm_s=0.003394 reps=5 cold_reps=2 load_ms=324 fresh_state_ms=9.814 cache_entries=168929
hf    chunk    4096      5.29 MB/s   1.265 Mtok/s      778673 ns/call
REF tool=hf version=0.23.2 chunk=4096 bytes=2048653 calls=497 ids=489695 sha=2e4a4b239bbd0e76 s=0.387000 reps=3
FIRSTDIFF none
REF tool=gigatoken chunk=4096 ids=489695 sha=2e4a4b239bbd0e76 hf_nopp_ids=489695 hf_nopp_sha=2e4a4b239bbd0e76 same_as_hf_nopp=yes first_diff=none
tikt  chunk    4096     29.60 MB/s   7.076 Mtok/s      139237 ns/call  ids==hf(no post-processor): yes
REF tool=tiktoken version=0.14.0 chunk=4096 bytes=2048653 calls=497 ids=489695 sha=2e4a4b239bbd0e76 s=0.069201 reps=3 hf_nopp_ids=489695 hf_nopp_sha=2e4a4b239bbd0e76 same_as_hf_nopp=yes
EXACT yes toks == hf (489695 2e4a4b239bbd0e76)
PINNED cpu 7 siblings 7: 
BUSY cpu7 100% 
LOAD after 1.19 3.06 2.97
== glm53 en chunk 0
LOAD before 1.19 3.06 2.97
PINNED cpu 7 siblings 7: 
toks  chunk       0  cold   245.3 MB/s  58.63 Mtok/s   8350714 ns/call | pass   258.9 MB/s | warm   517.2 MB/s | floor  42354.7 MB/s (memcpy) x_floor    164 | neon
E2E tool=toks tier=neon chunk=0 bytes=2048653 calls=1 ids=489632 sha=915310729d0c10c7 cold_s=0.008351 pass_s=0.007911 warm_s=0.003961 lang_s=0.000000 floor_s=0.000048 floor_v=memcpy floor_xor_s=0.000152 floor_memcpy_s=0.000048 floor_nt_s=0.000149 ghz0=3.895 ghz1=3.896 load_ms=219 scratch_mib=72.34 cache_mib=0 reps=5
giga  chunk       0  cold   212.7 MB/s | pass   215.5 MB/s | warm   619.1 MB/s | bpe
GIGA tool=gigatoken version=fac0114b37120ec8a76362e9ee8e1c742aaafaef kind=bpe chunk=0 bytes=2048653 calls=1 ids=489632 cold_s=0.009633 pass_s=0.009508 warm_s=0.003309 reps=5 cold_reps=2 load_ms=327 fresh_state_ms=9.748 cache_entries=168927
hf    chunk       0      3.21 MB/s   0.767 Mtok/s   637979562 ns/call
REF tool=hf version=0.23.2 chunk=0 bytes=2048653 calls=1 ids=489632 sha=915310729d0c10c7 s=0.637980 reps=3
FIRSTDIFF none
REF tool=gigatoken chunk=0 ids=489632 sha=915310729d0c10c7 hf_nopp_ids=489632 hf_nopp_sha=915310729d0c10c7 same_as_hf_nopp=yes first_diff=none
tikt  chunk       0     24.81 MB/s   5.930 Mtok/s    82574039 ns/call  ids==hf(no post-processor): yes
REF tool=tiktoken version=0.14.0 chunk=0 bytes=2048653 calls=1 ids=489632 sha=915310729d0c10c7 s=0.082574 reps=3 hf_nopp_ids=489632 hf_nopp_sha=915310729d0c10c7 same_as_hf_nopp=yes
EXACT yes toks == hf (489632 915310729d0c10c7)
PINNED cpu 7 siblings 7: 
BUSY cpu7 100% 
LOAD after 1.18 3.02 2.96
== glm53 code chunk 4096
LOAD before 1.18 3.02 2.96
PINNED cpu 7 siblings 7: 
toks  chunk    4096  cold   385.2 MB/s  93.04 Mtok/s     10711 ns/call | pass   431.6 MB/s | warm   670.1 MB/s | floor  53958.8 MB/s (memcpy) x_floor    125 | neon
E2E tool=toks tier=neon chunk=4096 bytes=614699 calls=149 ids=148482 sha=f11686ca81bb6167 cold_s=0.001596 pass_s=0.001424 warm_s=0.000917 lang_s=0.000000 floor_s=0.000011 floor_v=memcpy floor_xor_s=0.000044 floor_memcpy_s=0.000011 floor_nt_s=0.000046 ghz0=3.889 ghz1=3.893 load_ms=213 scratch_mib=2.15 cache_mib=0 reps=5
giga  chunk    4096  cold    88.4 MB/s | pass   246.3 MB/s | warm   587.4 MB/s | bpe
GIGA tool=gigatoken version=fac0114b37120ec8a76362e9ee8e1c742aaafaef kind=bpe chunk=4096 bytes=614699 calls=149 ids=148482 cold_s=0.006955 pass_s=0.002496 warm_s=0.001047 reps=5 cold_reps=2 load_ms=326 fresh_state_ms=9.665 cache_entries=155400
hf    chunk    4096      5.52 MB/s   1.334 Mtok/s      746964 ns/call
REF tool=hf version=0.23.2 chunk=4096 bytes=614699 calls=149 ids=148482 sha=f11686ca81bb6167 s=0.111298 reps=3
FIRSTDIFF none
REF tool=gigatoken chunk=4096 ids=148482 sha=f11686ca81bb6167 hf_nopp_ids=148482 hf_nopp_sha=f11686ca81bb6167 same_as_hf_nopp=yes first_diff=none
tikt  chunk    4096     26.65 MB/s   6.438 Mtok/s      154779 ns/call  ids==hf(no post-processor): yes
REF tool=tiktoken version=0.14.0 chunk=4096 bytes=614699 calls=149 ids=148482 sha=f11686ca81bb6167 s=0.023062 reps=3 hf_nopp_ids=148482 hf_nopp_sha=f11686ca81bb6167 same_as_hf_nopp=yes
EXACT yes toks == hf (148482 f11686ca81bb6167)
PINNED cpu 7 siblings 7: 
BUSY cpu7 99% 
LOAD after 1.40 3.04 2.97
== glm53 code chunk 0
LOAD before 1.40 3.04 2.97
PINNED cpu 7 siblings 7: 
toks  chunk       0  cold   467.9 MB/s 113.00 Mtok/s   1313775 ns/call | pass   480.7 MB/s | warm   699.0 MB/s | floor  53285.3 MB/s (memcpy) x_floor    111 | neon
E2E tool=toks tier=neon chunk=0 bytes=614699 calls=1 ids=148460 sha=1083e757a9fec451 cold_s=0.001314 pass_s=0.001279 warm_s=0.000879 lang_s=0.000000 floor_s=0.000012 floor_v=memcpy floor_xor_s=0.000045 floor_memcpy_s=0.000012 floor_nt_s=0.000045 ghz0=3.890 ghz1=3.895 load_ms=219 scratch_mib=23.11 cache_mib=0 reps=5
giga  chunk       0  cold   266.7 MB/s | pass   288.6 MB/s | warm   616.5 MB/s | bpe
GIGA tool=gigatoken version=fac0114b37120ec8a76362e9ee8e1c742aaafaef kind=bpe chunk=0 bytes=614699 calls=1 ids=148460 cold_s=0.002305 pass_s=0.002130 warm_s=0.000997 reps=5 cold_reps=2 load_ms=327 fresh_state_ms=9.643 cache_entries=155401
hf    chunk       0      3.84 MB/s   0.928 Mtok/s   160010664 ns/call
REF tool=hf version=0.23.2 chunk=0 bytes=614699 calls=1 ids=148460 sha=1083e757a9fec451 s=0.160011 reps=3
FIRSTDIFF none
REF tool=gigatoken chunk=0 ids=148460 sha=1083e757a9fec451 hf_nopp_ids=148460 hf_nopp_sha=1083e757a9fec451 same_as_hf_nopp=yes first_diff=none
tikt  chunk       0     25.18 MB/s   6.082 Mtok/s    24410359 ns/call  ids==hf(no post-processor): yes
REF tool=tiktoken version=0.14.0 chunk=0 bytes=614699 calls=1 ids=148460 sha=1083e757a9fec451 s=0.024410 reps=3 hf_nopp_ids=148460 hf_nopp_sha=1083e757a9fec451 same_as_hf_nopp=yes
EXACT yes toks == hf (148460 1083e757a9fec451)
PINNED cpu 7 siblings 7: 
BUSY cpu7 99% 
LOAD after 1.37 3.01 2.95
== glm53 ml chunk 4096
LOAD before 1.37 3.01 2.95
PINNED cpu 7 siblings 7: 
toks  chunk    4096  cold    82.3 MB/s  24.84 Mtok/s     54267 ns/call | pass   116.7 MB/s | warm   130.2 MB/s | floor  41911.1 MB/s (memcpy) x_floor    359 | neon
E2E tool=toks tier=neon chunk=4096 bytes=6443660 calls=1443 ids=1945324 sha=6f91c21bf190cd34 cold_s=0.078307 pass_s=0.055203 warm_s=0.049499 lang_s=0.000000 floor_s=0.000154 floor_v=memcpy floor_xor_s=0.000505 floor_memcpy_s=0.000154 floor_nt_s=0.000562 ghz0=3.895 ghz1=3.896 load_ms=218 scratch_mib=2.37 cache_mib=0 reps=5
giga  chunk    4096  cold    29.0 MB/s | pass   100.7 MB/s | warm   451.2 MB/s | bpe
GIGA tool=gigatoken version=fac0114b37120ec8a76362e9ee8e1c742aaafaef kind=bpe chunk=4096 bytes=6443660 calls=1443 ids=1945324 cold_s=0.222061 pass_s=0.064015 warm_s=0.014283 reps=5 cold_reps=2 load_ms=326 fresh_state_ms=10.255 cache_entries=271785
hf    chunk    4096      4.78 MB/s   1.442 Mtok/s      934829 ns/call
REF tool=hf version=0.23.2 chunk=4096 bytes=6443660 calls=1443 ids=1945324 sha=6f91c21bf190cd34 s=1.348959 reps=3
FIRSTDIFF none
REF tool=gigatoken chunk=4096 ids=1945324 sha=6f91c21bf190cd34 hf_nopp_ids=1945324 hf_nopp_sha=6f91c21bf190cd34 same_as_hf_nopp=yes first_diff=none
tikt  chunk    4096     24.57 MB/s   7.418 Mtok/s      181744 ns/call  ids==hf(no post-processor): yes
REF tool=tiktoken version=0.14.0 chunk=4096 bytes=6443660 calls=1443 ids=1945324 sha=6f91c21bf190cd34 s=0.262257 reps=3 hf_nopp_ids=1945324 hf_nopp_sha=6f91c21bf190cd34 same_as_hf_nopp=yes
EXACT yes toks == hf (1945324 6f91c21bf190cd34)
PINNED cpu 7 siblings 7: 
BUSY cpu7 100% 
LOAD after 1.40 2.84 2.90
== glm53 ml chunk 0
LOAD before 1.40 2.84 2.90
PINNED cpu 7 siblings 7: 
toks  chunk       0  cold   117.8 MB/s  35.55 Mtok/s  54701852 ns/call | pass   117.8 MB/s | warm   130.7 MB/s | floor  25384.4 MB/s (memcpy) x_floor    215 | neon
E2E tool=toks tier=neon chunk=0 bytes=6443660 calls=1 ids=1944767 sha=5f7b831b59051e42 cold_s=0.054702 pass_s=0.054702 warm_s=0.049283 lang_s=0.000000 floor_s=0.000254 floor_v=memcpy floor_xor_s=0.000537 floor_memcpy_s=0.000254 floor_nt_s=0.000510 ghz0=3.885 ghz1=3.895 load_ms=223 scratch_mib=223.23 cache_mib=0 reps=5
giga  chunk       0  cold   100.5 MB/s | pass   100.7 MB/s | warm   449.3 MB/s | bpe
GIGA tool=gigatoken version=fac0114b37120ec8a76362e9ee8e1c742aaafaef kind=bpe chunk=0 bytes=6443660 calls=1 ids=1944767 cold_s=0.064086 pass_s=0.063976 warm_s=0.014341 reps=5 cold_reps=2 load_ms=328 fresh_state_ms=10.449 cache_entries=271775
hf    chunk       0      2.71 MB/s   0.817 Mtok/s  2379290793 ns/call
REF tool=hf version=0.23.2 chunk=0 bytes=6443660 calls=1 ids=1944767 sha=5f7b831b59051e42 s=2.379291 reps=3
FIRSTDIFF none
REF tool=gigatoken chunk=0 ids=1944767 sha=5f7b831b59051e42 hf_nopp_ids=1944767 hf_nopp_sha=5f7b831b59051e42 same_as_hf_nopp=yes first_diff=none
tikt  chunk       0     21.34 MB/s   6.440 Mtok/s   301978700 ns/call  ids==hf(no post-processor): yes
REF tool=tiktoken version=0.14.0 chunk=0 bytes=6443660 calls=1 ids=1944767 sha=5f7b831b59051e42 s=0.301979 reps=3 hf_nopp_ids=1944767 hf_nopp_sha=5f7b831b59051e42 same_as_hf_nopp=yes
EXACT yes toks == hf (1944767 5f7b831b59051e42)
PINNED cpu 7 siblings 7: 
BUSY cpu7 100% 
LOAD after 1.31 2.75 2.87
== glm53 cjk chunk 4096
LOAD before 1.31 2.75 2.87
PINNED cpu 7 siblings 7: 
toks  chunk    4096  cold    88.2 MB/s  28.26 Mtok/s     47701 ns/call | pass    92.4 MB/s | warm   107.3 MB/s | floor  42214.4 MB/s (memcpy) x_floor    457 | neon
E2E tool=toks tier=neon chunk=4096 bytes=3129985 calls=744 ids=1002914 sha=1764b73c295a2ed6 cold_s=0.035490 pass_s=0.033880 warm_s=0.029162 lang_s=0.000000 floor_s=0.000074 floor_v=memcpy floor_xor_s=0.000245 floor_memcpy_s=0.000074 floor_nt_s=0.000267 ghz0=3.893 ghz1=3.893 load_ms=219 scratch_mib=2.33 cache_mib=0 reps=5
giga  chunk    4096  cold    17.2 MB/s | pass    34.6 MB/s | warm   274.8 MB/s | bpe
GIGA tool=gigatoken version=fac0114b37120ec8a76362e9ee8e1c742aaafaef kind=bpe chunk=4096 bytes=3129985 calls=744 ids=1002914 cold_s=0.181860 pass_s=0.090471 warm_s=0.011389 reps=5 cold_reps=2 load_ms=328 fresh_state_ms=10.167 cache_entries=273920
hf    chunk    4096      5.94 MB/s   1.904 Mtok/s      707908 ns/call
REF tool=hf version=0.23.2 chunk=4096 bytes=3129985 calls=744 ids=1002914 sha=1764b73c295a2ed6 s=0.526684 reps=3
FIRSTDIFF none
REF tool=gigatoken chunk=4096 ids=1002914 sha=1764b73c295a2ed6 hf_nopp_ids=1002914 hf_nopp_sha=1764b73c295a2ed6 same_as_hf_nopp=yes first_diff=none
tikt  chunk    4096     24.68 MB/s   7.906 Mtok/s      170495 ns/call  ids==hf(no post-processor): yes
REF tool=tiktoken version=0.14.0 chunk=4096 bytes=3129985 calls=744 ids=1002914 sha=1764b73c295a2ed6 s=0.126848 reps=3 hf_nopp_ids=1002914 hf_nopp_sha=1764b73c295a2ed6 same_as_hf_nopp=yes
EXACT yes toks == hf (1002914 1764b73c295a2ed6)
PINNED cpu 7 siblings 7: 
BUSY cpu7 100% 
LOAD after 1.22 2.64 2.83
== glm53 cjk chunk 0
LOAD before 1.22 2.64 2.83
PINNED cpu 7 siblings 7: 
toks  chunk       0  cold    88.7 MB/s  28.41 Mtok/s  35299851 ns/call | pass    89.4 MB/s | warm   103.9 MB/s | floor  25047.5 MB/s (memcpy) x_floor    280 | neon
E2E tool=toks tier=neon chunk=0 bytes=3129985 calls=1 ids=1002834 sha=2d19d494e265f5ff cold_s=0.035300 pass_s=0.035008 warm_s=0.030138 lang_s=0.000000 floor_s=0.000125 floor_v=memcpy floor_xor_s=0.000262 floor_memcpy_s=0.000125 floor_nt_s=0.000254 ghz0=3.892 ghz1=3.893 load_ms=216 scratch_mib=109.46 cache_mib=0 reps=5
giga  chunk       0  cold    34.6 MB/s | pass    34.6 MB/s | warm   276.1 MB/s | bpe
GIGA tool=gigatoken version=fac0114b37120ec8a76362e9ee8e1c742aaafaef kind=bpe chunk=0 bytes=3129985 calls=1 ids=1002834 cold_s=0.090497 pass_s=0.090446 warm_s=0.011337 reps=5 cold_reps=2 load_ms=320 fresh_state_ms=10.238 cache_entries=273920
hf    chunk       0      3.57 MB/s   1.143 Mtok/s   876988731 ns/call
REF tool=hf version=0.23.2 chunk=0 bytes=3129985 calls=1 ids=1002834 sha=2d19d494e265f5ff s=0.876989 reps=3
FIRSTDIFF none
REF tool=gigatoken chunk=0 ids=1002834 sha=2d19d494e265f5ff hf_nopp_ids=1002834 hf_nopp_sha=2d19d494e265f5ff same_as_hf_nopp=yes first_diff=none
tikt  chunk       0     21.36 MB/s   6.844 Mtok/s   146531542 ns/call  ids==hf(no post-processor): yes
REF tool=tiktoken version=0.14.0 chunk=0 bytes=3129985 calls=1 ids=1002834 sha=2d19d494e265f5ff s=0.146532 reps=3 hf_nopp_ids=1002834 hf_nopp_sha=2d19d494e265f5ff same_as_hf_nopp=yes
EXACT yes toks == hf (1002834 2d19d494e265f5ff)
PINNED cpu 7 siblings 7: 
BUSY cpu7 100% 
LOAD after 1.19 2.58 2.81
== qwen38 en chunk 4096
LOAD before 1.19 2.58 2.81
PINNED cpu 7 siblings 7: 
toks  chunk    4096  cold   229.8 MB/s  55.54 Mtok/s     17938 ns/call | pass   300.6 MB/s | warm   539.2 MB/s | floor  51838.4 MB/s (memcpy) x_floor    172 | neon
E2E tool=toks tier=neon chunk=4096 bytes=2048653 calls=497 ids=495170 sha=a0c357031c76f61f cold_s=0.008915 pass_s=0.006815 warm_s=0.003799 lang_s=0.000000 floor_s=0.000040 floor_v=memcpy floor_xor_s=0.000146 floor_memcpy_s=0.000040 floor_nt_s=0.000152 ghz0=3.896 ghz1=3.895 load_ms=274 scratch_mib=2.44 cache_mib=0 reps=5
giga  chunk    4096  cold   104.2 MB/s | pass   255.4 MB/s | warm   592.2 MB/s | bpe
GIGA tool=gigatoken version=fac0114b37120ec8a76362e9ee8e1c742aaafaef kind=bpe chunk=4096 bytes=2048653 calls=497 ids=495170 cold_s=0.019652 pass_s=0.008023 warm_s=0.003459 reps=5 cold_reps=2 load_ms=488 fresh_state_ms=55.885 cache_entries=256944
hf    chunk    4096      4.59 MB/s   1.108 Mtok/s      898891 ns/call
REF tool=hf version=0.23.2 chunk=4096 bytes=2048653 calls=497 ids=495170 sha=a0c357031c76f61f s=0.446749 reps=3
FIRSTDIFF none
REF tool=gigatoken chunk=4096 ids=495170 sha=a0c357031c76f61f hf_nopp_ids=495170 hf_nopp_sha=a0c357031c76f61f same_as_hf_nopp=yes first_diff=none
tikt  chunk    4096     28.94 MB/s   6.995 Mtok/s      142435 ns/call  ids==hf(no post-processor): yes
REF tool=tiktoken version=0.14.0 chunk=4096 bytes=2048653 calls=497 ids=495170 sha=a0c357031c76f61f s=0.070790 reps=3 hf_nopp_ids=495170 hf_nopp_sha=a0c357031c76f61f same_as_hf_nopp=yes
EXACT yes toks == hf (495170 a0c357031c76f61f)
PINNED cpu 7 siblings 7: 
BUSY cpu7 100% 
LOAD after 1.07 2.29 2.69
== qwen38 en chunk 0
LOAD before 1.07 2.29 2.69
PINNED cpu 7 siblings 7: 
toks  chunk       0  cold   281.6 MB/s  68.07 Mtok/s   7273886 ns/call | pass   299.5 MB/s | warm   530.6 MB/s | floor  40000.3 MB/s (memcpy) x_floor    134 | neon
E2E tool=toks tier=neon chunk=0 bytes=2048653 calls=1 ids=495104 sha=4eed678f9111f781 cold_s=0.007274 pass_s=0.006841 warm_s=0.003861 lang_s=0.000000 floor_s=0.000051 floor_v=memcpy floor_xor_s=0.000151 floor_memcpy_s=0.000051 floor_nt_s=0.000150 ghz0=3.892 ghz1=3.895 load_ms=273 scratch_mib=218.87 cache_mib=0 reps=5
giga  chunk       0  cold   244.8 MB/s | pass   245.7 MB/s | warm   603.6 MB/s | bpe
GIGA tool=gigatoken version=fac0114b37120ec8a76362e9ee8e1c742aaafaef kind=bpe chunk=0 bytes=2048653 calls=1 ids=495104 cold_s=0.008369 pass_s=0.008340 warm_s=0.003394 reps=5 cold_reps=2 load_ms=502 fresh_state_ms=56.852 cache_entries=256942
hf    chunk       0      2.78 MB/s   0.671 Mtok/s   738129173 ns/call
REF tool=hf version=0.23.2 chunk=0 bytes=2048653 calls=1 ids=495104 sha=4eed678f9111f781 s=0.738129 reps=3
FIRSTDIFF none
REF tool=gigatoken chunk=0 ids=495104 sha=4eed678f9111f781 hf_nopp_ids=495104 hf_nopp_sha=4eed678f9111f781 same_as_hf_nopp=yes first_diff=none
tikt  chunk       0     25.03 MB/s   6.048 Mtok/s    81861343 ns/call  ids==hf(no post-processor): yes
REF tool=tiktoken version=0.14.0 chunk=0 bytes=2048653 calls=1 ids=495104 sha=4eed678f9111f781 s=0.081861 reps=3 hf_nopp_ids=495104 hf_nopp_sha=4eed678f9111f781 same_as_hf_nopp=yes
EXACT yes toks == hf (495104 4eed678f9111f781)
PINNED cpu 7 siblings 7: 
BUSY cpu7 100% 
LOAD after 1.06 2.27 2.68
== qwen38 code chunk 4096
LOAD before 1.06 2.27 2.68
PINNED cpu 7 siblings 7: 
toks  chunk    4096  cold   323.1 MB/s  84.45 Mtok/s     12769 ns/call | pass   388.1 MB/s | warm   537.3 MB/s | floor  52270.3 MB/s (memcpy) x_floor    135 | neon
E2E tool=toks tier=neon chunk=4096 bytes=614699 calls=149 ids=160675 sha=800c736cab464292 cold_s=0.001903 pass_s=0.001584 warm_s=0.001144 lang_s=0.000000 floor_s=0.000012 floor_v=memcpy floor_xor_s=0.000045 floor_memcpy_s=0.000012 floor_nt_s=0.000047 ghz0=3.894 ghz1=3.895 load_ms=273 scratch_mib=2.45 cache_mib=0 reps=5
giga  chunk    4096  cold   113.3 MB/s | pass   314.5 MB/s | warm   675.3 MB/s | bpe
GIGA tool=gigatoken version=fac0114b37120ec8a76362e9ee8e1c742aaafaef kind=bpe chunk=4096 bytes=614699 calls=149 ids=160675 cold_s=0.005426 pass_s=0.001955 warm_s=0.000910 reps=5 cold_reps=2 load_ms=481 fresh_state_ms=55.629 cache_entries=243571
hf    chunk    4096      5.11 MB/s   1.336 Mtok/s      807248 ns/call
REF tool=hf version=0.23.2 chunk=4096 bytes=614699 calls=149 ids=160675 sha=800c736cab464292 s=0.120280 reps=3
FIRSTDIFF none
REF tool=gigatoken chunk=4096 ids=160675 sha=800c736cab464292 hf_nopp_ids=160675 hf_nopp_sha=800c736cab464292 same_as_hf_nopp=yes first_diff=none
tikt  chunk    4096     26.03 MB/s   6.803 Mtok/s      158509 ns/call  ids==hf(no post-processor): yes
REF tool=tiktoken version=0.14.0 chunk=4096 bytes=614699 calls=149 ids=160675 sha=800c736cab464292 s=0.023618 reps=3 hf_nopp_ids=160675 hf_nopp_sha=800c736cab464292 same_as_hf_nopp=yes
EXACT yes toks == hf (160675 800c736cab464292)
PINNED cpu 7 siblings 7: 
BUSY cpu7 100% 
LOAD after 1.04 2.19 2.65
== qwen38 code chunk 0
LOAD before 1.04 2.19 2.65
PINNED cpu 7 siblings 7: 
toks  chunk       0  cold   404.8 MB/s 105.79 Mtok/s   1518576 ns/call | pass   415.3 MB/s | warm   546.7 MB/s | floor  54034.7 MB/s (memcpy) x_floor    130 | neon
E2E tool=toks tier=neon chunk=0 bytes=614699 calls=1 ids=160651 sha=3b57255e78b3957e cold_s=0.001519 pass_s=0.001480 warm_s=0.001124 lang_s=0.000000 floor_s=0.000011 floor_v=memcpy floor_xor_s=0.000047 floor_memcpy_s=0.000011 floor_nt_s=0.000047 ghz0=3.894 ghz1=3.896 load_ms=279 scratch_mib=67.07 cache_mib=0 reps=5
giga  chunk       0  cold   287.1 MB/s | pass   290.4 MB/s | warm   595.9 MB/s | bpe
GIGA tool=gigatoken version=fac0114b37120ec8a76362e9ee8e1c742aaafaef kind=bpe chunk=0 bytes=614699 calls=1 ids=160651 cold_s=0.002141 pass_s=0.002117 warm_s=0.001032 reps=5 cold_reps=2 load_ms=484 fresh_state_ms=55.648 cache_entries=243572
hf    chunk       0      3.13 MB/s   0.817 Mtok/s   196594686 ns/call
REF tool=hf version=0.23.2 chunk=0 bytes=614699 calls=1 ids=160651 sha=3b57255e78b3957e s=0.196595 reps=3
FIRSTDIFF none
REF tool=gigatoken chunk=0 ids=160651 sha=3b57255e78b3957e hf_nopp_ids=160651 hf_nopp_sha=3b57255e78b3957e same_as_hf_nopp=yes first_diff=none
tikt  chunk       0     24.59 MB/s   6.427 Mtok/s    24996653 ns/call  ids==hf(no post-processor): yes
REF tool=tiktoken version=0.14.0 chunk=0 bytes=614699 calls=1 ids=160651 sha=3b57255e78b3957e s=0.024997 reps=3 hf_nopp_ids=160651 hf_nopp_sha=3b57255e78b3957e same_as_hf_nopp=yes
EXACT yes toks == hf (160651 3b57255e78b3957e)
PINNED cpu 7 siblings 7: 
BUSY cpu7 99% 
LOAD after 1.04 2.17 2.64
== qwen38 ml chunk 4096
LOAD before 1.04 2.17 2.64
PINNED cpu 7 siblings 7: 7/ps/0.0 
toks  chunk    4096  cold    96.7 MB/s  26.36 Mtok/s     46155 ns/call | pass   128.5 MB/s | warm   141.7 MB/s | floor  43434.6 MB/s (memcpy) x_floor    338 | neon
E2E tool=toks tier=neon chunk=4096 bytes=6443660 calls=1443 ids=1755501 sha=d1d9f3b62739eb69 cold_s=0.066602 pass_s=0.050148 warm_s=0.045487 lang_s=0.000000 floor_s=0.000148 floor_v=memcpy floor_xor_s=0.000488 floor_memcpy_s=0.000148 floor_nt_s=0.000546 ghz0=3.892 ghz1=3.893 load_ms=274 scratch_mib=3.15 cache_mib=0 reps=5
giga  chunk    4096  cold    49.9 MB/s | pass    92.7 MB/s | warm   278.4 MB/s | bpe
GIGA tool=gigatoken version=fac0114b37120ec8a76362e9ee8e1c742aaafaef kind=bpe chunk=4096 bytes=6443660 calls=1443 ids=1755501 cold_s=0.129045 pass_s=0.069503 warm_s=0.023141 reps=5 cold_reps=2 load_ms=490 fresh_state_ms=55.722 cache_entries=350712
hf    chunk    4096      3.87 MB/s   1.055 Mtok/s     1153424 ns/call
REF tool=hf version=0.23.2 chunk=4096 bytes=6443660 calls=1443 ids=1755501 sha=d1d9f3b62739eb69 s=1.664390 reps=3
FIRSTDIFF none
REF tool=gigatoken chunk=4096 ids=1755501 sha=d1d9f3b62739eb69 hf_nopp_ids=1755501 hf_nopp_sha=d1d9f3b62739eb69 same_as_hf_nopp=yes first_diff=none
tikt  chunk    4096     22.84 MB/s   6.221 Mtok/s      195534 ns/call  ids==hf(no post-processor): no
REF tool=tiktoken version=0.14.0 chunk=4096 bytes=6443660 calls=1443 ids=1755349 sha=9d4e8482cf9f9295 s=0.282155 reps=3 hf_nopp_ids=1755501 hf_nopp_sha=d1d9f3b62739eb69 same_as_hf_nopp=no
EXACT yes toks == hf (1755501 d1d9f3b62739eb69)
PINNED cpu 7 siblings 7: 
BUSY cpu7 100% 
LOAD after 1.00 1.66 2.36
== qwen38 ml chunk 0
LOAD before 1.00 1.66 2.36
PINNED cpu 7 siblings 7: 
toks  chunk       0  cold   127.6 MB/s  34.76 Mtok/s  50481982 ns/call | pass   128.0 MB/s | warm   140.0 MB/s | floor  26794.8 MB/s (memcpy) x_floor    209 | neon
E2E tool=toks tier=neon chunk=0 bytes=6443660 calls=1 ids=1754927 sha=a74750919f4024eb cold_s=0.050482 pass_s=0.050323 warm_s=0.046019 lang_s=0.000000 floor_s=0.000240 floor_v=memcpy floor_xor_s=0.000520 floor_memcpy_s=0.000240 floor_nt_s=0.000495 ghz0=3.891 ghz1=3.896 load_ms=276 scratch_mib=684.11 cache_mib=0 reps=5
giga  chunk       0  cold    89.4 MB/s | pass    89.9 MB/s | warm   272.9 MB/s | bpe
GIGA tool=gigatoken version=fac0114b37120ec8a76362e9ee8e1c742aaafaef kind=bpe chunk=0 bytes=6443660 calls=1 ids=1754927 cold_s=0.072055 pass_s=0.071676 warm_s=0.023615 reps=5 cold_reps=2 load_ms=486 fresh_state_ms=55.963 cache_entries=350706
hf    chunk       0      2.39 MB/s   0.652 Mtok/s  2692286071 ns/call
REF tool=hf version=0.23.2 chunk=0 bytes=6443660 calls=1 ids=1754927 sha=a74750919f4024eb s=2.692286 reps=3
FIRSTDIFF none
REF tool=gigatoken chunk=0 ids=1754927 sha=a74750919f4024eb hf_nopp_ids=1754927 hf_nopp_sha=a74750919f4024eb same_as_hf_nopp=yes first_diff=none
tikt  chunk       0     21.48 MB/s   5.849 Mtok/s   300023121 ns/call  ids==hf(no post-processor): no
REF tool=tiktoken version=0.14.0 chunk=0 bytes=6443660 calls=1 ids=1754775 sha=18047df00eddcd9d s=0.300023 reps=3 hf_nopp_ids=1754927 hf_nopp_sha=a74750919f4024eb same_as_hf_nopp=no
EXACT yes toks == hf (1754927 a74750919f4024eb)
PINNED cpu 7 siblings 7: 
BUSY cpu7 100% 
LOAD after 1.00 1.61 2.33
== qwen38 cjk chunk 4096
LOAD before 1.00 1.61 2.33
PINNED cpu 7 siblings 7: 
toks  chunk    4096  cold   116.1 MB/s  33.00 Mtok/s     36239 ns/call | pass   121.1 MB/s | warm   142.6 MB/s | floor  44449.9 MB/s (memcpy) x_floor    367 | neon
E2E tool=toks tier=neon chunk=4096 bytes=3129985 calls=744 ids=889663 sha=d0df8bcb326d9e52 cold_s=0.026962 pass_s=0.025853 warm_s=0.021957 lang_s=0.000000 floor_s=0.000070 floor_v=memcpy floor_xor_s=0.000236 floor_memcpy_s=0.000070 floor_nt_s=0.000256 ghz0=3.893 ghz1=3.893 load_ms=273 scratch_mib=3.03 cache_mib=0 reps=5
giga  chunk    4096  cold    24.5 MB/s | pass    33.5 MB/s | warm   197.1 MB/s | bpe
GIGA tool=gigatoken version=fac0114b37120ec8a76362e9ee8e1c742aaafaef kind=bpe chunk=4096 bytes=3129985 calls=744 ids=889663 cold_s=0.127721 pass_s=0.093413 warm_s=0.015878 reps=5 cold_reps=2 load_ms=486 fresh_state_ms=55.893 cache_entries=360269
hf    chunk    4096      5.05 MB/s   1.436 Mtok/s      833005 ns/call
REF tool=hf version=0.23.2 chunk=4096 bytes=3129985 calls=744 ids=889663 sha=d0df8bcb326d9e52 s=0.619755 reps=3
FIRSTDIFF none
REF tool=gigatoken chunk=4096 ids=889663 sha=d0df8bcb326d9e52 hf_nopp_ids=889663 hf_nopp_sha=d0df8bcb326d9e52 same_as_hf_nopp=yes first_diff=none
tikt  chunk    4096     24.03 MB/s   6.831 Mtok/s      175062 ns/call  ids==hf(no post-processor): no
REF tool=tiktoken version=0.14.0 chunk=4096 bytes=3129985 calls=744 ids=889661 sha=44409da43ece953d s=0.130246 reps=3 hf_nopp_ids=889663 hf_nopp_sha=d0df8bcb326d9e52 same_as_hf_nopp=no
EXACT yes toks == hf (889663 d0df8bcb326d9e52)
PINNED cpu 7 siblings 7: 
BUSY cpu7 100% 
LOAD after 1.03 1.47 2.21
== qwen38 cjk chunk 0
LOAD before 1.03 1.47 2.21
PINNED cpu 7 siblings 7: 
toks  chunk       0  cold   119.4 MB/s  33.94 Mtok/s  26212601 ns/call | pass   119.7 MB/s | warm   140.7 MB/s | floor  30026.4 MB/s (memcpy) x_floor    251 | neon
E2E tool=toks tier=neon chunk=0 bytes=3129985 calls=1 ids=889583 sha=da51b58fd8de67cf cold_s=0.026213 pass_s=0.026149 warm_s=0.022239 lang_s=0.000000 floor_s=0.000104 floor_v=memcpy floor_xor_s=0.000249 floor_memcpy_s=0.000104 floor_nt_s=0.000247 ghz0=3.893 ghz1=3.895 load_ms=278 scratch_mib=333.34 cache_mib=0 reps=5
giga  chunk       0  cold    33.5 MB/s | pass    33.5 MB/s | warm   195.1 MB/s | bpe
GIGA tool=gigatoken version=fac0114b37120ec8a76362e9ee8e1c742aaafaef kind=bpe chunk=0 bytes=3129985 calls=1 ids=889583 cold_s=0.093435 pass_s=0.093344 warm_s=0.016040 reps=5 cold_reps=2 load_ms=490 fresh_state_ms=56.245 cache_entries=360269
hf    chunk       0      3.20 MB/s   0.911 Mtok/s   976854263 ns/call
REF tool=hf version=0.23.2 chunk=0 bytes=3129985 calls=1 ids=889583 sha=da51b58fd8de67cf s=0.976854 reps=3
FIRSTDIFF none
REF tool=gigatoken chunk=0 ids=889583 sha=da51b58fd8de67cf hf_nopp_ids=889583 hf_nopp_sha=da51b58fd8de67cf same_as_hf_nopp=yes first_diff=none
tikt  chunk       0     21.20 MB/s   6.024 Mtok/s   147673375 ns/call  ids==hf(no post-processor): no
REF tool=tiktoken version=0.14.0 chunk=0 bytes=3129985 calls=1 ids=889581 sha=5ef7689f004efd91 s=0.147673 reps=3 hf_nopp_ids=889583 hf_nopp_sha=da51b58fd8de67cf same_as_hf_nopp=no
EXACT yes toks == hf (889583 da51b58fd8de67cf)
PINNED cpu 7 siblings 7: 
BUSY cpu7 100% 
LOAD after 1.02 1.45 2.20
== o200k en chunk 4096
LOAD before 1.02 1.45 2.20
PINNED cpu 7 siblings 7: 
toks  chunk    4096  cold   190.6 MB/s  45.27 Mtok/s     21624 ns/call | pass   247.2 MB/s | warm   521.1 MB/s | floor  51671.0 MB/s (memcpy) x_floor    209 | neon
E2E tool=toks tier=neon chunk=4096 bytes=2048653 calls=497 ids=486508 sha=cb2cebfab26f48d3 cold_s=0.010747 pass_s=0.008288 warm_s=0.003932 lang_s=0.000000 floor_s=0.000040 floor_v=memcpy floor_xor_s=0.000149 floor_memcpy_s=0.000040 floor_nt_s=0.000151 ghz0=3.896 ghz1=3.896 load_ms=304 scratch_mib=2.14 cache_mib=0 reps=5
giga  chunk    4096  cold    55.0 MB/s | pass   180.4 MB/s | warm   768.7 MB/s | bpe
GIGA tool=gigatoken version=fac0114b37120ec8a76362e9ee8e1c742aaafaef kind=bpe chunk=4096 bytes=2048653 calls=497 ids=486508 cold_s=0.037255 pass_s=0.011357 warm_s=0.002665 reps=5 cold_reps=2 load_ms=450 fresh_state_ms=14.363 cache_entries=210521
hf    chunk    4096      4.84 MB/s   1.150 Mtok/s      851432 ns/call
REF tool=hf version=0.23.2 chunk=4096 bytes=2048653 calls=497 ids=486508 sha=cb2cebfab26f48d3 s=0.423161 reps=3
FIRSTDIFF none
REF tool=gigatoken chunk=4096 ids=486508 sha=cb2cebfab26f48d3 hf_nopp_ids=486508 hf_nopp_sha=cb2cebfab26f48d3 same_as_hf_nopp=yes first_diff=none
tikt  chunk    4096     32.91 MB/s   7.816 Mtok/s      125235 ns/call  ids==hf(no post-processor): yes
REF tool=tiktoken version=0.14.0 chunk=4096 bytes=2048653 calls=497 ids=486508 sha=cb2cebfab26f48d3 s=0.062242 reps=3 hf_nopp_ids=486508 hf_nopp_sha=cb2cebfab26f48d3 same_as_hf_nopp=yes
EXACT yes toks == hf (486508 cb2cebfab26f48d3)
PINNED cpu 7 siblings 7: 
BUSY cpu7 100% 
LOAD after 1.02 1.42 2.17
== o200k en chunk 0
LOAD before 1.02 1.42 2.17
PINNED cpu 7 siblings 7: 7/ps/0.0 
toks  chunk       0  cold   235.3 MB/s  55.87 Mtok/s   8706205 ns/call | pass   249.6 MB/s | warm   496.1 MB/s | floor  39132.3 MB/s (memcpy) x_floor    157 | neon
E2E tool=toks tier=neon chunk=0 bytes=2048653 calls=1 ids=486445 sha=17b1b68db00a8bb7 cold_s=0.008706 pass_s=0.008207 warm_s=0.004130 lang_s=0.000000 floor_s=0.000052 floor_v=memcpy floor_xor_s=0.000152 floor_memcpy_s=0.000052 floor_nt_s=0.000149 ghz0=3.895 ghz1=3.890 load_ms=308 scratch_mib=72.34 cache_mib=0 reps=5
giga  chunk       0  cold   187.2 MB/s | pass   190.8 MB/s | warm   784.3 MB/s | bpe
GIGA tool=gigatoken version=fac0114b37120ec8a76362e9ee8e1c742aaafaef kind=bpe chunk=0 bytes=2048653 calls=1 ids=486445 cold_s=0.010945 pass_s=0.010736 warm_s=0.002612 reps=5 cold_reps=2 load_ms=462 fresh_state_ms=14.412 cache_entries=210519
hf    chunk       0      3.06 MB/s   0.725 Mtok/s   670574804 ns/call
REF tool=hf version=0.23.2 chunk=0 bytes=2048653 calls=1 ids=486445 sha=17b1b68db00a8bb7 s=0.670575 reps=3
FIRSTDIFF none
REF tool=gigatoken chunk=0 ids=486445 sha=17b1b68db00a8bb7 hf_nopp_ids=486445 hf_nopp_sha=17b1b68db00a8bb7 same_as_hf_nopp=yes first_diff=none
tikt  chunk       0     27.83 MB/s   6.608 Mtok/s    73619589 ns/call  ids==hf(no post-processor): yes
REF tool=tiktoken version=0.14.0 chunk=0 bytes=2048653 calls=1 ids=486445 sha=17b1b68db00a8bb7 s=0.073620 reps=3 hf_nopp_ids=486445 hf_nopp_sha=17b1b68db00a8bb7 same_as_hf_nopp=yes
EXACT yes toks == hf (486445 17b1b68db00a8bb7)
PINNED cpu 7 siblings 7: 
BUSY cpu7 99% 
LOAD after 1.02 1.42 2.16
== o200k code chunk 4096
LOAD before 1.02 1.42 2.16
PINNED cpu 7 siblings 7: 
toks  chunk    4096  cold   425.3 MB/s 102.97 Mtok/s      9700 ns/call | pass   477.9 MB/s | warm   738.8 MB/s | floor  53657.4 MB/s (memcpy) x_floor    112 | neon
E2E tool=toks tier=neon chunk=4096 bytes=614699 calls=149 ids=148825 sha=c17b00cc7cbbc568 cold_s=0.001445 pass_s=0.001286 warm_s=0.000832 lang_s=0.000000 floor_s=0.000011 floor_v=memcpy floor_xor_s=0.000044 floor_memcpy_s=0.000011 floor_nt_s=0.000046 ghz0=3.894 ghz1=3.895 load_ms=308 scratch_mib=2.15 cache_mib=0 reps=5
giga  chunk    4096  cold   100.7 MB/s | pass   163.4 MB/s | warm   709.9 MB/s | bpe
GIGA tool=gigatoken version=fac0114b37120ec8a76362e9ee8e1c742aaafaef kind=bpe chunk=4096 bytes=614699 calls=149 ids=148825 cold_s=0.006103 pass_s=0.003763 warm_s=0.000866 reps=5 cold_reps=2 load_ms=456 fresh_state_ms=15.023 cache_entries=197161
hf    chunk    4096      5.32 MB/s   1.287 Mtok/s      775927 ns/call
REF tool=hf version=0.23.2 chunk=4096 bytes=614699 calls=149 ids=148825 sha=c17b00cc7cbbc568 s=0.115613 reps=3
FIRSTDIFF none
REF tool=gigatoken chunk=4096 ids=148825 sha=c17b00cc7cbbc568 hf_nopp_ids=148825 hf_nopp_sha=c17b00cc7cbbc568 same_as_hf_nopp=yes first_diff=none
tikt  chunk    4096     28.95 MB/s   7.009 Mtok/s      142504 ns/call  ids==hf(no post-processor): yes
REF tool=tiktoken version=0.14.0 chunk=4096 bytes=614699 calls=149 ids=148825 sha=c17b00cc7cbbc568 s=0.021233 reps=3 hf_nopp_ids=148825 hf_nopp_sha=c17b00cc7cbbc568 same_as_hf_nopp=yes
EXACT yes toks == hf (148825 c17b00cc7cbbc568)
PINNED cpu 7 siblings 7: 7/ps/0.0 
BUSY cpu7 100% 
LOAD after 1.01 1.41 2.16
== o200k code chunk 0
LOAD before 1.01 1.41 2.16
PINNED cpu 7 siblings 7: 
toks  chunk       0  cold   514.0 MB/s 124.44 Mtok/s   1195821 ns/call | pass   528.7 MB/s | warm   769.7 MB/s | floor  52918.3 MB/s (memcpy) x_floor    100 | neon
E2E tool=toks tier=neon chunk=0 bytes=614699 calls=1 ids=148804 sha=35fab3e9ac4e92b2 cold_s=0.001196 pass_s=0.001163 warm_s=0.000799 lang_s=0.000000 floor_s=0.000012 floor_v=memcpy floor_xor_s=0.000046 floor_memcpy_s=0.000012 floor_nt_s=0.000045 ghz0=3.894 ghz1=3.895 load_ms=310 scratch_mib=23.11 cache_mib=0 reps=5
giga  chunk       0  cold   167.5 MB/s | pass   171.5 MB/s | warm   734.2 MB/s | bpe
GIGA tool=gigatoken version=fac0114b37120ec8a76362e9ee8e1c742aaafaef kind=bpe chunk=0 bytes=614699 calls=1 ids=148804 cold_s=0.003670 pass_s=0.003584 warm_s=0.000837 reps=5 cold_reps=2 load_ms=454 fresh_state_ms=14.568 cache_entries=197162
hf    chunk       0      3.66 MB/s   0.885 Mtok/s   168107450 ns/call
REF tool=hf version=0.23.2 chunk=0 bytes=614699 calls=1 ids=148804 sha=35fab3e9ac4e92b2 s=0.168107 reps=3
FIRSTDIFF none
REF tool=gigatoken chunk=0 ids=148804 sha=35fab3e9ac4e92b2 hf_nopp_ids=148804 hf_nopp_sha=35fab3e9ac4e92b2 same_as_hf_nopp=yes first_diff=none
tikt  chunk       0     27.20 MB/s   6.586 Mtok/s    22595538 ns/call  ids==hf(no post-processor): yes
REF tool=tiktoken version=0.14.0 chunk=0 bytes=614699 calls=1 ids=148804 sha=35fab3e9ac4e92b2 s=0.022596 reps=3 hf_nopp_ids=148804 hf_nopp_sha=35fab3e9ac4e92b2 same_as_hf_nopp=yes
EXACT yes toks == hf (148804 35fab3e9ac4e92b2)
PINNED cpu 7 siblings 7: 
BUSY cpu7 99% 
LOAD after 1.01 1.40 2.15
== o200k ml chunk 4096
LOAD before 1.01 1.40 2.15
PINNED cpu 7 siblings 7: 
toks  chunk    4096  cold    76.5 MB/s  19.44 Mtok/s     58351 ns/call | pass    94.9 MB/s | warm   104.8 MB/s | floor  44451.0 MB/s (memcpy) x_floor    468 | neon
E2E tool=toks tier=neon chunk=4096 bytes=6443660 calls=1443 ids=1636582 sha=d5f4dcb8a4c0c1ca cold_s=0.084201 pass_s=0.067871 warm_s=0.061485 lang_s=0.000000 floor_s=0.000145 floor_v=memcpy floor_xor_s=0.000479 floor_memcpy_s=0.000145 floor_nt_s=0.000536 ghz0=3.896 ghz1=3.895 load_ms=304 scratch_mib=2.37 cache_mib=0 reps=5
giga  chunk    4096  cold    29.7 MB/s | pass    89.7 MB/s | warm   386.5 MB/s | bpe
GIGA tool=gigatoken version=fac0114b37120ec8a76362e9ee8e1c742aaafaef kind=bpe chunk=4096 bytes=6443660 calls=1443 ids=1636582 cold_s=0.216611 pass_s=0.071837 warm_s=0.016673 reps=5 cold_reps=2 load_ms=452 fresh_state_ms=14.553 cache_entries=304852
hf    chunk    4096      4.69 MB/s   1.192 Mtok/s      951742 ns/call
REF tool=hf version=0.23.2 chunk=4096 bytes=6443660 calls=1443 ids=1636582 sha=d5f4dcb8a4c0c1ca s=1.373363 reps=3
FIRSTDIFF none
REF tool=gigatoken chunk=4096 ids=1636582 sha=d5f4dcb8a4c0c1ca hf_nopp_ids=1636582 hf_nopp_sha=d5f4dcb8a4c0c1ca same_as_hf_nopp=yes first_diff=none
tikt  chunk    4096     25.10 MB/s   6.376 Mtok/s      177879 ns/call  ids==hf(no post-processor): yes
REF tool=tiktoken version=0.14.0 chunk=4096 bytes=6443660 calls=1443 ids=1636582 sha=d5f4dcb8a4c0c1ca s=0.256680 reps=3 hf_nopp_ids=1636582 hf_nopp_sha=d5f4dcb8a4c0c1ca same_as_hf_nopp=yes
EXACT yes toks == hf (1636582 d5f4dcb8a4c0c1ca)
PINNED cpu 7 siblings 7: 
BUSY cpu7 100% 
LOAD after 1.00 1.34 2.09
== o200k ml chunk 0
LOAD before 1.00 1.34 2.09
PINNED cpu 7 siblings 7: 
toks  chunk       0  cold    95.9 MB/s  24.34 Mtok/s  67224880 ns/call | pass    96.3 MB/s | warm   105.0 MB/s | floor  27772.1 MB/s (memcpy) x_floor    288 | neon
E2E tool=toks tier=neon chunk=0 bytes=6443660 calls=1 ids=1636102 sha=a0926b7bdf84e6a4 cold_s=0.067225 pass_s=0.066892 warm_s=0.061353 lang_s=0.000000 floor_s=0.000232 floor_v=memcpy floor_xor_s=0.000504 floor_memcpy_s=0.000232 floor_nt_s=0.000486 ghz0=3.892 ghz1=3.893 load_ms=307 scratch_mib=223.23 cache_mib=0 reps=5
giga  chunk       0  cold    89.7 MB/s | pass    89.9 MB/s | warm   379.7 MB/s | bpe
GIGA tool=gigatoken version=fac0114b37120ec8a76362e9ee8e1c742aaafaef kind=bpe chunk=0 bytes=6443660 calls=1 ids=1636102 cold_s=0.071799 pass_s=0.071678 warm_s=0.016970 reps=5 cold_reps=2 load_ms=454 fresh_state_ms=14.768 cache_entries=304846
hf    chunk       0      2.99 MB/s   0.760 Mtok/s  2152663820 ns/call
REF tool=hf version=0.23.2 chunk=0 bytes=6443660 calls=1 ids=1636102 sha=a0926b7bdf84e6a4 s=2.152664 reps=3
FIRSTDIFF none
REF tool=gigatoken chunk=0 ids=1636102 sha=a0926b7bdf84e6a4 hf_nopp_ids=1636102 hf_nopp_sha=a0926b7bdf84e6a4 same_as_hf_nopp=yes first_diff=none
tikt  chunk       0     22.26 MB/s   5.651 Mtok/s   289523454 ns/call  ids==hf(no post-processor): yes
REF tool=tiktoken version=0.14.0 chunk=0 bytes=6443660 calls=1 ids=1636102 sha=a0926b7bdf84e6a4 s=0.289523 reps=3 hf_nopp_ids=1636102 hf_nopp_sha=a0926b7bdf84e6a4 same_as_hf_nopp=yes
EXACT yes toks == hf (1636102 a0926b7bdf84e6a4)
PINNED cpu 7 siblings 7: 
BUSY cpu7 100% 
LOAD after 1.00 1.32 2.07
== o200k cjk chunk 4096
LOAD before 1.00 1.32 2.07
PINNED cpu 7 siblings 7: 
toks  chunk    4096  cold    88.5 MB/s  30.00 Mtok/s     47511 ns/call | pass    92.1 MB/s | warm   107.5 MB/s | floor  39833.3 MB/s (memcpy) x_floor    432 | neon
E2E tool=toks tier=neon chunk=4096 bytes=3129985 calls=744 ids=1060348 sha=28db0aa0f8e1383a cold_s=0.035348 pass_s=0.033984 warm_s=0.029128 lang_s=0.000000 floor_s=0.000079 floor_v=memcpy floor_xor_s=0.000253 floor_memcpy_s=0.000079 floor_nt_s=0.000262 ghz0=3.893 ghz1=3.895 load_ms=301 scratch_mib=2.33 cache_mib=0 reps=5
giga  chunk    4096  cold    15.9 MB/s | pass    34.2 MB/s | warm   252.9 MB/s | bpe
GIGA tool=gigatoken version=fac0114b37120ec8a76362e9ee8e1c742aaafaef kind=bpe chunk=4096 bytes=3129985 calls=744 ids=1060348 cold_s=0.197335 pass_s=0.091653 warm_s=0.012375 reps=5 cold_reps=2 load_ms=454 fresh_state_ms=14.914 cache_entries=315704
hf    chunk    4096      5.35 MB/s   1.812 Mtok/s      786633 ns/call
REF tool=hf version=0.23.2 chunk=4096 bytes=3129985 calls=744 ids=1060348 sha=28db0aa0f8e1383a s=0.585255 reps=3
FIRSTDIFF none
REF tool=gigatoken chunk=4096 ids=1060348 sha=28db0aa0f8e1383a hf_nopp_ids=1060348 hf_nopp_sha=28db0aa0f8e1383a same_as_hf_nopp=yes first_diff=none
tikt  chunk    4096     21.71 MB/s   7.355 Mtok/s      193784 ns/call  ids==hf(no post-processor): yes
REF tool=tiktoken version=0.14.0 chunk=4096 bytes=3129985 calls=744 ids=1060348 sha=28db0aa0f8e1383a s=0.144175 reps=3 hf_nopp_ids=1060348 hf_nopp_sha=28db0aa0f8e1383a same_as_hf_nopp=yes
EXACT yes toks == hf (1060348 28db0aa0f8e1383a)
PINNED cpu 7 siblings 7: 
BUSY cpu7 100% 
LOAD after 1.00 1.29 2.04
== o200k cjk chunk 0
LOAD before 1.00 1.29 2.04
PINNED cpu 7 siblings 7: 
toks  chunk       0  cold    92.3 MB/s  31.26 Mtok/s  33915435 ns/call | pass    92.4 MB/s | warm   106.3 MB/s | floor  24364.5 MB/s (memcpy) x_floor    264 | neon
E2E tool=toks tier=neon chunk=0 bytes=3129985 calls=1 ids=1060268 sha=0302c9a0c42e4651 cold_s=0.033915 pass_s=0.033863 warm_s=0.029439 lang_s=0.000000 floor_s=0.000128 floor_v=memcpy floor_xor_s=0.000270 floor_memcpy_s=0.000128 floor_nt_s=0.000257 ghz0=3.894 ghz1=3.892 load_ms=316 scratch_mib=109.46 cache_mib=0 reps=5
giga  chunk       0  cold    34.2 MB/s | pass    34.2 MB/s | warm   249.2 MB/s | bpe
GIGA tool=gigatoken version=fac0114b37120ec8a76362e9ee8e1c742aaafaef kind=bpe chunk=0 bytes=3129985 calls=1 ids=1060268 cold_s=0.091419 pass_s=0.091397 warm_s=0.012559 reps=5 cold_reps=2 load_ms=453 fresh_state_ms=14.908 cache_entries=315704
hf    chunk       0      3.39 MB/s   1.150 Mtok/s   922342843 ns/call
REF tool=hf version=0.23.2 chunk=0 bytes=3129985 calls=1 ids=1060268 sha=0302c9a0c42e4651 s=0.922343 reps=3
FIRSTDIFF none
REF tool=gigatoken chunk=0 ids=1060268 sha=0302c9a0c42e4651 hf_nopp_ids=1060268 hf_nopp_sha=0302c9a0c42e4651 same_as_hf_nopp=yes first_diff=none
tikt  chunk       0     19.10 MB/s   6.470 Mtok/s   163866860 ns/call  ids==hf(no post-processor): yes
REF tool=tiktoken version=0.14.0 chunk=0 bytes=3129985 calls=1 ids=1060268 sha=0302c9a0c42e4651 s=0.163867 reps=3 hf_nopp_ids=1060268 hf_nopp_sha=0302c9a0c42e4651 same_as_hf_nopp=yes
EXACT yes toks == hf (1060268 0302c9a0c42e4651)
PINNED cpu 7 siblings 7: 
BUSY cpu7 100% 
LOAD after 1.00 1.28 2.02
== gemma4 en chunk 4096
LOAD before 1.00 1.28 2.02
PINNED cpu 7 siblings 7: 
toks  chunk    4096  cold    60.3 MB/s  15.51 Mtok/s     68415 ns/call | pass   141.3 MB/s | warm   233.3 MB/s | floor  50310.7 MB/s (memcpy) x_floor    356 | neon
E2E tool=toks tier=neon chunk=4096 bytes=2048653 calls=497 ids=527531 sha=09870e3388977edc cold_s=0.034002 pass_s=0.014502 warm_s=0.008781 lang_s=0.000000 floor_s=0.000041 floor_v=memcpy floor_xor_s=0.000152 floor_memcpy_s=0.000041 floor_nt_s=0.000155 ghz0=3.894 ghz1=3.896 load_ms=302 scratch_mib=2.14 cache_mib=0 reps=5
giga  chunk    4096  cold    29.4 MB/s | pass    75.3 MB/s | warm   306.4 MB/s | spm
GIGA tool=gigatoken version=fac0114b37120ec8a76362e9ee8e1c742aaafaef kind=spm chunk=4096 bytes=2048653 calls=497 ids=527531 cold_s=0.069796 pass_s=0.027213 warm_s=0.006685 reps=5 cold_reps=2 load_ms=421 fresh_state_ms=0.105 cache_entries=45010
hf    chunk    4096      5.45 MB/s   1.404 Mtok/s      756028 ns/call
REF tool=hf version=0.23.2 chunk=4096 bytes=2048653 calls=497 ids=527531 sha=09870e3388977edc s=0.375746 reps=3
FIRSTDIFF none
REF tool=gigatoken chunk=4096 ids=527531 sha=09870e3388977edc hf_nopp_ids=527531 hf_nopp_sha=09870e3388977edc same_as_hf_nopp=yes first_diff=none
REF tool=tiktoken chunk=4096 na=not_one_split_pattern_plus_bytelevel
EXACT yes toks == hf (527531 09870e3388977edc)
PINNED cpu 7 siblings 7: 
BUSY cpu7 100% 
LOAD after 1.00 1.27 2.02
== gemma4 en chunk 0
LOAD before 1.00 1.27 2.02
PINNED cpu 7 siblings 7: 
toks  chunk       0  cold   136.0 MB/s  35.02 Mtok/s  15065201 ns/call | pass   139.3 MB/s | warm   231.6 MB/s | floor  38589.0 MB/s (memcpy) x_floor    277 | neon
E2E tool=toks tier=neon chunk=0 bytes=2048653 calls=1 ids=527531 sha=09870e3388977edc cold_s=0.015065 pass_s=0.014710 warm_s=0.008846 lang_s=0.000000 floor_s=0.000053 floor_v=memcpy floor_xor_s=0.000154 floor_memcpy_s=0.000053 floor_nt_s=0.000153 ghz0=3.894 ghz1=3.894 load_ms=299 scratch_mib=72.34 cache_mib=0 reps=5
giga  chunk       0  cold    72.8 MB/s | pass    74.7 MB/s | warm   317.1 MB/s | spm
GIGA tool=gigatoken version=fac0114b37120ec8a76362e9ee8e1c742aaafaef kind=spm chunk=0 bytes=2048653 calls=1 ids=527531 cold_s=0.028156 pass_s=0.027420 warm_s=0.006460 reps=5 cold_reps=2 load_ms=420 fresh_state_ms=0.112 cache_entries=44777
hf    chunk       0      1.98 MB/s   0.511 Mtok/s  1032345701 ns/call
REF tool=hf version=0.23.2 chunk=0 bytes=2048653 calls=1 ids=527531 sha=09870e3388977edc s=1.032346 reps=3
FIRSTDIFF none
REF tool=gigatoken chunk=0 ids=527531 sha=09870e3388977edc hf_nopp_ids=527531 hf_nopp_sha=09870e3388977edc same_as_hf_nopp=yes first_diff=none
REF tool=tiktoken chunk=0 na=not_one_split_pattern_plus_bytelevel
EXACT yes toks == hf (527531 09870e3388977edc)
PINNED cpu 7 siblings 7: 
BUSY cpu7 99% 
LOAD after 1.00 1.27 2.01
== gemma4 code chunk 4096
LOAD before 1.00 1.27 2.01
PINNED cpu 7 siblings 7: 
toks  chunk    4096  cold    94.8 MB/s  27.22 Mtok/s     43514 ns/call | pass   180.7 MB/s | warm   334.1 MB/s | floor  49318.0 MB/s (memcpy) x_floor    273 | neon
E2E tool=toks tier=neon chunk=4096 bytes=614699 calls=149 ids=176484 sha=48cda16b7365ed5a cold_s=0.006484 pass_s=0.003401 warm_s=0.001840 lang_s=0.000000 floor_s=0.000012 floor_v=memcpy floor_xor_s=0.000046 floor_memcpy_s=0.000012 floor_nt_s=0.000049 ghz0=3.895 ghz1=3.894 load_ms=301 scratch_mib=2.15 cache_mib=0 reps=5
giga  chunk    4096  cold    35.8 MB/s | pass    68.9 MB/s | warm   389.2 MB/s | spm
GIGA tool=gigatoken version=fac0114b37120ec8a76362e9ee8e1c742aaafaef kind=spm chunk=4096 bytes=614699 calls=149 ids=176484 cold_s=0.017176 pass_s=0.008918 warm_s=0.001579 reps=5 cold_reps=2 load_ms=414 fresh_state_ms=0.076 cache_entries=16272
hf    chunk    4096      5.45 MB/s   1.565 Mtok/s      756710 ns/call
REF tool=hf version=0.23.2 chunk=4096 bytes=614699 calls=149 ids=176484 sha=48cda16b7365ed5a s=0.112750 reps=3
FIRSTDIFF none
REF tool=gigatoken chunk=4096 ids=176484 sha=48cda16b7365ed5a hf_nopp_ids=176484 hf_nopp_sha=48cda16b7365ed5a same_as_hf_nopp=yes first_diff=none
REF tool=tiktoken chunk=4096 na=not_one_split_pattern_plus_bytelevel
EXACT yes toks == hf (176484 48cda16b7365ed5a)
PINNED cpu 7 siblings 7: 
BUSY cpu7 99% 
LOAD after 1.00 1.26 2.01
== gemma4 code chunk 0
LOAD before 1.00 1.26 2.01
PINNED cpu 7 siblings 7: 
toks  chunk       0  cold   186.6 MB/s  53.57 Mtok/s   3293956 ns/call | pass   189.1 MB/s | warm   341.6 MB/s | floor  47255.5 MB/s (memcpy) x_floor    250 | neon
E2E tool=toks tier=neon chunk=0 bytes=614699 calls=1 ids=176460 sha=3f54c1cb7cbec863 cold_s=0.003294 pass_s=0.003250 warm_s=0.001800 lang_s=0.000000 floor_s=0.000013 floor_v=memcpy floor_xor_s=0.000048 floor_memcpy_s=0.000013 floor_nt_s=0.000048 ghz0=3.893 ghz1=3.894 load_ms=300 scratch_mib=23.11 cache_mib=0 reps=5
giga  chunk       0  cold    65.2 MB/s | pass    69.4 MB/s | warm   412.4 MB/s | spm
GIGA tool=gigatoken version=fac0114b37120ec8a76362e9ee8e1c742aaafaef kind=spm chunk=0 bytes=614699 calls=1 ids=176460 cold_s=0.009430 pass_s=0.008860 warm_s=0.001490 reps=5 cold_reps=2 load_ms=420 fresh_state_ms=0.083 cache_entries=16258
hf    chunk       0      3.01 MB/s   0.864 Mtok/s   204205052 ns/call
REF tool=hf version=0.23.2 chunk=0 bytes=614699 calls=1 ids=176460 sha=3f54c1cb7cbec863 s=0.204205 reps=3
FIRSTDIFF none
REF tool=gigatoken chunk=0 ids=176460 sha=3f54c1cb7cbec863 hf_nopp_ids=176460 hf_nopp_sha=3f54c1cb7cbec863 same_as_hf_nopp=yes first_diff=none
REF tool=tiktoken chunk=0 na=not_one_split_pattern_plus_bytelevel
EXACT yes toks == hf (176460 3f54c1cb7cbec863)
PINNED cpu 7 siblings 7: 
BUSY cpu7 99% 
LOAD after 1.00 1.26 2.00
== gemma4 ml chunk 4096
LOAD before 1.00 1.26 2.00
PINNED cpu 7 siblings 7: 
toks  chunk    4096  cold    55.7 MB/s  15.69 Mtok/s     80227 ns/call | pass    89.0 MB/s | warm    93.4 MB/s | floor  41659.9 MB/s (memcpy) x_floor    468 | neon
E2E tool=toks tier=neon chunk=4096 bytes=6443660 calls=1443 ids=1816536 sha=47721f7e6f57bff0 cold_s=0.115768 pass_s=0.072395 warm_s=0.068966 lang_s=0.000000 floor_s=0.000155 floor_v=memcpy floor_xor_s=0.000491 floor_memcpy_s=0.000155 floor_nt_s=0.000554 ghz0=3.895 ghz1=3.892 load_ms=301 scratch_mib=2.37 cache_mib=0 reps=5
giga  chunk    4096  cold    34.1 MB/s | pass    64.6 MB/s | warm   262.4 MB/s | spm
GIGA tool=gigatoken version=fac0114b37120ec8a76362e9ee8e1c742aaafaef kind=spm chunk=4096 bytes=6443660 calls=1443 ids=1816536 cold_s=0.188917 pass_s=0.099675 warm_s=0.024560 reps=5 cold_reps=2 load_ms=417 fresh_state_ms=0.145 cache_entries=166122
hf    chunk    4096      6.42 MB/s   1.810 Mtok/s      695515 ns/call
REF tool=hf version=0.23.2 chunk=4096 bytes=6443660 calls=1443 ids=1816536 sha=47721f7e6f57bff0 s=1.003629 reps=3
FIRSTDIFF none
REF tool=gigatoken chunk=4096 ids=1816536 sha=47721f7e6f57bff0 hf_nopp_ids=1816536 hf_nopp_sha=47721f7e6f57bff0 same_as_hf_nopp=yes first_diff=none
REF tool=tiktoken chunk=4096 na=not_one_split_pattern_plus_bytelevel
EXACT yes toks == hf (1816536 47721f7e6f57bff0)
PINNED cpu 7 siblings 7: 
BUSY cpu7 100% 
LOAD after 1.00 1.25 1.99
== gemma4 ml chunk 0
LOAD before 1.00 1.25 1.99
PINNED cpu 7 siblings 7: 
toks  chunk       0  cold    91.5 MB/s  25.79 Mtok/s  70421842 ns/call | pass    91.5 MB/s | warm    95.6 MB/s | floor  26279.0 MB/s (memcpy) x_floor    287 | neon
E2E tool=toks tier=neon chunk=0 bytes=6443660 calls=1 ids=1816053 sha=2c9814edfdf61d42 cold_s=0.070422 pass_s=0.070437 warm_s=0.067415 lang_s=0.000000 floor_s=0.000245 floor_v=memcpy floor_xor_s=0.000526 floor_memcpy_s=0.000245 floor_nt_s=0.000501 ghz0=3.894 ghz1=3.890 load_ms=291 scratch_mib=223.23 cache_mib=0 reps=5
giga  chunk       0  cold    64.4 MB/s | pass    64.7 MB/s | warm   254.7 MB/s | spm
GIGA tool=gigatoken version=fac0114b37120ec8a76362e9ee8e1c742aaafaef kind=spm chunk=0 bytes=6443660 calls=1 ids=1816053 cold_s=0.100006 pass_s=0.099521 warm_s=0.025301 reps=5 cold_reps=2 load_ms=419 fresh_state_ms=0.143 cache_entries=165401
hf    chunk       0      2.03 MB/s   0.573 Mtok/s  3171748157 ns/call
REF tool=hf version=0.23.2 chunk=0 bytes=6443660 calls=1 ids=1816053 sha=2c9814edfdf61d42 s=3.171748 reps=3
FIRSTDIFF none
REF tool=gigatoken chunk=0 ids=1816053 sha=2c9814edfdf61d42 hf_nopp_ids=1816053 hf_nopp_sha=2c9814edfdf61d42 same_as_hf_nopp=yes first_diff=none
REF tool=tiktoken chunk=0 na=not_one_split_pattern_plus_bytelevel
EXACT yes toks == hf (1816053 2c9814edfdf61d42)
PINNED cpu 7 siblings 7: 
BUSY cpu7 100% 
LOAD after 1.00 1.23 1.97
== gemma4 cjk chunk 4096
LOAD before 1.00 1.23 1.97
PINNED cpu 7 siblings 7: 
toks  chunk    4096  cold   142.2 MB/s  44.62 Mtok/s     29591 ns/call | pass   185.0 MB/s | warm   214.2 MB/s | floor  44089.3 MB/s (memcpy) x_floor    238 | neon
E2E tool=toks tier=neon chunk=4096 bytes=3129985 calls=744 ids=982271 sha=06e87199707be2c8 cold_s=0.022016 pass_s=0.016922 warm_s=0.014614 lang_s=0.000000 floor_s=0.000071 floor_v=memcpy floor_xor_s=0.000248 floor_memcpy_s=0.000071 floor_nt_s=0.000254 ghz0=3.894 ghz1=3.893 load_ms=292 scratch_mib=2.33 cache_mib=0 reps=5
giga  chunk    4096  cold    66.7 MB/s | pass    91.4 MB/s | warm  1284.5 MB/s | spm
GIGA tool=gigatoken version=fac0114b37120ec8a76362e9ee8e1c742aaafaef kind=spm chunk=4096 bytes=3129985 calls=744 ids=982271 cold_s=0.046947 pass_s=0.034230 warm_s=0.002437 reps=5 cold_reps=2 load_ms=414 fresh_state_ms=0.105 cache_entries=22738
hf    chunk    4096     11.27 MB/s   3.537 Mtok/s      373237 ns/call
REF tool=hf version=0.23.2 chunk=4096 bytes=3129985 calls=744 ids=982271 sha=06e87199707be2c8 s=0.277688 reps=3
FIRSTDIFF none
REF tool=gigatoken chunk=4096 ids=982271 sha=06e87199707be2c8 hf_nopp_ids=982271 hf_nopp_sha=06e87199707be2c8 same_as_hf_nopp=yes first_diff=none
REF tool=tiktoken chunk=4096 na=not_one_split_pattern_plus_bytelevel
EXACT yes toks == hf (982271 06e87199707be2c8)
PINNED cpu 7 siblings 7: 
BUSY cpu7 99% 
LOAD after 1.00 1.23 1.96
== gemma4 cjk chunk 0
LOAD before 1.00 1.23 1.96
PINNED cpu 7 siblings 7: 
toks  chunk       0  cold   174.7 MB/s  54.81 Mtok/s  17918640 ns/call | pass   178.9 MB/s | warm   213.4 MB/s | floor  30017.2 MB/s (memcpy) x_floor    168 | neon
E2E tool=toks tier=neon chunk=0 bytes=3129985 calls=1 ids=982205 sha=f7330b2056cd4e2c cold_s=0.017919 pass_s=0.017497 warm_s=0.014668 lang_s=0.000000 floor_s=0.000104 floor_v=memcpy floor_xor_s=0.000255 floor_memcpy_s=0.000104 floor_nt_s=0.000252 ghz0=3.888 ghz1=3.889 load_ms=292 scratch_mib=109.46 cache_mib=0 reps=5
giga  chunk       0  cold    89.4 MB/s | pass    92.0 MB/s | warm  1272.6 MB/s | spm
GIGA tool=gigatoken version=fac0114b37120ec8a76362e9ee8e1c742aaafaef kind=spm chunk=0 bytes=3129985 calls=1 ids=982205 cold_s=0.034999 pass_s=0.034034 warm_s=0.002460 reps=5 cold_reps=2 load_ms=425 fresh_state_ms=0.106 cache_entries=22042
hf    chunk       0      5.78 MB/s   1.814 Mtok/s   541409000 ns/call
REF tool=hf version=0.23.2 chunk=0 bytes=3129985 calls=1 ids=982205 sha=f7330b2056cd4e2c s=0.541409 reps=3
FIRSTDIFF none
REF tool=gigatoken chunk=0 ids=982205 sha=f7330b2056cd4e2c hf_nopp_ids=982205 hf_nopp_sha=f7330b2056cd4e2c same_as_hf_nopp=yes first_diff=none
REF tool=tiktoken chunk=0 na=not_one_split_pattern_plus_bytelevel
EXACT yes toks == hf (982205 f7330b2056cd4e2c)
PINNED cpu 7 siblings 7: 
BUSY cpu7 100% 
LOAD after 1.00 1.23 1.96
== nemotron3-4b en chunk 4096
LOAD before 1.00 1.23 1.96
PINNED cpu 7 siblings 7: 
toks  chunk    4096  cold   173.5 MB/s  46.34 Mtok/s     23764 ns/call | pass   251.0 MB/s | warm   508.6 MB/s | floor  49113.1 MB/s (memcpy) x_floor    196 | neon
E2E tool=toks tier=neon chunk=4096 bytes=2048653 calls=497 ids=547308 sha=c28522da4e76c6f2 cold_s=0.011811 pass_s=0.008163 warm_s=0.004028 lang_s=0.000000 floor_s=0.000042 floor_v=memcpy floor_xor_s=0.000153 floor_memcpy_s=0.000042 floor_nt_s=0.000157 ghz0=3.896 ghz1=3.892 load_ms=182 scratch_mib=2.14 cache_mib=0 reps=5
giga  chunk    4096  cold    52.5 MB/s | pass   210.0 MB/s | warm   631.6 MB/s | bpe
GIGA tool=gigatoken version=fac0114b37120ec8a76362e9ee8e1c742aaafaef kind=bpe chunk=4096 bytes=2048653 calls=497 ids=547308 cold_s=0.039023 pass_s=0.009758 warm_s=0.003243 reps=5 cold_reps=2 load_ms=273 fresh_state_ms=8.125 cache_entries=147442
hf    chunk    4096      5.37 MB/s   1.435 Mtok/s      767645 ns/call
REF tool=hf version=0.23.2 chunk=4096 bytes=2048653 calls=497 ids=547308 sha=c28522da4e76c6f2 s=0.381520 reps=3
FIRSTDIFF none
REF tool=gigatoken chunk=4096 ids=547308 sha=c28522da4e76c6f2 hf_nopp_ids=547308 hf_nopp_sha=c28522da4e76c6f2 same_as_hf_nopp=yes first_diff=none
tikt  chunk    4096     33.09 MB/s   8.841 Mtok/s      124554 ns/call  ids==hf(no post-processor): yes
REF tool=tiktoken version=0.14.0 chunk=4096 bytes=2048653 calls=497 ids=547308 sha=c28522da4e76c6f2 s=0.061903 reps=3 hf_nopp_ids=547308 hf_nopp_sha=c28522da4e76c6f2 same_as_hf_nopp=yes
EXACT yes toks == hf (547308 c28522da4e76c6f2)
PINNED cpu 7 siblings 7: 
BUSY cpu7 100% 
LOAD after 1.00 1.22 1.95
== nemotron3-4b en chunk 0
LOAD before 1.00 1.22 1.95
PINNED cpu 7 siblings 7: 
toks  chunk       0  cold   241.0 MB/s  64.38 Mtok/s   8501867 ns/call | pass   250.0 MB/s | warm   489.7 MB/s | floor  37427.2 MB/s (memcpy) x_floor    150 | neon
E2E tool=toks tier=neon chunk=0 bytes=2048653 calls=1 ids=547308 sha=c28522da4e76c6f2 cold_s=0.008502 pass_s=0.008194 warm_s=0.004183 lang_s=0.000000 floor_s=0.000055 floor_v=memcpy floor_xor_s=0.000161 floor_memcpy_s=0.000055 floor_nt_s=0.000155 ghz0=3.894 ghz1=3.893 load_ms=179 scratch_mib=72.34 cache_mib=0 reps=5
giga  chunk       0  cold   216.9 MB/s | pass   221.7 MB/s | warm   656.7 MB/s | bpe
GIGA tool=gigatoken version=fac0114b37120ec8a76362e9ee8e1c742aaafaef kind=bpe chunk=0 bytes=2048653 calls=1 ids=547308 cold_s=0.009447 pass_s=0.009241 warm_s=0.003119 reps=5 cold_reps=2 load_ms=273 fresh_state_ms=8.041 cache_entries=147440
hf    chunk       0      3.20 MB/s   0.855 Mtok/s   640189482 ns/call
REF tool=hf version=0.23.2 chunk=0 bytes=2048653 calls=1 ids=547308 sha=c28522da4e76c6f2 s=0.640189 reps=3
FIRSTDIFF none
REF tool=gigatoken chunk=0 ids=547308 sha=c28522da4e76c6f2 hf_nopp_ids=547308 hf_nopp_sha=c28522da4e76c6f2 same_as_hf_nopp=yes first_diff=none
tikt  chunk       0     27.55 MB/s   7.360 Mtok/s    74365164 ns/call  ids==hf(no post-processor): yes
REF tool=tiktoken version=0.14.0 chunk=0 bytes=2048653 calls=1 ids=547308 sha=c28522da4e76c6f2 s=0.074365 reps=3 hf_nopp_ids=547308 hf_nopp_sha=c28522da4e76c6f2 same_as_hf_nopp=yes
EXACT yes toks == hf (547308 c28522da4e76c6f2)
PINNED cpu 7 siblings 7: 
BUSY cpu7 99% 
LOAD after 1.00 1.21 1.94
== nemotron3-4b code chunk 4096
LOAD before 1.00 1.21 1.94
PINNED cpu 7 siblings 7: 
toks  chunk    4096  cold   360.6 MB/s  92.43 Mtok/s     11439 ns/call | pass   443.9 MB/s | warm   720.7 MB/s | floor  52341.5 MB/s (memcpy) x_floor    118 | neon
E2E tool=toks tier=neon chunk=4096 bytes=614699 calls=149 ids=157548 sha=46a55e5c9d1a3cbc cold_s=0.001704 pass_s=0.001385 warm_s=0.000853 lang_s=0.000000 floor_s=0.000012 floor_v=memcpy floor_xor_s=0.000044 floor_memcpy_s=0.000012 floor_nt_s=0.000047 ghz0=3.895 ghz1=3.892 load_ms=185 scratch_mib=2.15 cache_mib=0 reps=5
giga  chunk    4096  cold    84.4 MB/s | pass   266.4 MB/s | warm   676.9 MB/s | bpe
GIGA tool=gigatoken version=fac0114b37120ec8a76362e9ee8e1c742aaafaef kind=bpe chunk=4096 bytes=614699 calls=149 ids=157548 cold_s=0.007281 pass_s=0.002307 warm_s=0.000908 reps=5 cold_reps=2 load_ms=280 fresh_state_ms=8.095 cache_entries=132757
hf    chunk    4096      5.66 MB/s   1.451 Mtok/s      728668 ns/call
REF tool=hf version=0.23.2 chunk=4096 bytes=614699 calls=149 ids=157548 sha=46a55e5c9d1a3cbc s=0.108571 reps=3
FIRSTDIFF none
REF tool=gigatoken chunk=4096 ids=157548 sha=46a55e5c9d1a3cbc hf_nopp_ids=157548 hf_nopp_sha=46a55e5c9d1a3cbc same_as_hf_nopp=yes first_diff=none
tikt  chunk    4096     28.42 MB/s   7.285 Mtok/s      145142 ns/call  ids==hf(no post-processor): yes
REF tool=tiktoken version=0.14.0 chunk=4096 bytes=614699 calls=149 ids=157548 sha=46a55e5c9d1a3cbc s=0.021626 reps=3 hf_nopp_ids=157548 hf_nopp_sha=46a55e5c9d1a3cbc same_as_hf_nopp=yes
EXACT yes toks == hf (157548 46a55e5c9d1a3cbc)
PINNED cpu 7 siblings 7: 
BUSY cpu7 99% 
LOAD after 1.00 1.21 1.94
== nemotron3-4b code chunk 0
LOAD before 1.00 1.21 1.94
PINNED cpu 7 siblings 7: 
toks  chunk       0  cold   479.2 MB/s 122.80 Mtok/s   1282750 ns/call | pass   497.5 MB/s | warm   751.3 MB/s | floor  54263.7 MB/s (memcpy) x_floor    109 | neon
E2E tool=toks tier=neon chunk=0 bytes=614699 calls=1 ids=157525 sha=3fc87db2f499aee1 cold_s=0.001283 pass_s=0.001236 warm_s=0.000818 lang_s=0.000000 floor_s=0.000011 floor_v=memcpy floor_xor_s=0.000046 floor_memcpy_s=0.000011 floor_nt_s=0.000046 ghz0=3.892 ghz1=3.896 load_ms=179 scratch_mib=23.11 cache_mib=0 reps=5
giga  chunk       0  cold   299.1 MB/s | pass   327.6 MB/s | warm   717.0 MB/s | bpe
GIGA tool=gigatoken version=fac0114b37120ec8a76362e9ee8e1c742aaafaef kind=bpe chunk=0 bytes=614699 calls=1 ids=157525 cold_s=0.002055 pass_s=0.001876 warm_s=0.000857 reps=5 cold_reps=2 load_ms=275 fresh_state_ms=8.101 cache_entries=132758
hf    chunk       0      3.92 MB/s   1.006 Mtok/s   156628830 ns/call
REF tool=hf version=0.23.2 chunk=0 bytes=614699 calls=1 ids=157525 sha=3fc87db2f499aee1 s=0.156629 reps=3
FIRSTDIFF none
REF tool=gigatoken chunk=0 ids=157525 sha=3fc87db2f499aee1 hf_nopp_ids=157525 hf_nopp_sha=3fc87db2f499aee1 same_as_hf_nopp=yes first_diff=none
tikt  chunk       0     25.87 MB/s   6.628 Mtok/s    23764926 ns/call  ids==hf(no post-processor): yes
REF tool=tiktoken version=0.14.0 chunk=0 bytes=614699 calls=1 ids=157525 sha=3fc87db2f499aee1 s=0.023765 reps=3 hf_nopp_ids=157525 hf_nopp_sha=3fc87db2f499aee1 same_as_hf_nopp=yes
EXACT yes toks == hf (157525 3fc87db2f499aee1)
PINNED cpu 7 siblings 7: 
BUSY cpu7 99% 
LOAD after 1.00 1.21 1.94
== nemotron3-4b ml chunk 4096
LOAD before 1.00 1.21 1.94
PINNED cpu 7 siblings 7: 
toks  chunk    4096  cold    86.2 MB/s  24.36 Mtok/s     51791 ns/call | pass   110.8 MB/s | warm   122.0 MB/s | floor  42943.4 MB/s (memcpy) x_floor    388 | neon
E2E tool=toks tier=neon chunk=4096 bytes=6443660 calls=1443 ids=1820735 sha=7f9adf7627eaf293 cold_s=0.074735 pass_s=0.058158 warm_s=0.052834 lang_s=0.000000 floor_s=0.000150 floor_v=memcpy floor_xor_s=0.000494 floor_memcpy_s=0.000150 floor_nt_s=0.000553 ghz0=3.893 ghz1=3.896 load_ms=184 scratch_mib=2.37 cache_mib=0 reps=5
giga  chunk    4096  cold    31.7 MB/s | pass    92.7 MB/s | warm   399.4 MB/s | bpe
GIGA tool=gigatoken version=fac0114b37120ec8a76362e9ee8e1c742aaafaef kind=bpe chunk=4096 bytes=6443660 calls=1443 ids=1820735 cold_s=0.203538 pass_s=0.069513 warm_s=0.016132 reps=5 cold_reps=2 load_ms=277 fresh_state_ms=8.692 cache_entries=241225
hf    chunk    4096      4.96 MB/s   1.400 Mtok/s      901045 ns/call
REF tool=hf version=0.23.2 chunk=4096 bytes=6443660 calls=1443 ids=1820735 sha=7f9adf7627eaf293 s=1.300208 reps=3
FIRSTDIFF none
REF tool=gigatoken chunk=4096 ids=1820735 sha=7f9adf7627eaf293 hf_nopp_ids=1820735 hf_nopp_sha=7f9adf7627eaf293 same_as_hf_nopp=yes first_diff=none
tikt  chunk    4096     26.57 MB/s   7.508 Mtok/s      168060 ns/call  ids==hf(no post-processor): yes
REF tool=tiktoken version=0.14.0 chunk=4096 bytes=6443660 calls=1443 ids=1820735 sha=7f9adf7627eaf293 s=0.242511 reps=3 hf_nopp_ids=1820735 hf_nopp_sha=7f9adf7627eaf293 same_as_hf_nopp=yes
EXACT yes toks == hf (1820735 7f9adf7627eaf293)
PINNED cpu 7 siblings 7: 
BUSY cpu7 100% 
LOAD after 1.00 1.19 1.90
== nemotron3-4b ml chunk 0
LOAD before 1.00 1.19 1.90
PINNED cpu 7 siblings 7: 
toks  chunk       0  cold   112.2 MB/s  31.71 Mtok/s  57409031 ns/call | pass   112.2 MB/s | warm   122.4 MB/s | floor  26147.5 MB/s (memcpy) x_floor    233 | neon
E2E tool=toks tier=neon chunk=0 bytes=6443660 calls=1 ids=1820250 sha=17db1dab55b5f65c cold_s=0.057409 pass_s=0.057408 warm_s=0.052635 lang_s=0.000000 floor_s=0.000246 floor_v=memcpy floor_xor_s=0.000527 floor_memcpy_s=0.000246 floor_nt_s=0.000507 ghz0=3.893 ghz1=3.893 load_ms=184 scratch_mib=223.23 cache_mib=0 reps=5
giga  chunk       0  cold    93.2 MB/s | pass    93.1 MB/s | warm   399.3 MB/s | bpe
GIGA tool=gigatoken version=fac0114b37120ec8a76362e9ee8e1c742aaafaef kind=bpe chunk=0 bytes=6443660 calls=1 ids=1820250 cold_s=0.069144 pass_s=0.069181 warm_s=0.016136 reps=5 cold_reps=2 load_ms=277 fresh_state_ms=8.163 cache_entries=241217
hf    chunk       0      2.86 MB/s   0.807 Mtok/s  2255154140 ns/call
REF tool=hf version=0.23.2 chunk=0 bytes=6443660 calls=1 ids=1820250 sha=17db1dab55b5f65c s=2.255154 reps=3
FIRSTDIFF none
REF tool=gigatoken chunk=0 ids=1820250 sha=17db1dab55b5f65c hf_nopp_ids=1820250 hf_nopp_sha=17db1dab55b5f65c same_as_hf_nopp=yes first_diff=none
tikt  chunk       0     23.09 MB/s   6.522 Mtok/s   279108061 ns/call  ids==hf(no post-processor): yes
REF tool=tiktoken version=0.14.0 chunk=0 bytes=6443660 calls=1 ids=1820250 sha=17db1dab55b5f65c s=0.279108 reps=3 hf_nopp_ids=1820250 hf_nopp_sha=17db1dab55b5f65c same_as_hf_nopp=yes
EXACT yes toks == hf (1820250 17db1dab55b5f65c)
PINNED cpu 7 siblings 7: 
BUSY cpu7 100% 
LOAD after 1.27 1.24 1.91
== nemotron3-4b cjk chunk 4096
LOAD before 1.27 1.24 1.91
PINNED cpu 7 siblings 7: 
toks  chunk    4096  cold   101.7 MB/s  38.62 Mtok/s     41348 ns/call | pass   106.1 MB/s | warm   120.9 MB/s | floor  39480.1 MB/s (memcpy) x_floor    372 | neon
E2E tool=toks tier=neon chunk=4096 bytes=3129985 calls=744 ids=1188192 sha=15c2fc47b4b6ce84 cold_s=0.030763 pass_s=0.029500 warm_s=0.025899 lang_s=0.000000 floor_s=0.000079 floor_v=memcpy floor_xor_s=0.000264 floor_memcpy_s=0.000079 floor_nt_s=0.000279 ghz0=3.893 ghz1=3.896 load_ms=181 scratch_mib=2.33 cache_mib=0 reps=5
giga  chunk    4096  cold    18.9 MB/s | pass    39.2 MB/s | warm   219.6 MB/s | bpe
GIGA tool=gigatoken version=fac0114b37120ec8a76362e9ee8e1c742aaafaef kind=bpe chunk=4096 bytes=3129985 calls=744 ids=1188192 cold_s=0.165859 pass_s=0.079826 warm_s=0.014252 reps=5 cold_reps=2 load_ms=277 fresh_state_ms=8.169 cache_entries=250874
hf    chunk    4096      6.03 MB/s   2.289 Mtok/s      697847 ns/call
REF tool=hf version=0.23.2 chunk=4096 bytes=3129985 calls=744 ids=1188192 sha=15c2fc47b4b6ce84 s=0.519198 reps=3
FIRSTDIFF none
REF tool=gigatoken chunk=4096 ids=1188192 sha=15c2fc47b4b6ce84 hf_nopp_ids=1188192 hf_nopp_sha=15c2fc47b4b6ce84 same_as_hf_nopp=yes first_diff=none
tikt  chunk    4096     26.47 MB/s  10.048 Mtok/s      158941 ns/call  ids==hf(no post-processor): yes
REF tool=tiktoken version=0.14.0 chunk=4096 bytes=3129985 calls=744 ids=1188192 sha=15c2fc47b4b6ce84 s=0.118252 reps=3 hf_nopp_ids=1188192 hf_nopp_sha=15c2fc47b4b6ce84 same_as_hf_nopp=yes
EXACT yes toks == hf (1188192 15c2fc47b4b6ce84)
PINNED cpu 7 siblings 7: 
BUSY cpu7 100% 
LOAD after 1.21 1.23 1.89
== nemotron3-4b cjk chunk 0
LOAD before 1.21 1.23 1.89
PINNED cpu 7 siblings 7: 
toks  chunk       0  cold   104.9 MB/s  39.83 Mtok/s  29827839 ns/call | pass   104.8 MB/s | warm   118.5 MB/s | floor  22837.1 MB/s (memcpy) x_floor    218 | neon
E2E tool=toks tier=neon chunk=0 bytes=3129985 calls=1 ids=1188126 sha=96931260408ed6f2 cold_s=0.029828 pass_s=0.029874 warm_s=0.026404 lang_s=0.000000 floor_s=0.000137 floor_v=memcpy floor_xor_s=0.000279 floor_memcpy_s=0.000137 floor_nt_s=0.000270 ghz0=3.894 ghz1=3.896 load_ms=189 scratch_mib=109.46 cache_mib=0 reps=5
giga  chunk       0  cold    39.3 MB/s | pass    39.3 MB/s | warm   217.6 MB/s | bpe
GIGA tool=gigatoken version=fac0114b37120ec8a76362e9ee8e1c742aaafaef kind=bpe chunk=0 bytes=3129985 calls=1 ids=1188126 cold_s=0.079703 pass_s=0.079556 warm_s=0.014385 reps=5 cold_reps=2 load_ms=274 fresh_state_ms=8.119 cache_entries=250874
hf    chunk       0      3.55 MB/s   1.346 Mtok/s   882910273 ns/call
REF tool=hf version=0.23.2 chunk=0 bytes=3129985 calls=1 ids=1188126 sha=96931260408ed6f2 s=0.882910 reps=3
FIRSTDIFF none
REF tool=gigatoken chunk=0 ids=1188126 sha=96931260408ed6f2 hf_nopp_ids=1188126 hf_nopp_sha=96931260408ed6f2 same_as_hf_nopp=yes first_diff=none
tikt  chunk       0     22.91 MB/s   8.698 Mtok/s   136595943 ns/call  ids==hf(no post-processor): yes
REF tool=tiktoken version=0.14.0 chunk=0 bytes=3129985 calls=1 ids=1188126 sha=96931260408ed6f2 s=0.136596 reps=3 hf_nopp_ids=1188126 hf_nopp_sha=96931260408ed6f2 same_as_hf_nopp=yes
EXACT yes toks == hf (1188126 96931260408ed6f2)
PINNED cpu 7 siblings 7: 
BUSY cpu7 100% 
LOAD after 1.18 1.22 1.88
== llama4 en chunk 4096
LOAD before 1.18 1.22 1.88
PINNED cpu 7 siblings 7: 
toks  chunk    4096  cold   174.3 MB/s  42.40 Mtok/s     23650 ns/call | pass   240.4 MB/s | warm   515.1 MB/s | floor  50133.4 MB/s (memcpy) x_floor    209 | neon
E2E tool=toks tier=neon chunk=4096 bytes=2048653 calls=497 ids=498380 sha=9079d009bb8bbd41 cold_s=0.011754 pass_s=0.008523 warm_s=0.003977 lang_s=0.000000 floor_s=0.000041 floor_v=memcpy floor_xor_s=0.000150 floor_memcpy_s=0.000041 floor_nt_s=0.000152 ghz0=3.895 ghz1=3.896 load_ms=309 scratch_mib=2.14 cache_mib=0 reps=5
giga  chunk    4096  cold    51.8 MB/s | pass   173.7 MB/s | warm   755.4 MB/s | bpe
GIGA tool=gigatoken version=fac0114b37120ec8a76362e9ee8e1c742aaafaef kind=bpe chunk=4096 bytes=2048653 calls=497 ids=497883 cold_s=0.039537 pass_s=0.011791 warm_s=0.002712 reps=5 cold_reps=2 load_ms=480 fresh_state_ms=14.752 cache_entries=210530
hf    chunk    4096      4.94 MB/s   1.203 Mtok/s      833676 ns/call
REF tool=hf version=0.23.2 chunk=4096 bytes=2048653 calls=497 ids=498380 sha=9079d009bb8bbd41 s=0.414337 reps=3
FIRSTDIFF none
REF tool=gigatoken chunk=4096 ids=497883 sha=573ab59ae63a6835 hf_nopp_ids=497883 hf_nopp_sha=573ab59ae63a6835 same_as_hf_nopp=yes first_diff=none
tikt  chunk    4096     32.01 MB/s   7.781 Mtok/s      128754 ns/call  ids==hf(no post-processor): yes
REF tool=tiktoken version=0.14.0 chunk=4096 bytes=2048653 calls=497 ids=497883 sha=573ab59ae63a6835 s=0.063991 reps=3 hf_nopp_ids=497883 hf_nopp_sha=573ab59ae63a6835 same_as_hf_nopp=yes
EXACT yes toks == hf (498380 9079d009bb8bbd41)
PINNED cpu 7 siblings 7: 
BUSY cpu7 100% 
LOAD after 1.14 1.21 1.87
== llama4 en chunk 0
LOAD before 1.14 1.21 1.87
PINNED cpu 7 siblings 7: 7/ps/0.0 
toks  chunk       0  cold   226.5 MB/s  55.05 Mtok/s   9043809 ns/call | pass   241.2 MB/s | warm   491.6 MB/s | floor  38462.2 MB/s (memcpy) x_floor    159 | neon
E2E tool=toks tier=neon chunk=0 bytes=2048653 calls=1 ids=497821 sha=b2a475b357a1ae07 cold_s=0.009044 pass_s=0.008495 warm_s=0.004167 lang_s=0.000000 floor_s=0.000053 floor_v=memcpy floor_xor_s=0.000156 floor_memcpy_s=0.000053 floor_nt_s=0.000150 ghz0=3.893 ghz1=3.894 load_ms=308 scratch_mib=72.34 cache_mib=0 reps=5
giga  chunk       0  cold   177.1 MB/s | pass   180.4 MB/s | warm   776.0 MB/s | bpe
GIGA tool=gigatoken version=fac0114b37120ec8a76362e9ee8e1c742aaafaef kind=bpe chunk=0 bytes=2048653 calls=1 ids=497820 cold_s=0.011568 pass_s=0.011356 warm_s=0.002640 reps=5 cold_reps=2 load_ms=486 fresh_state_ms=14.764 cache_entries=210528
hf    chunk       0      2.89 MB/s   0.701 Mtok/s   709817042 ns/call
REF tool=hf version=0.23.2 chunk=0 bytes=2048653 calls=1 ids=497821 sha=b2a475b357a1ae07 s=0.709817 reps=3
FIRSTDIFF none
REF tool=gigatoken chunk=0 ids=497820 sha=ca5aac1d602dae6d hf_nopp_ids=497820 hf_nopp_sha=ca5aac1d602dae6d same_as_hf_nopp=yes first_diff=none
tikt  chunk       0     27.07 MB/s   6.578 Mtok/s    75674666 ns/call  ids==hf(no post-processor): yes
REF tool=tiktoken version=0.14.0 chunk=0 bytes=2048653 calls=1 ids=497820 sha=ca5aac1d602dae6d s=0.075675 reps=3 hf_nopp_ids=497820 hf_nopp_sha=ca5aac1d602dae6d same_as_hf_nopp=yes
EXACT yes toks == hf (497821 b2a475b357a1ae07)
PINNED cpu 7 siblings 7: 
BUSY cpu7 100% 
LOAD after 1.12 1.20 1.86
== llama4 code chunk 4096
LOAD before 1.12 1.20 1.86
PINNED cpu 7 siblings 7: 
toks  chunk    4096  cold   422.4 MB/s 102.43 Mtok/s      9766 ns/call | pass   480.4 MB/s | warm   746.1 MB/s | floor  53507.9 MB/s (memcpy) x_floor    111 | neon
E2E tool=toks tier=neon chunk=4096 bytes=614699 calls=149 ids=149048 sha=eb4162072f25835b cold_s=0.001455 pass_s=0.001280 warm_s=0.000824 lang_s=0.000000 floor_s=0.000011 floor_v=memcpy floor_xor_s=0.000044 floor_memcpy_s=0.000011 floor_nt_s=0.000046 ghz0=3.889 ghz1=3.896 load_ms=307 scratch_mib=2.15 cache_mib=0 reps=5
giga  chunk    4096  cold   101.2 MB/s | pass   254.1 MB/s | warm   601.1 MB/s | bpe
GIGA tool=gigatoken version=fac0114b37120ec8a76362e9ee8e1c742aaafaef kind=bpe chunk=4096 bytes=614699 calls=149 ids=148899 cold_s=0.006071 pass_s=0.002419 warm_s=0.001023 reps=5 cold_reps=2 load_ms=480 fresh_state_ms=14.862 cache_entries=196132
hf    chunk    4096      5.20 MB/s   1.260 Mtok/s      793686 ns/call
REF tool=hf version=0.23.2 chunk=4096 bytes=614699 calls=149 ids=149048 sha=eb4162072f25835b s=0.118259 reps=3
FIRSTDIFF none
REF tool=gigatoken chunk=4096 ids=148899 sha=7fc0cc47b07b32d4 hf_nopp_ids=148899 hf_nopp_sha=7fc0cc47b07b32d4 same_as_hf_nopp=yes first_diff=none
tikt  chunk    4096     29.06 MB/s   7.038 Mtok/s      141988 ns/call  ids==hf(no post-processor): yes
REF tool=tiktoken version=0.14.0 chunk=4096 bytes=614699 calls=149 ids=148899 sha=7fc0cc47b07b32d4 s=0.021156 reps=3 hf_nopp_ids=148899 hf_nopp_sha=7fc0cc47b07b32d4 same_as_hf_nopp=yes
EXACT yes toks == hf (149048 eb4162072f25835b)
PINNED cpu 7 siblings 7: 
BUSY cpu7 100% 
LOAD after 1.11 1.20 1.85
== llama4 code chunk 0
LOAD before 1.11 1.20 1.85
PINNED cpu 7 siblings 7: 
toks  chunk       0  cold   518.3 MB/s 125.53 Mtok/s   1186012 ns/call | pass   531.0 MB/s | warm   771.3 MB/s | floor  53807.7 MB/s (memcpy) x_floor    101 | neon
E2E tool=toks tier=neon chunk=0 bytes=614699 calls=1 ids=148879 sha=88f5f342bd7469a7 cold_s=0.001186 pass_s=0.001158 warm_s=0.000797 lang_s=0.000000 floor_s=0.000011 floor_v=memcpy floor_xor_s=0.000045 floor_memcpy_s=0.000011 floor_nt_s=0.000045 ghz0=3.894 ghz1=3.896 load_ms=302 scratch_mib=23.11 cache_mib=0 reps=5
giga  chunk       0  cold   267.3 MB/s | pass   279.8 MB/s | warm   625.3 MB/s | bpe
GIGA tool=gigatoken version=fac0114b37120ec8a76362e9ee8e1c742aaafaef kind=bpe chunk=0 bytes=614699 calls=1 ids=148878 cold_s=0.002300 pass_s=0.002197 warm_s=0.000983 reps=5 cold_reps=2 load_ms=481 fresh_state_ms=14.850 cache_entries=196133
hf    chunk       0      3.45 MB/s   0.836 Mtok/s   178166980 ns/call
REF tool=hf version=0.23.2 chunk=0 bytes=614699 calls=1 ids=148879 sha=88f5f342bd7469a7 s=0.178167 reps=3
FIRSTDIFF none
REF tool=gigatoken chunk=0 ids=148878 sha=7ba4a42353a539c8 hf_nopp_ids=148878 hf_nopp_sha=7ba4a42353a539c8 same_as_hf_nopp=yes first_diff=none
tikt  chunk       0     26.15 MB/s   6.333 Mtok/s    23506588 ns/call  ids==hf(no post-processor): yes
REF tool=tiktoken version=0.14.0 chunk=0 bytes=614699 calls=1 ids=148878 sha=7ba4a42353a539c8 s=0.023507 reps=3 hf_nopp_ids=148878 hf_nopp_sha=7ba4a42353a539c8 same_as_hf_nopp=yes
EXACT yes toks == hf (148879 88f5f342bd7469a7)
PINNED cpu 7 siblings 7: 
BUSY cpu7 99% 
LOAD after 1.10 1.19 1.85
== llama4 ml chunk 4096
LOAD before 1.10 1.19 1.85
PINNED cpu 7 siblings 7: 
toks  chunk    4096  cold    76.1 MB/s  19.69 Mtok/s     58658 ns/call | pass    94.8 MB/s | warm   104.6 MB/s | floor  43999.0 MB/s (memcpy) x_floor    464 | neon
E2E tool=toks tier=neon chunk=4096 bytes=6443660 calls=1443 ids=1666485 sha=32f1f5d2d19c9c4a cold_s=0.084643 pass_s=0.067981 warm_s=0.061621 lang_s=0.000000 floor_s=0.000146 floor_v=memcpy floor_xor_s=0.000476 floor_memcpy_s=0.000146 floor_nt_s=0.000543 ghz0=3.896 ghz1=3.895 load_ms=316 scratch_mib=2.37 cache_mib=0 reps=5
giga  chunk    4096  cold    28.5 MB/s | pass    89.8 MB/s | warm   385.4 MB/s | bpe
GIGA tool=gigatoken version=fac0114b37120ec8a76362e9ee8e1c742aaafaef kind=bpe chunk=4096 bytes=6443660 calls=1443 ids=1665042 cold_s=0.225741 pass_s=0.071743 warm_s=0.016720 reps=5 cold_reps=2 load_ms=491 fresh_state_ms=14.273 cache_entries=303760
hf    chunk    4096      4.59 MB/s   1.188 Mtok/s      971817 ns/call
REF tool=hf version=0.23.2 chunk=4096 bytes=6443660 calls=1443 ids=1666485 sha=32f1f5d2d19c9c4a s=1.402331 reps=3
FIRSTDIFF none
REF tool=gigatoken chunk=4096 ids=1665042 sha=5c9b5286eaf13c51 hf_nopp_ids=1665042 hf_nopp_sha=5c9b5286eaf13c51 same_as_hf_nopp=yes first_diff=none
tikt  chunk    4096     25.40 MB/s   6.563 Mtok/s      175803 ns/call  ids==hf(no post-processor): yes
REF tool=tiktoken version=0.14.0 chunk=4096 bytes=6443660 calls=1443 ids=1665042 sha=5c9b5286eaf13c51 s=0.253684 reps=3 hf_nopp_ids=1665042 hf_nopp_sha=5c9b5286eaf13c51 same_as_hf_nopp=yes
EXACT yes toks == hf (1666485 32f1f5d2d19c9c4a)
PINNED cpu 7 siblings 7: 
BUSY cpu7 100% 
LOAD after 1.11 1.18 1.81
== llama4 ml chunk 0
LOAD before 1.11 1.18 1.81
PINNED cpu 7 siblings 7: 
toks  chunk       0  cold    96.8 MB/s  25.00 Mtok/s  66580457 ns/call | pass    96.6 MB/s | warm   106.0 MB/s | floor  27196.5 MB/s (memcpy) x_floor    281 | neon
E2E tool=toks tier=neon chunk=0 bytes=6443660 calls=1 ids=1664519 sha=c798b83040dd4c34 cold_s=0.066580 pass_s=0.066672 warm_s=0.060813 lang_s=0.000000 floor_s=0.000237 floor_v=memcpy floor_xor_s=0.000519 floor_memcpy_s=0.000237 floor_nt_s=0.000486 ghz0=3.895 ghz1=3.895 load_ms=309 scratch_mib=223.23 cache_mib=0 reps=5
giga  chunk       0  cold    90.0 MB/s | pass    90.0 MB/s | warm   379.4 MB/s | bpe
GIGA tool=gigatoken version=fac0114b37120ec8a76362e9ee8e1c742aaafaef kind=bpe chunk=0 bytes=6443660 calls=1 ids=1664518 cold_s=0.071572 pass_s=0.071575 warm_s=0.016986 reps=5 cold_reps=2 load_ms=486 fresh_state_ms=14.313 cache_entries=303758
hf    chunk       0      2.80 MB/s   0.723 Mtok/s  2303571308 ns/call
REF tool=hf version=0.23.2 chunk=0 bytes=6443660 calls=1 ids=1664519 sha=c798b83040dd4c34 s=2.303571 reps=3
FIRSTDIFF none
REF tool=gigatoken chunk=0 ids=1664518 sha=5240318387f733e4 hf_nopp_ids=1664518 hf_nopp_sha=5240318387f733e4 same_as_hf_nopp=yes first_diff=none
tikt  chunk       0     21.88 MB/s   5.651 Mtok/s   294558898 ns/call  ids==hf(no post-processor): yes
REF tool=tiktoken version=0.14.0 chunk=0 bytes=6443660 calls=1 ids=1664518 sha=5240318387f733e4 s=0.294559 reps=3 hf_nopp_ids=1664518 hf_nopp_sha=5240318387f733e4 same_as_hf_nopp=yes
EXACT yes toks == hf (1664519 c798b83040dd4c34)
PINNED cpu 7 siblings 7: 
BUSY cpu7 100% 
LOAD after 1.08 1.17 1.79
== llama4 cjk chunk 4096
LOAD before 1.08 1.17 1.79
PINNED cpu 7 siblings 7: 
toks  chunk    4096  cold    87.5 MB/s  26.64 Mtok/s     48062 ns/call | pass    91.0 MB/s | warm   107.5 MB/s | floor  40729.0 MB/s (memcpy) x_floor    447 | neon
E2E tool=toks tier=neon chunk=4096 bytes=3129985 calls=744 ids=952606 sha=9fa6ecbb427bdb77 cold_s=0.035758 pass_s=0.034386 warm_s=0.029121 lang_s=0.000000 floor_s=0.000077 floor_v=memcpy floor_xor_s=0.000244 floor_memcpy_s=0.000077 floor_nt_s=0.000251 ghz0=3.895 ghz1=3.895 load_ms=297 scratch_mib=2.33 cache_mib=0 reps=5
giga  chunk    4096  cold    15.4 MB/s | pass    33.4 MB/s | warm   259.5 MB/s | bpe
GIGA tool=gigatoken version=fac0114b37120ec8a76362e9ee8e1c742aaafaef kind=bpe chunk=4096 bytes=3129985 calls=744 ids=951862 cold_s=0.203805 pass_s=0.093813 warm_s=0.012061 reps=5 cold_reps=2 load_ms=482 fresh_state_ms=13.751 cache_entries=313738
hf    chunk    4096      5.05 MB/s   1.538 Mtok/s      832410 ns/call
REF tool=hf version=0.23.2 chunk=4096 bytes=3129985 calls=744 ids=952606 sha=9fa6ecbb427bdb77 s=0.619313 reps=3
FIRSTDIFF none
REF tool=gigatoken chunk=4096 ids=951862 sha=be5c4273578ad37f hf_nopp_ids=951862 hf_nopp_sha=be5c4273578ad37f same_as_hf_nopp=yes first_diff=none
tikt  chunk    4096     21.33 MB/s   6.487 Mtok/s      197229 ns/call  ids==hf(no post-processor): yes
REF tool=tiktoken version=0.14.0 chunk=4096 bytes=3129985 calls=744 ids=951862 sha=be5c4273578ad37f s=0.146739 reps=3 hf_nopp_ids=951862 hf_nopp_sha=be5c4273578ad37f same_as_hf_nopp=yes
EXACT yes toks == hf (952606 9fa6ecbb427bdb77)
PINNED cpu 7 siblings 7: 
BUSY cpu7 100% 
LOAD after 1.05 1.15 1.77
== llama4 cjk chunk 0
LOAD before 1.05 1.15 1.77
PINNED cpu 7 siblings 7: 
toks  chunk       0  cold    91.2 MB/s  27.73 Mtok/s  34320048 ns/call | pass    91.3 MB/s | warm   107.1 MB/s | floor  25306.9 MB/s (memcpy) x_floor    277 | neon
E2E tool=toks tier=neon chunk=0 bytes=3129985 calls=1 ids=951786 sha=88e479ba09edb167 cold_s=0.034320 pass_s=0.034278 warm_s=0.029230 lang_s=0.000000 floor_s=0.000124 floor_v=memcpy floor_xor_s=0.000260 floor_memcpy_s=0.000124 floor_nt_s=0.000250 ghz0=3.896 ghz1=3.872 load_ms=310 scratch_mib=109.46 cache_mib=0 reps=5
giga  chunk       0  cold    33.4 MB/s | pass    33.4 MB/s | warm   257.4 MB/s | bpe
GIGA tool=gigatoken version=fac0114b37120ec8a76362e9ee8e1c742aaafaef kind=bpe chunk=0 bytes=3129985 calls=1 ids=951785 cold_s=0.093733 pass_s=0.093642 warm_s=0.012161 reps=5 cold_reps=2 load_ms=480 fresh_state_ms=13.840 cache_entries=313738
hf    chunk       0      3.12 MB/s   0.950 Mtok/s  1001656198 ns/call
REF tool=hf version=0.23.2 chunk=0 bytes=3129985 calls=1 ids=951786 sha=88e479ba09edb167 s=1.001656 reps=3
FIRSTDIFF none
REF tool=gigatoken chunk=0 ids=951785 sha=aa12f6e19c0d916b hf_nopp_ids=951785 hf_nopp_sha=aa12f6e19c0d916b same_as_hf_nopp=yes first_diff=none
tikt  chunk       0     18.92 MB/s   5.754 Mtok/s   165405228 ns/call  ids==hf(no post-processor): yes
REF tool=tiktoken version=0.14.0 chunk=0 bytes=3129985 calls=1 ids=951785 sha=aa12f6e19c0d916b s=0.165405 reps=3 hf_nopp_ids=951785 hf_nopp_sha=aa12f6e19c0d916b same_as_hf_nopp=yes
EXACT yes toks == hf (951786 88e479ba09edb167)
PINNED cpu 7 siblings 7: 
BUSY cpu7 100% 
LOAD after 1.04 1.14 1.76
== minimaxm2 en chunk 4096
LOAD before 1.04 1.14 1.76
PINNED cpu 7 siblings 7: 
toks  chunk    4096  cold   253.3 MB/s  59.12 Mtok/s     16276 ns/call | pass   311.8 MB/s | warm   533.3 MB/s | floor  52388.5 MB/s (memcpy) x_floor    168 | neon
E2E tool=toks tier=neon chunk=4096 bytes=2048653 calls=497 ids=478214 sha=dfdb245e73204235 cold_s=0.008089 pass_s=0.006570 warm_s=0.003841 lang_s=0.000000 floor_s=0.000039 floor_v=memcpy floor_xor_s=0.000144 floor_memcpy_s=0.000039 floor_nt_s=0.000150 ghz0=3.896 ghz1=3.876 load_ms=213 scratch_mib=2.44 cache_mib=0 reps=5
giga  chunk    4096  cold   124.3 MB/s | pass   273.7 MB/s | warm   577.3 MB/s | bpe
GIGA tool=gigatoken version=fac0114b37120ec8a76362e9ee8e1c742aaafaef kind=bpe chunk=4096 bytes=2048653 calls=497 ids=478214 cold_s=0.016480 pass_s=0.007486 warm_s=0.003549 reps=5 cold_reps=2 load_ms=349 fresh_state_ms=46.948 cache_entries=212428
hf    chunk    4096      4.80 MB/s   1.121 Mtok/s      858654 ns/call
REF tool=hf version=0.23.2 chunk=4096 bytes=2048653 calls=497 ids=478214 sha=dfdb245e73204235 s=0.426751 reps=3
FIRSTDIFF none
REF tool=gigatoken chunk=4096 ids=478214 sha=dfdb245e73204235 hf_nopp_ids=478214 hf_nopp_sha=dfdb245e73204235 same_as_hf_nopp=yes first_diff=none
tikt  chunk    4096     34.14 MB/s   7.969 Mtok/s      120741 ns/call  ids==hf(no post-processor): yes
REF tool=tiktoken version=0.14.0 chunk=4096 bytes=2048653 calls=497 ids=478214 sha=dfdb245e73204235 s=0.060008 reps=3 hf_nopp_ids=478214 hf_nopp_sha=dfdb245e73204235 same_as_hf_nopp=yes
EXACT yes toks == hf (478214 dfdb245e73204235)
PINNED cpu 7 siblings 7: 7/ps/0.0 
BUSY cpu7 100% 
LOAD after 1.09 1.15 1.72
== minimaxm2 en chunk 0
LOAD before 1.09 1.15 1.72
PINNED cpu 7 siblings 7: 
toks  chunk       0  cold   295.5 MB/s  68.97 Mtok/s   6932283 ns/call | pass   313.5 MB/s | warm   528.7 MB/s | floor  39924.6 MB/s (memcpy) x_floor    127 | neon
E2E tool=toks tier=neon chunk=0 bytes=2048653 calls=1 ids=478149 sha=3fb60fb926645464 cold_s=0.006932 pass_s=0.006535 warm_s=0.003875 lang_s=0.000000 floor_s=0.000051 floor_v=memcpy floor_xor_s=0.000149 floor_memcpy_s=0.000051 floor_nt_s=0.000148 ghz0=3.896 ghz1=3.893 load_ms=224 scratch_mib=218.87 cache_mib=0 reps=5
giga  chunk       0  cold   266.1 MB/s | pass   266.9 MB/s | warm   599.5 MB/s | bpe
GIGA tool=gigatoken version=fac0114b37120ec8a76362e9ee8e1c742aaafaef kind=bpe chunk=0 bytes=2048653 calls=1 ids=478149 cold_s=0.007699 pass_s=0.007677 warm_s=0.003417 reps=5 cold_reps=2 load_ms=355 fresh_state_ms=46.709 cache_entries=212426
hf    chunk       0      2.77 MB/s   0.646 Mtok/s   740181237 ns/call
REF tool=hf version=0.23.2 chunk=0 bytes=2048653 calls=1 ids=478149 sha=3fb60fb926645464 s=0.740181 reps=3
FIRSTDIFF none
REF tool=gigatoken chunk=0 ids=478149 sha=3fb60fb926645464 hf_nopp_ids=478149 hf_nopp_sha=3fb60fb926645464 same_as_hf_nopp=yes first_diff=none
tikt  chunk       0     28.81 MB/s   6.723 Mtok/s    71120841 ns/call  ids==hf(no post-processor): yes
REF tool=tiktoken version=0.14.0 chunk=0 bytes=2048653 calls=1 ids=478149 sha=3fb60fb926645464 s=0.071121 reps=3 hf_nopp_ids=478149 hf_nopp_sha=3fb60fb926645464 same_as_hf_nopp=yes
EXACT yes toks == hf (478149 3fb60fb926645464)
PINNED cpu 7 siblings 7: 
BUSY cpu7 100% 
LOAD after 1.08 1.15 1.72
== minimaxm2 code chunk 4096
LOAD before 1.08 1.15 1.72
PINNED cpu 7 siblings 7: 
toks  chunk    4096  cold   350.3 MB/s  85.83 Mtok/s     11777 ns/call | pass   400.0 MB/s | warm   556.7 MB/s | floor  53807.7 MB/s (memcpy) x_floor    135 | neon
E2E tool=toks tier=neon chunk=4096 bytes=614699 calls=149 ids=150613 sha=0bbe1b26586d9769 cold_s=0.001755 pass_s=0.001537 warm_s=0.001104 lang_s=0.000000 floor_s=0.000011 floor_v=memcpy floor_xor_s=0.000044 floor_memcpy_s=0.000011 floor_nt_s=0.000046 ghz0=3.892 ghz1=3.894 load_ms=221 scratch_mib=2.45 cache_mib=0 reps=5
giga  chunk    4096  cold   135.6 MB/s | pass   336.4 MB/s | warm   657.9 MB/s | bpe
GIGA tool=gigatoken version=fac0114b37120ec8a76362e9ee8e1c742aaafaef kind=bpe chunk=4096 bytes=614699 calls=149 ids=150613 cold_s=0.004532 pass_s=0.001827 warm_s=0.000934 reps=5 cold_reps=2 load_ms=357 fresh_state_ms=46.719 cache_entries=200859
hf    chunk    4096      5.20 MB/s   1.274 Mtok/s      793479 ns/call
REF tool=hf version=0.23.2 chunk=4096 bytes=614699 calls=149 ids=150613 sha=0bbe1b26586d9769 s=0.118228 reps=3
FIRSTDIFF none
REF tool=gigatoken chunk=4096 ids=150613 sha=0bbe1b26586d9769 hf_nopp_ids=150613 hf_nopp_sha=0bbe1b26586d9769 same_as_hf_nopp=yes first_diff=none
tikt  chunk    4096     28.56 MB/s   6.997 Mtok/s      144455 ns/call  ids==hf(no post-processor): yes
REF tool=tiktoken version=0.14.0 chunk=4096 bytes=614699 calls=149 ids=150613 sha=0bbe1b26586d9769 s=0.021524 reps=3 hf_nopp_ids=150613 hf_nopp_sha=0bbe1b26586d9769 same_as_hf_nopp=yes
EXACT yes toks == hf (150613 0bbe1b26586d9769)
PINNED cpu 7 siblings 7: 
BUSY cpu7 100% 
LOAD after 1.07 1.14 1.71
== minimaxm2 code chunk 0
LOAD before 1.07 1.14 1.71
PINNED cpu 7 siblings 7: 
toks  chunk       0  cold   417.2 MB/s 102.21 Mtok/s   1473376 ns/call | pass   430.6 MB/s | warm   568.3 MB/s | floor  55760.1 MB/s (memcpy) x_floor    129 | neon
E2E tool=toks tier=neon chunk=0 bytes=614699 calls=1 ids=150591 sha=6894f78ea9255abc cold_s=0.001473 pass_s=0.001428 warm_s=0.001082 lang_s=0.000000 floor_s=0.000011 floor_v=memcpy floor_xor_s=0.000046 floor_memcpy_s=0.000011 floor_nt_s=0.000046 ghz0=3.893 ghz1=3.891 load_ms=213 scratch_mib=67.07 cache_mib=0 reps=5
giga  chunk       0  cold   311.9 MB/s | pass   313.6 MB/s | warm   584.1 MB/s | bpe
GIGA tool=gigatoken version=fac0114b37120ec8a76362e9ee8e1c742aaafaef kind=bpe chunk=0 bytes=614699 calls=1 ids=150591 cold_s=0.001971 pass_s=0.001960 warm_s=0.001052 reps=5 cold_reps=2 load_ms=351 fresh_state_ms=46.666 cache_entries=200860
hf    chunk       0      3.37 MB/s   0.826 Mtok/s   182368337 ns/call
REF tool=hf version=0.23.2 chunk=0 bytes=614699 calls=1 ids=150591 sha=6894f78ea9255abc s=0.182368 reps=3
FIRSTDIFF none
REF tool=gigatoken chunk=0 ids=150591 sha=6894f78ea9255abc hf_nopp_ids=150591 hf_nopp_sha=6894f78ea9255abc same_as_hf_nopp=yes first_diff=none
tikt  chunk       0     26.31 MB/s   6.446 Mtok/s    23362154 ns/call  ids==hf(no post-processor): yes
REF tool=tiktoken version=0.14.0 chunk=0 bytes=614699 calls=1 ids=150591 sha=6894f78ea9255abc s=0.023362 reps=3 hf_nopp_ids=150591 hf_nopp_sha=6894f78ea9255abc same_as_hf_nopp=yes
EXACT yes toks == hf (150591 6894f78ea9255abc)
PINNED cpu 7 siblings 7: 
BUSY cpu7 99% 
LOAD after 1.06 1.14 1.70
== minimaxm2 ml chunk 4096
LOAD before 1.06 1.14 1.70
PINNED cpu 7 siblings 7: 
toks  chunk    4096  cold   104.5 MB/s  29.80 Mtok/s     42746 ns/call | pass   129.0 MB/s | warm   141.6 MB/s | floor  42557.7 MB/s (memcpy) x_floor    330 | neon
E2E tool=toks tier=neon chunk=4096 bytes=6443660 calls=1443 ids=1838026 sha=8dca2283ee36dc92 cold_s=0.061683 pass_s=0.049961 warm_s=0.045511 lang_s=0.000000 floor_s=0.000151 floor_v=memcpy floor_xor_s=0.000498 floor_memcpy_s=0.000151 floor_nt_s=0.000551 ghz0=3.890 ghz1=3.895 load_ms=221 scratch_mib=3.15 cache_mib=0 reps=5
giga  chunk    4096  cold    53.7 MB/s | pass   100.8 MB/s | warm   254.8 MB/s | bpe
GIGA tool=gigatoken version=fac0114b37120ec8a76362e9ee8e1c742aaafaef kind=bpe chunk=4096 bytes=6443660 calls=1443 ids=1838026 cold_s=0.120064 pass_s=0.063917 warm_s=0.025291 reps=5 cold_reps=2 load_ms=357 fresh_state_ms=46.672 cache_entries=308292
hf    chunk    4096      3.99 MB/s   1.139 Mtok/s     1118307 ns/call
REF tool=hf version=0.23.2 chunk=4096 bytes=6443660 calls=1443 ids=1838026 sha=8dca2283ee36dc92 s=1.613717 reps=3
FIRSTDIFF none
REF tool=gigatoken chunk=4096 ids=1838026 sha=8dca2283ee36dc92 hf_nopp_ids=1838026 hf_nopp_sha=8dca2283ee36dc92 same_as_hf_nopp=yes first_diff=none
tikt  chunk    4096     26.11 MB/s   7.448 Mtok/s      171029 ns/call  ids==hf(no post-processor): yes
REF tool=tiktoken version=0.14.0 chunk=4096 bytes=6443660 calls=1443 ids=1838026 sha=8dca2283ee36dc92 s=0.246794 reps=3 hf_nopp_ids=1838026 hf_nopp_sha=8dca2283ee36dc92 same_as_hf_nopp=yes
EXACT yes toks == hf (1838026 8dca2283ee36dc92)
PINNED cpu 7 siblings 7: 
BUSY cpu7 100% 
LOAD after 1.05 1.11 1.61
== minimaxm2 ml chunk 0
LOAD before 1.05 1.11 1.61
PINNED cpu 7 siblings 7: 
toks  chunk       0  cold   126.3 MB/s  36.00 Mtok/s  51037983 ns/call | pass   126.7 MB/s | warm   138.0 MB/s | floor  27405.5 MB/s (memcpy) x_floor    216 | neon
E2E tool=toks tier=neon chunk=0 bytes=6443660 calls=1 ids=1837530 sha=2ec2c44a269a407e cold_s=0.051038 pass_s=0.050862 warm_s=0.046685 lang_s=0.000000 floor_s=0.000235 floor_v=memcpy floor_xor_s=0.000524 floor_memcpy_s=0.000235 floor_nt_s=0.000502 ghz0=3.883 ghz1=3.894 load_ms=217 scratch_mib=684.11 cache_mib=0 reps=5
giga  chunk       0  cold    97.9 MB/s | pass    98.3 MB/s | warm   250.3 MB/s | bpe
GIGA tool=gigatoken version=fac0114b37120ec8a76362e9ee8e1c742aaafaef kind=bpe chunk=0 bytes=6443660 calls=1 ids=1837530 cold_s=0.065793 pass_s=0.065537 warm_s=0.025744 reps=5 cold_reps=2 load_ms=356 fresh_state_ms=46.600 cache_entries=308290
hf    chunk       0      2.43 MB/s   0.693 Mtok/s  2651602423 ns/call
REF tool=hf version=0.23.2 chunk=0 bytes=6443660 calls=1 ids=1837530 sha=2ec2c44a269a407e s=2.651602 reps=3
FIRSTDIFF none
REF tool=gigatoken chunk=0 ids=1837530 sha=2ec2c44a269a407e hf_nopp_ids=1837530 hf_nopp_sha=2ec2c44a269a407e same_as_hf_nopp=yes first_diff=none
tikt  chunk       0     22.55 MB/s   6.431 Mtok/s   285733306 ns/call  ids==hf(no post-processor): yes
REF tool=tiktoken version=0.14.0 chunk=0 bytes=6443660 calls=1 ids=1837530 sha=2ec2c44a269a407e s=0.285733 reps=3 hf_nopp_ids=1837530 hf_nopp_sha=2ec2c44a269a407e same_as_hf_nopp=yes
EXACT yes toks == hf (1837530 2ec2c44a269a407e)
PINNED cpu 7 siblings 7: 
BUSY cpu7 100% 
LOAD after 1.03 1.10 1.60
== minimaxm2 cjk chunk 4096
LOAD before 1.03 1.10 1.60
PINNED cpu 7 siblings 7: 
toks  chunk    4096  cold   115.7 MB/s  32.32 Mtok/s     36354 ns/call | pass   118.6 MB/s | warm   138.6 MB/s | floor  43832.4 MB/s (memcpy) x_floor    370 | neon
E2E tool=toks tier=neon chunk=4096 bytes=3129985 calls=744 ids=874060 sha=16e7a9ccfcf7ed66 cold_s=0.027048 pass_s=0.026390 warm_s=0.022583 lang_s=0.000000 floor_s=0.000071 floor_v=memcpy floor_xor_s=0.000235 floor_memcpy_s=0.000071 floor_nt_s=0.000254 ghz0=3.892 ghz1=3.892 load_ms=212 scratch_mib=3.03 cache_mib=0 reps=5
giga  chunk    4096  cold    25.2 MB/s | pass    40.4 MB/s | warm   188.4 MB/s | bpe
GIGA tool=gigatoken version=fac0114b37120ec8a76362e9ee8e1c742aaafaef kind=bpe chunk=4096 bytes=3129985 calls=744 ids=874060 cold_s=0.124029 pass_s=0.077442 warm_s=0.016616 reps=5 cold_reps=2 load_ms=354 fresh_state_ms=47.071 cache_entries=317102
hf    chunk    4096      4.95 MB/s   1.383 Mtok/s      849557 ns/call
REF tool=hf version=0.23.2 chunk=4096 bytes=3129985 calls=744 ids=874060 sha=16e7a9ccfcf7ed66 s=0.632071 reps=3
FIRSTDIFF none
REF tool=gigatoken chunk=4096 ids=874060 sha=16e7a9ccfcf7ed66 hf_nopp_ids=874060 hf_nopp_sha=16e7a9ccfcf7ed66 same_as_hf_nopp=yes first_diff=none
tikt  chunk    4096     20.98 MB/s   5.857 Mtok/s      200568 ns/call  ids==hf(no post-processor): yes
REF tool=tiktoken version=0.14.0 chunk=4096 bytes=3129985 calls=744 ids=874060 sha=16e7a9ccfcf7ed66 s=0.149222 reps=3 hf_nopp_ids=874060 hf_nopp_sha=16e7a9ccfcf7ed66 same_as_hf_nopp=yes
EXACT yes toks == hf (874060 16e7a9ccfcf7ed66)
PINNED cpu 7 siblings 7: 
BUSY cpu7 100% 
LOAD after 1.01 1.07 1.55
== minimaxm2 cjk chunk 0
LOAD before 1.01 1.07 1.55
PINNED cpu 7 siblings 7: 
toks  chunk       0  cold   117.4 MB/s  32.80 Mtok/s  26649557 ns/call | pass   118.0 MB/s | warm   137.8 MB/s | floor  28014.1 MB/s (memcpy) x_floor    237 | neon
E2E tool=toks tier=neon chunk=0 bytes=3129985 calls=1 ids=873980 sha=2001df591d095148 cold_s=0.026650 pass_s=0.026533 warm_s=0.022711 lang_s=0.000000 floor_s=0.000112 floor_v=memcpy floor_xor_s=0.000248 floor_memcpy_s=0.000112 floor_nt_s=0.000241 ghz0=3.892 ghz1=3.896 load_ms=213 scratch_mib=333.34 cache_mib=0 reps=5
giga  chunk       0  cold    40.0 MB/s | pass    40.1 MB/s | warm   187.0 MB/s | bpe
GIGA tool=gigatoken version=fac0114b37120ec8a76362e9ee8e1c742aaafaef kind=bpe chunk=0 bytes=3129985 calls=1 ids=873980 cold_s=0.078294 pass_s=0.078031 warm_s=0.016740 reps=5 cold_reps=2 load_ms=354 fresh_state_ms=46.849 cache_entries=317102
hf    chunk       0      3.13 MB/s   0.874 Mtok/s   999921807 ns/call
REF tool=hf version=0.23.2 chunk=0 bytes=3129985 calls=1 ids=873980 sha=2001df591d095148 s=0.999922 reps=3
FIRSTDIFF none
REF tool=gigatoken chunk=0 ids=873980 sha=2001df591d095148 hf_nopp_ids=873980 hf_nopp_sha=2001df591d095148 same_as_hf_nopp=yes first_diff=none
tikt  chunk       0     18.33 MB/s   5.119 Mtok/s   170723437 ns/call  ids==hf(no post-processor): yes
REF tool=tiktoken version=0.14.0 chunk=0 bytes=3129985 calls=1 ids=873980 sha=2001df591d095148 s=0.170723 reps=3 hf_nopp_ids=873980 hf_nopp_sha=2001df591d095148 same_as_hf_nopp=yes
EXACT yes toks == hf (873980 2001df591d095148)
PINNED cpu 7 siblings 7: 
BUSY cpu7 100% 
LOAD after 1.01 1.07 1.54
== dsv4 en chunk 4096
LOAD before 1.01 1.07 1.54
PINNED cpu 7 siblings 7: 
toks  chunk    4096  cold   153.2 MB/s  40.44 Mtok/s     26915 ns/call | pass   188.1 MB/s | warm   255.2 MB/s | floor  50035.5 MB/s (memcpy) x_floor    266 | neon
E2E tool=toks tier=neon chunk=4096 bytes=2048653 calls=497 ids=540943 sha=c8d43dc136f81ba5 cold_s=0.013377 pass_s=0.010889 warm_s=0.008028 lang_s=0.000000 floor_s=0.000041 floor_v=memcpy floor_xor_s=0.000149 floor_memcpy_s=0.000041 floor_nt_s=0.000156 ghz0=3.893 ghz1=3.894 load_ms=169 scratch_mib=2.14 cache_mib=0 reps=5
giga  chunk    4096  cold   119.3 MB/s | pass   211.3 MB/s | warm   348.1 MB/s | bpe
GIGA tool=gigatoken version=fac0114b37120ec8a76362e9ee8e1c742aaafaef kind=bpe chunk=4096 bytes=2048653 calls=497 ids=540943 cold_s=0.017167 pass_s=0.009694 warm_s=0.005885 reps=5 cold_reps=2 load_ms=225 fresh_state_ms=25.954 cache_entries=142738
hf    chunk    4096      4.81 MB/s   1.269 Mtok/s      857837 ns/call
REF tool=hf version=0.23.2 chunk=4096 bytes=2048653 calls=497 ids=540943 sha=c8d43dc136f81ba5 s=0.426345 reps=3
FIRSTDIFF none
REF tool=gigatoken chunk=4096 ids=540943 sha=c8d43dc136f81ba5 hf_nopp_ids=540943 hf_nopp_sha=c8d43dc136f81ba5 same_as_hf_nopp=yes first_diff=none
REF tool=tiktoken chunk=4096 na=not_one_split_pattern_plus_bytelevel
EXACT yes toks == hf (540943 c8d43dc136f81ba5)
PINNED cpu 7 siblings 7: 
BUSY cpu7 100% 
LOAD after 1.00 1.06 1.52
== dsv4 en chunk 0
LOAD before 1.00 1.06 1.52
PINNED cpu 7 siblings 7: 
toks  chunk       0  cold   184.3 MB/s  48.67 Mtok/s  11115235 ns/call | pass   187.4 MB/s | warm   254.6 MB/s | floor  37625.9 MB/s (memcpy) x_floor    201 | neon
E2E tool=toks tier=neon chunk=0 bytes=2048653 calls=1 ids=540943 sha=c8d43dc136f81ba5 cold_s=0.011115 pass_s=0.010930 warm_s=0.008047 lang_s=0.000000 floor_s=0.000054 floor_v=memcpy floor_xor_s=0.000155 floor_memcpy_s=0.000054 floor_nt_s=0.000154 ghz0=3.892 ghz1=3.895 load_ms=172 scratch_mib=72.34 cache_mib=0 reps=5
giga  chunk       0  cold   208.0 MB/s | pass   209.5 MB/s | warm   352.4 MB/s | bpe
GIGA tool=gigatoken version=fac0114b37120ec8a76362e9ee8e1c742aaafaef kind=bpe chunk=0 bytes=2048653 calls=1 ids=540943 cold_s=0.009852 pass_s=0.009780 warm_s=0.005814 reps=5 cold_reps=2 load_ms=220 fresh_state_ms=26.047 cache_entries=142736
hf    chunk       0      2.85 MB/s   0.751 Mtok/s   719834079 ns/call
REF tool=hf version=0.23.2 chunk=0 bytes=2048653 calls=1 ids=540943 sha=c8d43dc136f81ba5 s=0.719834 reps=3
FIRSTDIFF none
REF tool=gigatoken chunk=0 ids=540943 sha=c8d43dc136f81ba5 hf_nopp_ids=540943 hf_nopp_sha=c8d43dc136f81ba5 same_as_hf_nopp=yes first_diff=none
REF tool=tiktoken chunk=0 na=not_one_split_pattern_plus_bytelevel
EXACT yes toks == hf (540943 c8d43dc136f81ba5)
PINNED cpu 7 siblings 7: 
BUSY cpu7 100% 
LOAD after 1.00 1.06 1.52
== dsv4 code chunk 4096
LOAD before 1.00 1.06 1.52
PINNED cpu 7 siblings 7: 
toks  chunk    4096  cold   169.3 MB/s  43.34 Mtok/s     24371 ns/call | pass   195.6 MB/s | warm   242.1 MB/s | floor  52551.9 MB/s (memcpy) x_floor    269 | neon
E2E tool=toks tier=neon chunk=4096 bytes=614699 calls=149 ids=157370 sha=e9e961123b7f58a2 cold_s=0.003631 pass_s=0.003142 warm_s=0.002539 lang_s=0.000000 floor_s=0.000012 floor_v=memcpy floor_xor_s=0.000044 floor_memcpy_s=0.000012 floor_nt_s=0.000047 ghz0=3.895 ghz1=3.895 load_ms=167 scratch_mib=2.15 cache_mib=0 reps=5
giga  chunk    4096  cold   116.4 MB/s | pass   220.2 MB/s | warm   349.9 MB/s | bpe
GIGA tool=gigatoken version=fac0114b37120ec8a76362e9ee8e1c742aaafaef kind=bpe chunk=4096 bytes=614699 calls=149 ids=157370 cold_s=0.005282 pass_s=0.002792 warm_s=0.001757 reps=5 cold_reps=2 load_ms=223 fresh_state_ms=25.766 cache_entries=130759
hf    chunk    4096      4.95 MB/s   1.268 Mtok/s      833045 ns/call
REF tool=hf version=0.23.2 chunk=4096 bytes=614699 calls=149 ids=157370 sha=e9e961123b7f58a2 s=0.124124 reps=3
FIRSTDIFF none
REF tool=gigatoken chunk=4096 ids=157370 sha=e9e961123b7f58a2 hf_nopp_ids=157370 hf_nopp_sha=e9e961123b7f58a2 same_as_hf_nopp=yes first_diff=none
REF tool=tiktoken chunk=4096 na=not_one_split_pattern_plus_bytelevel
EXACT yes toks == hf (157370 e9e961123b7f58a2)
PINNED cpu 7 siblings 7: 
BUSY cpu7 100% 
LOAD after 1.00 1.06 1.52
== dsv4 code chunk 0
LOAD before 1.00 1.06 1.52
PINNED cpu 7 siblings 7: 
toks  chunk       0  cold   199.0 MB/s  50.94 Mtok/s   3088896 ns/call | pass   203.4 MB/s | warm   243.7 MB/s | floor  54883.8 MB/s (memcpy) x_floor    270 | neon
E2E tool=toks tier=neon chunk=0 bytes=614699 calls=1 ids=157348 sha=25cb4ffde76f2078 cold_s=0.003089 pass_s=0.003023 warm_s=0.002523 lang_s=0.000000 floor_s=0.000011 floor_v=memcpy floor_xor_s=0.000046 floor_memcpy_s=0.000011 floor_nt_s=0.000046 ghz0=3.892 ghz1=3.895 load_ms=165 scratch_mib=23.11 cache_mib=0 reps=5
giga  chunk       0  cold   220.7 MB/s | pass   221.1 MB/s | warm   355.4 MB/s | bpe
GIGA tool=gigatoken version=fac0114b37120ec8a76362e9ee8e1c742aaafaef kind=bpe chunk=0 bytes=614699 calls=1 ids=157348 cold_s=0.002785 pass_s=0.002780 warm_s=0.001730 reps=5 cold_reps=2 load_ms=247 fresh_state_ms=25.942 cache_entries=130760
hf    chunk       0      3.17 MB/s   0.813 Mtok/s   193647887 ns/call
REF tool=hf version=0.23.2 chunk=0 bytes=614699 calls=1 ids=157348 sha=25cb4ffde76f2078 s=0.193648 reps=3
FIRSTDIFF none
REF tool=gigatoken chunk=0 ids=157348 sha=25cb4ffde76f2078 hf_nopp_ids=157348 hf_nopp_sha=25cb4ffde76f2078 same_as_hf_nopp=yes first_diff=none
REF tool=tiktoken chunk=0 na=not_one_split_pattern_plus_bytelevel
EXACT yes toks == hf (157348 25cb4ffde76f2078)
PINNED cpu 7 siblings 7: 
BUSY cpu7 98% 
LOAD after 1.00 1.06 1.52
== dsv4 ml chunk 4096
LOAD before 1.00 1.06 1.52
PINNED cpu 7 siblings 7: 
toks  chunk    4096  cold    89.6 MB/s  26.88 Mtok/s     49822 ns/call | pass   126.1 MB/s | warm   135.4 MB/s | floor  41972.2 MB/s (memcpy) x_floor    333 | neon
E2E tool=toks tier=neon chunk=4096 bytes=6443660 calls=1443 ids=1932262 sha=bbdd4bb359dc9798 cold_s=0.071893 pass_s=0.051080 warm_s=0.047595 lang_s=0.000000 floor_s=0.000154 floor_v=memcpy floor_xor_s=0.000505 floor_memcpy_s=0.000154 floor_nt_s=0.000552 ghz0=3.891 ghz1=3.895 load_ms=165 scratch_mib=2.37 cache_mib=0 reps=5
giga  chunk    4096  cold    53.5 MB/s | pass   100.2 MB/s | warm   310.4 MB/s | bpe
GIGA tool=gigatoken version=fac0114b37120ec8a76362e9ee8e1c742aaafaef kind=bpe chunk=4096 bytes=6443660 calls=1443 ids=1932262 cold_s=0.120499 pass_s=0.064336 warm_s=0.020759 reps=5 cold_reps=2 load_ms=222 fresh_state_ms=25.864 cache_entries=244655
hf    chunk    4096      4.26 MB/s   1.278 Mtok/s     1047734 ns/call
REF tool=hf version=0.23.2 chunk=4096 bytes=6443660 calls=1443 ids=1932262 sha=bbdd4bb359dc9798 s=1.511881 reps=3
FIRSTDIFF none
REF tool=gigatoken chunk=4096 ids=1932262 sha=bbdd4bb359dc9798 hf_nopp_ids=1932262 hf_nopp_sha=bbdd4bb359dc9798 same_as_hf_nopp=yes first_diff=none
REF tool=tiktoken chunk=4096 na=not_one_split_pattern_plus_bytelevel
EXACT yes toks == hf (1932262 bbdd4bb359dc9798)
PINNED cpu 7 siblings 7: 
BUSY cpu7 100% 
LOAD after 1.08 1.06 1.48
== dsv4 ml chunk 0
LOAD before 1.08 1.06 1.48
PINNED cpu 7 siblings 7: 
toks  chunk       0  cold   122.5 MB/s  36.72 Mtok/s  52600645 ns/call | pass   124.2 MB/s | warm   131.6 MB/s | floor  26167.9 MB/s (memcpy) x_floor    211 | neon
E2E tool=toks tier=neon chunk=0 bytes=6443660 calls=1 ids=1931712 sha=5ee0fed40b510caf cold_s=0.052601 pass_s=0.051897 warm_s=0.048975 lang_s=0.000000 floor_s=0.000246 floor_v=memcpy floor_xor_s=0.000532 floor_memcpy_s=0.000246 floor_nt_s=0.000510 ghz0=3.893 ghz1=3.894 load_ms=167 scratch_mib=223.23 cache_mib=0 reps=5
giga  chunk       0  cold    99.5 MB/s | pass    99.6 MB/s | warm   311.4 MB/s | bpe
GIGA tool=gigatoken version=fac0114b37120ec8a76362e9ee8e1c742aaafaef kind=bpe chunk=0 bytes=6443660 calls=1 ids=1931712 cold_s=0.064776 pass_s=0.064703 warm_s=0.020690 reps=5 cold_reps=2 load_ms=222 fresh_state_ms=25.869 cache_entries=244649
hf    chunk       0      2.50 MB/s   0.750 Mtok/s  2574572600 ns/call
REF tool=hf version=0.23.2 chunk=0 bytes=6443660 calls=1 ids=1931712 sha=5ee0fed40b510caf s=2.574573 reps=3
FIRSTDIFF none
REF tool=gigatoken chunk=0 ids=1931712 sha=5ee0fed40b510caf hf_nopp_ids=1931712 hf_nopp_sha=5ee0fed40b510caf same_as_hf_nopp=yes first_diff=none
REF tool=tiktoken chunk=0 na=not_one_split_pattern_plus_bytelevel
EXACT yes toks == hf (1931712 5ee0fed40b510caf)
PINNED cpu 7 siblings 7: 
BUSY cpu7 100% 
LOAD after 1.06 1.06 1.47
== dsv4 cjk chunk 4096
LOAD before 1.06 1.06 1.47
PINNED cpu 7 siblings 7: 
toks  chunk    4096  cold   138.6 MB/s  40.07 Mtok/s     30362 ns/call | pass   145.6 MB/s | warm   164.1 MB/s | floor  44118.5 MB/s (memcpy) x_floor    303 | neon
E2E tool=toks tier=neon chunk=4096 bytes=3129985 calls=744 ids=905061 sha=c3fa620ad88e6857 cold_s=0.022589 pass_s=0.021496 warm_s=0.019072 lang_s=0.000000 floor_s=0.000071 floor_v=memcpy floor_xor_s=0.000242 floor_memcpy_s=0.000071 floor_nt_s=0.000254 ghz0=3.895 ghz1=3.870 load_ms=164 scratch_mib=2.33 cache_mib=0 reps=5
giga  chunk    4096  cold    30.2 MB/s | pass    43.0 MB/s | warm   176.2 MB/s | bpe
GIGA tool=gigatoken version=fac0114b37120ec8a76362e9ee8e1c742aaafaef kind=bpe chunk=4096 bytes=3129985 calls=744 ids=905061 cold_s=0.103646 pass_s=0.072874 warm_s=0.017760 reps=5 cold_reps=2 load_ms=224 fresh_state_ms=25.373 cache_entries=241528
hf    chunk    4096      4.91 MB/s   1.419 Mtok/s      857431 ns/call
REF tool=hf version=0.23.2 chunk=4096 bytes=3129985 calls=744 ids=905061 sha=c3fa620ad88e6857 s=0.637929 reps=3
FIRSTDIFF none
REF tool=gigatoken chunk=4096 ids=905061 sha=c3fa620ad88e6857 hf_nopp_ids=905061 hf_nopp_sha=c3fa620ad88e6857 same_as_hf_nopp=yes first_diff=none
REF tool=tiktoken chunk=4096 na=not_one_split_pattern_plus_bytelevel
EXACT yes toks == hf (905061 c3fa620ad88e6857)
PINNED cpu 7 siblings 7: 
BUSY cpu7 100% 
LOAD after 1.09 1.06 1.45
== dsv4 cjk chunk 0
LOAD before 1.09 1.06 1.45
PINNED cpu 7 siblings 7: 
toks  chunk       0  cold   138.7 MB/s  40.11 Mtok/s  22562188 ns/call | pass   139.1 MB/s | warm   159.5 MB/s | floor  32153.5 MB/s (memcpy) x_floor    231 | neon
E2E tool=toks tier=neon chunk=0 bytes=3129985 calls=1 ids=904995 sha=2b9b1ca43a12a325 cold_s=0.022562 pass_s=0.022508 warm_s=0.019619 lang_s=0.000000 floor_s=0.000097 floor_v=memcpy floor_xor_s=0.000246 floor_memcpy_s=0.000097 floor_nt_s=0.000246 ghz0=3.892 ghz1=3.893 load_ms=165 scratch_mib=109.46 cache_mib=0 reps=5
giga  chunk       0  cold    42.9 MB/s | pass    43.0 MB/s | warm   175.1 MB/s | bpe
GIGA tool=gigatoken version=fac0114b37120ec8a76362e9ee8e1c742aaafaef kind=bpe chunk=0 bytes=3129985 calls=1 ids=904995 cold_s=0.073029 pass_s=0.072863 warm_s=0.017873 reps=5 cold_reps=2 load_ms=220 fresh_state_ms=25.434 cache_entries=241528
hf    chunk       0      3.12 MB/s   0.902 Mtok/s  1003547221 ns/call
REF tool=hf version=0.23.2 chunk=0 bytes=3129985 calls=1 ids=904995 sha=2b9b1ca43a12a325 s=1.003547 reps=3
FIRSTDIFF none
REF tool=gigatoken chunk=0 ids=904995 sha=2b9b1ca43a12a325 hf_nopp_ids=904995 hf_nopp_sha=2b9b1ca43a12a325 same_as_hf_nopp=yes first_diff=none
REF tool=tiktoken chunk=0 na=not_one_split_pattern_plus_bytelevel
EXACT yes toks == hf (904995 2b9b1ca43a12a325)
PINNED cpu 7 siblings 7: 
BUSY cpu7 100% 
LOAD after 1.08 1.06 1.45
== kimik3 en chunk 4096
LOAD before 1.08 1.06 1.45
PINNED cpu 7 siblings 7: 
toks  chunk    4096  cold   144.3 MB/s  34.66 Mtok/s     28575 ns/call | pass   179.2 MB/s | warm   264.1 MB/s | floor  51012.3 MB/s (memcpy) x_floor    285 | neon
E2E tool=toks tier=neon chunk=4096 bytes=2048653 calls=497 ids=492283 sha=b643e0af84f265d8 cold_s=0.014202 pass_s=0.011429 warm_s=0.007757 lang_s=0.000000 floor_s=0.000040 floor_v=memcpy floor_xor_s=0.000149 floor_memcpy_s=0.000040 floor_nt_s=0.000152 ghz0=3.896 ghz1=3.889 load_ms=171 scratch_mib=2.14 cache_mib=0 reps=5
giga  chunk    4096  cold   112.8 MB/s | pass   249.7 MB/s | warm   644.7 MB/s | tiktoken
GIGA tool=gigatoken version=fac0114b37120ec8a76362e9ee8e1c742aaafaef kind=tiktoken chunk=4096 bytes=2048653 calls=497 ids=492283 cold_s=0.018167 pass_s=0.008205 warm_s=0.003178 reps=5 cold_reps=2 load_ms=135 fresh_state_ms=40.320 cache_entries=179515
ref   chunk    4096      3.70 MB/s   0.889 Mtok/s     1114728 ns/call  (transformers TikTokenTokenizer, serving)
REF tool=hf version=transformers-5.18.0+tiktoken-0.14.0 impl=kimi-serving chunk=4096 bytes=2048653 calls=497 ids=492283 sha=b643e0af84f265d8 s=0.554020 reps=3
FIRSTDIFF none
REF tool=gigatoken chunk=4096 ids=492283 sha=b643e0af84f265d8 hf_nopp_ids=492283 hf_nopp_sha=b643e0af84f265d8 same_as_hf_nopp=yes first_diff=none
tikt  chunk    4096     29.56 MB/s   7.102 Mtok/s      139466 ns/call  ids==reference: yes
REF tool=tiktoken version=0.14.0 chunk=4096 bytes=2048653 calls=497 ids=492283 sha=b643e0af84f265d8 s=0.069315 reps=3 hf_nopp_ids=492283 hf_nopp_sha=b643e0af84f265d8 same_as_hf_nopp=yes
EXACT yes toks == hf (492283 b643e0af84f265d8)
PINNED cpu 7 siblings 7: 
BUSY cpu7 100% 
LOAD after 1.04 1.05 1.43
== kimik3 en chunk 0
LOAD before 1.04 1.05 1.43
PINNED cpu 7 siblings 7: 
toks  chunk       0  cold   173.3 MB/s  41.64 Mtok/s  11820028 ns/call | pass   179.0 MB/s | warm   258.8 MB/s | floor  40999.3 MB/s (memcpy) x_floor    229 | neon
E2E tool=toks tier=neon chunk=0 bytes=2048653 calls=1 ids=492222 sha=efcb5fe76b4f9af7 cold_s=0.011820 pass_s=0.011445 warm_s=0.007916 lang_s=0.000000 floor_s=0.000050 floor_v=memcpy floor_xor_s=0.000151 floor_memcpy_s=0.000050 floor_nt_s=0.000149 ghz0=3.883 ghz1=3.894 load_ms=167 scratch_mib=72.34 cache_mib=0 reps=5
giga  chunk       0  cold   254.3 MB/s | pass   254.8 MB/s | warm   667.5 MB/s | tiktoken
GIGA tool=gigatoken version=fac0114b37120ec8a76362e9ee8e1c742aaafaef kind=tiktoken chunk=0 bytes=2048653 calls=1 ids=492218 cold_s=0.008057 pass_s=0.008041 warm_s=0.003069 reps=5 cold_reps=2 load_ms=136 fresh_state_ms=39.933 cache_entries=179513
ref   chunk       0      3.85 MB/s   0.924 Mtok/s   532586654 ns/call  (transformers TikTokenTokenizer, serving)
REF tool=hf version=transformers-5.18.0+tiktoken-0.14.0 impl=kimi-serving chunk=0 bytes=2048653 calls=1 ids=492222 sha=efcb5fe76b4f9af7 s=0.532587 reps=3
FIRSTDIFF none
REF tool=gigatoken chunk=0 ids=492218 sha=6a6dbdf95c2a935a hf_nopp_ids=492222 hf_nopp_sha=efcb5fe76b4f9af7 same_as_hf_nopp=no first_diff=chunk_0_id_188047_(stream_pos_188047):_got_[462,84635,5528,67294,473,3410,17553]_ref_[462,84635,5528,2609,2025,473,3410]
tikt  chunk       0     24.96 MB/s   5.997 Mtok/s    82082732 ns/call  ids==reference: no
REF tool=tiktoken version=0.14.0 chunk=0 bytes=2048653 calls=1 ids=492218 sha=6a6dbdf95c2a935a s=0.082083 reps=3 hf_nopp_ids=492222 hf_nopp_sha=efcb5fe76b4f9af7 same_as_hf_nopp=no
EXACT yes toks == hf (492222 efcb5fe76b4f9af7)
PINNED cpu 7 siblings 7: 
BUSY cpu7 99% 
LOAD after 1.03 1.05 1.42
== kimik3 code chunk 4096
LOAD before 1.03 1.05 1.42
PINNED cpu 7 siblings 7: 
toks  chunk    4096  cold   249.7 MB/s  60.46 Mtok/s     16520 ns/call | pass   268.1 MB/s | warm   328.1 MB/s | floor  55278.7 MB/s (memcpy) x_floor    206 | neon
E2E tool=toks tier=neon chunk=4096 bytes=614699 calls=149 ids=148828 sha=07d804c51e9f7c89 cold_s=0.002461 pass_s=0.002293 warm_s=0.001874 lang_s=0.000000 floor_s=0.000011 floor_v=memcpy floor_xor_s=0.000044 floor_memcpy_s=0.000011 floor_nt_s=0.000046 ghz0=3.894 ghz1=3.894 load_ms=167 scratch_mib=2.15 cache_mib=0 reps=5
giga  chunk    4096  cold   157.5 MB/s | pass   339.5 MB/s | warm   681.5 MB/s | tiktoken
GIGA tool=gigatoken version=fac0114b37120ec8a76362e9ee8e1c742aaafaef kind=tiktoken chunk=4096 bytes=614699 calls=149 ids=148828 cold_s=0.003902 pass_s=0.001811 warm_s=0.000902 reps=5 cold_reps=2 load_ms=135 fresh_state_ms=39.695 cache_entries=165304
ref   chunk    4096      3.85 MB/s   0.931 Mtok/s     1072589 ns/call  (transformers TikTokenTokenizer, serving)
REF tool=hf version=transformers-5.18.0+tiktoken-0.14.0 impl=kimi-serving chunk=4096 bytes=614699 calls=149 ids=148828 sha=07d804c51e9f7c89 s=0.159816 reps=3
FIRSTDIFF none
REF tool=gigatoken chunk=4096 ids=148828 sha=07d804c51e9f7c89 hf_nopp_ids=148828 hf_nopp_sha=07d804c51e9f7c89 same_as_hf_nopp=yes first_diff=none
tikt  chunk    4096     26.14 MB/s   6.329 Mtok/s      157820 ns/call  ids==reference: yes
REF tool=tiktoken version=0.14.0 chunk=4096 bytes=614699 calls=149 ids=148828 sha=07d804c51e9f7c89 s=0.023515 reps=3 hf_nopp_ids=148828 hf_nopp_sha=07d804c51e9f7c89 same_as_hf_nopp=yes
EXACT yes toks == hf (148828 07d804c51e9f7c89)
PINNED cpu 7 siblings 7: 
BUSY cpu7 100% 
LOAD after 1.03 1.05 1.42
== kimik3 code chunk 0
LOAD before 1.03 1.05 1.42
PINNED cpu 7 siblings 7: 
toks  chunk       0  cold   271.9 MB/s  65.83 Mtok/s   2260632 ns/call | pass   274.9 MB/s | warm   330.0 MB/s | floor  56085.7 MB/s (memcpy) x_floor    204 | neon
E2E tool=toks tier=neon chunk=0 bytes=614699 calls=1 ids=148809 sha=1978a6b81c4a11e8 cold_s=0.002261 pass_s=0.002236 warm_s=0.001863 lang_s=0.000000 floor_s=0.000011 floor_v=memcpy floor_xor_s=0.000046 floor_memcpy_s=0.000011 floor_nt_s=0.000045 ghz0=3.894 ghz1=3.894 load_ms=169 scratch_mib=23.11 cache_mib=0 reps=5
giga  chunk       0  cold   344.7 MB/s | pass   348.3 MB/s | warm   708.5 MB/s | tiktoken
GIGA tool=gigatoken version=fac0114b37120ec8a76362e9ee8e1c742aaafaef kind=tiktoken chunk=0 bytes=614699 calls=1 ids=148807 cold_s=0.001783 pass_s=0.001765 warm_s=0.000868 reps=5 cold_reps=2 load_ms=138 fresh_state_ms=39.215 cache_entries=165305
ref   chunk       0      3.92 MB/s   0.948 Mtok/s   156963070 ns/call  (transformers TikTokenTokenizer, serving)
REF tool=hf version=transformers-5.18.0+tiktoken-0.14.0 impl=kimi-serving chunk=0 bytes=614699 calls=1 ids=148809 sha=1978a6b81c4a11e8 s=0.156963 reps=3
FIRSTDIFF none
REF tool=gigatoken chunk=0 ids=148807 sha=967acf7835f36a86 hf_nopp_ids=148809 hf_nopp_sha=1978a6b81c4a11e8 same_as_hf_nopp=no first_diff=chunk_0_id_87150_(stream_pos_87150):_got_[5799,327,555,42644,1222,410,5799]_ref_[5799,327,555,9894,9883,82,1222]
tikt  chunk       0     24.62 MB/s   5.959 Mtok/s    24971926 ns/call  ids==reference: no
REF tool=tiktoken version=0.14.0 chunk=0 bytes=614699 calls=1 ids=148807 sha=967acf7835f36a86 s=0.024972 reps=3 hf_nopp_ids=148809 hf_nopp_sha=1978a6b81c4a11e8 same_as_hf_nopp=no
EXACT yes toks == hf (148809 1978a6b81c4a11e8)
PINNED cpu 7 siblings 7: 
BUSY cpu7 98% 
LOAD after 1.02 1.05 1.42
== kimik3 ml chunk 4096
LOAD before 1.02 1.05 1.42
PINNED cpu 7 siblings 7: 
toks  chunk    4096  cold    67.2 MB/s  21.46 Mtok/s     66408 ns/call | pass    94.9 MB/s | warm   103.7 MB/s | floor  41368.6 MB/s (memcpy) x_floor    436 | neon
E2E tool=toks tier=neon chunk=4096 bytes=6443660 calls=1443 ids=2056824 sha=5196d2d52ec65b55 cold_s=0.095826 pass_s=0.067921 warm_s=0.062160 lang_s=0.000000 floor_s=0.000156 floor_v=memcpy floor_xor_s=0.000513 floor_memcpy_s=0.000156 floor_nt_s=0.000577 ghz0=3.896 ghz1=3.894 load_ms=172 scratch_mib=2.37 cache_mib=0 reps=5
giga  chunk    4096  cold    41.9 MB/s | pass   104.4 MB/s | warm   392.6 MB/s | tiktoken
GIGA tool=gigatoken version=fac0114b37120ec8a76362e9ee8e1c742aaafaef kind=tiktoken chunk=4096 bytes=6443660 calls=1443 ids=2056824 cold_s=0.153743 pass_s=0.061714 warm_s=0.016414 reps=5 cold_reps=2 load_ms=135 fresh_state_ms=40.904 cache_entries=285284
ref   chunk    4096      3.78 MB/s   1.205 Mtok/s     1182769 ns/call  (transformers TikTokenTokenizer, serving)
REF tool=hf version=transformers-5.18.0+tiktoken-0.14.0 impl=kimi-serving chunk=4096 bytes=6443660 calls=1443 ids=2056824 sha=5196d2d52ec65b55 s=1.706736 reps=3
FIRSTDIFF none
REF tool=gigatoken chunk=4096 ids=2056824 sha=5196d2d52ec65b55 hf_nopp_ids=2056824 hf_nopp_sha=5196d2d52ec65b55 same_as_hf_nopp=yes first_diff=none
tikt  chunk    4096     22.86 MB/s   7.295 Mtok/s      195380 ns/call  ids==reference: yes
REF tool=tiktoken version=0.14.0 chunk=4096 bytes=6443660 calls=1443 ids=2056824 sha=5196d2d52ec65b55 s=0.281933 reps=3 hf_nopp_ids=2056824 hf_nopp_sha=5196d2d52ec65b55 same_as_hf_nopp=yes
EXACT yes toks == hf (2056824 5196d2d52ec65b55)
PINNED cpu 7 siblings 7: 
BUSY cpu7 100% 
LOAD after 1.00 1.03 1.36
== kimik3 ml chunk 0
LOAD before 1.00 1.03 1.36
PINNED cpu 7 siblings 7: 
toks  chunk       0  cold    91.7 MB/s  29.25 Mtok/s  70299139 ns/call | pass    91.7 MB/s | warm    99.3 MB/s | floor  25099.7 MB/s (memcpy) x_floor    274 | neon
E2E tool=toks tier=neon chunk=0 bytes=6443660 calls=1 ids=2056254 sha=3cd09354678db03b cold_s=0.070299 pass_s=0.070302 warm_s=0.064912 lang_s=0.000000 floor_s=0.000257 floor_v=memcpy floor_xor_s=0.000551 floor_memcpy_s=0.000257 floor_nt_s=0.000528 ghz0=3.896 ghz1=3.894 load_ms=169 scratch_mib=223.23 cache_mib=0 reps=5
giga  chunk       0  cold   103.8 MB/s | pass   103.9 MB/s | warm   384.4 MB/s | tiktoken
GIGA tool=gigatoken version=fac0114b37120ec8a76362e9ee8e1c742aaafaef kind=tiktoken chunk=0 bytes=6443660 calls=1 ids=2056247 cold_s=0.062094 pass_s=0.062032 warm_s=0.016761 reps=5 cold_reps=2 load_ms=138 fresh_state_ms=40.821 cache_entries=285280
ref   chunk       0      3.89 MB/s   1.241 Mtok/s  1656320439 ns/call  (transformers TikTokenTokenizer, serving)
REF tool=hf version=transformers-5.18.0+tiktoken-0.14.0 impl=kimi-serving chunk=0 bytes=6443660 calls=1 ids=2056254 sha=3cd09354678db03b s=1.656320 reps=3
FIRSTDIFF none
REF tool=gigatoken chunk=0 ids=2056247 sha=c5ed7716374f8c6e hf_nopp_ids=2056254 hf_nopp_sha=3cd09354678db03b same_as_hf_nopp=no first_diff=chunk_0_id_156046_(stream_pos_156046):_got_[9684,3654,1027,7161,70,21810,1010]_ref_[9684,3654,1027,14667,4510,70,21810]
tikt  chunk       0     20.24 MB/s   6.460 Mtok/s   318285878 ns/call  ids==reference: no
REF tool=tiktoken version=0.14.0 chunk=0 bytes=6443660 calls=1 ids=2056247 sha=c5ed7716374f8c6e s=0.318286 reps=3 hf_nopp_ids=2056254 hf_nopp_sha=3cd09354678db03b same_as_hf_nopp=no
EXACT yes toks == hf (2056254 3cd09354678db03b)
PINNED cpu 7 siblings 7: 
BUSY cpu7 100% 
LOAD after 1.00 1.03 1.36
== kimik3 cjk chunk 4096
LOAD before 1.00 1.03 1.36
PINNED cpu 7 siblings 7: 
toks  chunk    4096  cold    84.5 MB/s  27.25 Mtok/s     49793 ns/call | pass    87.6 MB/s | warm    99.2 MB/s | floor  42296.5 MB/s (memcpy) x_floor    483 | neon
E2E tool=toks tier=neon chunk=4096 bytes=3129985 calls=744 ids=1009485 sha=52bca7da6b23093a cold_s=0.037046 pass_s=0.035725 warm_s=0.031543 lang_s=0.000000 floor_s=0.000074 floor_v=memcpy floor_xor_s=0.000245 floor_memcpy_s=0.000074 floor_nt_s=0.000263 ghz0=3.894 ghz1=3.894 load_ms=168 scratch_mib=2.33 cache_mib=0 reps=5
giga  chunk    4096  cold    30.7 MB/s | pass    45.1 MB/s | warm   267.4 MB/s | tiktoken
GIGA tool=gigatoken version=fac0114b37120ec8a76362e9ee8e1c742aaafaef kind=tiktoken chunk=4096 bytes=3129985 calls=744 ids=1009485 cold_s=0.101833 pass_s=0.069468 warm_s=0.011705 reps=5 cold_reps=2 load_ms=140 fresh_state_ms=40.201 cache_entries=277654
ref   chunk    4096      5.01 MB/s   1.617 Mtok/s      839171 ns/call  (transformers TikTokenTokenizer, serving)
REF tool=hf version=transformers-5.18.0+tiktoken-0.14.0 impl=kimi-serving chunk=4096 bytes=3129985 calls=744 ids=1009485 sha=52bca7da6b23093a s=0.624343 reps=3
FIRSTDIFF none
REF tool=gigatoken chunk=4096 ids=1009485 sha=52bca7da6b23093a hf_nopp_ids=1009485 hf_nopp_sha=52bca7da6b23093a same_as_hf_nopp=yes first_diff=none
tikt  chunk    4096     22.99 MB/s   7.414 Mtok/s      183011 ns/call  ids==reference: yes
REF tool=tiktoken version=0.14.0 chunk=4096 bytes=3129985 calls=744 ids=1009485 sha=52bca7da6b23093a s=0.136160 reps=3 hf_nopp_ids=1009485 hf_nopp_sha=52bca7da6b23093a same_as_hf_nopp=yes
EXACT yes toks == hf (1009485 52bca7da6b23093a)
PINNED cpu 7 siblings 7: 
BUSY cpu7 100% 
LOAD after 1.00 1.02 1.33
== kimik3 cjk chunk 0
LOAD before 1.00 1.02 1.33
PINNED cpu 7 siblings 7: 
toks  chunk       0  cold    83.9 MB/s  27.07 Mtok/s  37294553 ns/call | pass    83.8 MB/s | warm    94.6 MB/s | floor  26720.7 MB/s (memcpy) x_floor    319 | neon
E2E tool=toks tier=neon chunk=0 bytes=3129985 calls=1 ids=1009405 sha=3862c5fad7cd06bb cold_s=0.037295 pass_s=0.037329 warm_s=0.033091 lang_s=0.000000 floor_s=0.000117 floor_v=memcpy floor_xor_s=0.000261 floor_memcpy_s=0.000117 floor_nt_s=0.000254 ghz0=3.895 ghz1=3.895 load_ms=167 scratch_mib=109.46 cache_mib=0 reps=5
giga  chunk       0  cold    44.9 MB/s | pass    44.9 MB/s | warm   258.5 MB/s | tiktoken
GIGA tool=gigatoken version=fac0114b37120ec8a76362e9ee8e1c742aaafaef kind=tiktoken chunk=0 bytes=3129985 calls=1 ids=1009405 cold_s=0.069728 pass_s=0.069726 warm_s=0.012107 reps=5 cold_reps=2 load_ms=135 fresh_state_ms=40.042 cache_entries=277654
ref   chunk       0      5.31 MB/s   1.711 Mtok/s   589967562 ns/call  (transformers TikTokenTokenizer, serving)
REF tool=hf version=transformers-5.18.0+tiktoken-0.14.0 impl=kimi-serving chunk=0 bytes=3129985 calls=1 ids=1009405 sha=3862c5fad7cd06bb s=0.589968 reps=3
FIRSTDIFF none
REF tool=gigatoken chunk=0 ids=1009405 sha=3862c5fad7cd06bb hf_nopp_ids=1009405 hf_nopp_sha=3862c5fad7cd06bb same_as_hf_nopp=yes first_diff=none
tikt  chunk       0     19.83 MB/s   6.396 Mtok/s   157820192 ns/call  ids==reference: yes
REF tool=tiktoken version=0.14.0 chunk=0 bytes=3129985 calls=1 ids=1009405 sha=3862c5fad7cd06bb s=0.157820 reps=3 hf_nopp_ids=1009405 hf_nopp_sha=3862c5fad7cd06bb same_as_hf_nopp=yes
EXACT yes toks == hf (1009405 3862c5fad7cd06bb)
PINNED cpu 7 siblings 7: 
BUSY cpu7 100% 
LOAD after 1.00 1.02 1.33
UPTIME  01:50:10 up 10 days, 11:40,  9 users,  load average: 1.00, 1.02, 1.33
