corpus: ok
HOST m2ultra2 Darwin 25.5.0 arm64
CPU Apple M2 Ultra p-cores 16 e-cores 8
OS 26.5 25F71
PIN '' PINCPU '' TOKS_TIER '' REPS 5 REF 1 REF_REPS 3 GIGA 1
GIT 245cc5c005419456271a30431e1f9a25cf4d8af7
CC clang version 21.1.8 (https://github.com/llvm/llvm-project 2078da43e25a4623cab2d0d60decddf709aaea28)
KERNELS -DTOKS_HAVE_K1_NEON=1 -DTOKS_HAVE_K3_CL100K_NEON=1 -DTOKS_HAVE_K3_DSV3_NEON=1 -DTOKS_HAVE_K3_O200K_NEON=1 -DTOKS_HAVE_K5_NEON=1 -DTOKS_HAVE_K6_NEON=1 -DTOKS_HAVE_K7_SPM_NEON=1 k1_neon.S k3_cl100k_neon.S k3_dsv3_neon.S k3_o200k_neon.S k5_neon.S k6_neon.S k7_spm_neon.S selftest.S
BIN 2c2882f0ab3584f0ce161610763f9e046dbefc2954ca3af21d1d9f1faa0b689a  build/e2e
BIN 505c74655774ddc0b9bf64bd1c33c33d0ce56386a22d701a5f8ad5718e0f8ab8  build/macos-arm64/libtoks.a
BIN b29db086be50a22339b397e44ea36305b042a356ef0a9a889674324a4573d2b9  build/giga-target/release/gigatoken-bench
GIGATOKEN fac0114b37120ec8a76362e9ee8e1c742aaafaef rustc 1.101.0-nightly (db8f076d2 2026-10-03)
TOKENIZER gpt2 8414cab924d8b9b33013f0d221c5862f365ee9be39c5c2bfae8a5a9e970478a6
TOKENIZER llama3 6b9e4e7fb171f92fd137b777cc2714bf87d11576700a1dcd7a399e7bbe39537b
TOKENIZER glm53 19e773648cb4e65de8660ea6365e10acca112d42a854923df93db4a6f333a82d
TOKENIZER qwen38 0997f410c57a1f4e53b09e4be8f4a172d90edd9564368fb0847030937229b9f3
TOKENIZER o200k 0614fe83cadab421296e664e1f48f4261fa8fef6e03e63bb75c20f38e37d07d3
TOKENIZER gemma4 cc8d3a0ce36466ccc1278bf987df5f71db1719b9ca6b4118264f45cb627bfe0f
TOKENIZER nemotron3-4b 623c34567aebb18582765289fbe23d901c62704d6518d71866e0e58db892b5b7
TOKENIZER llama4 172c9eb4beafc72601690da3ccfcede5c2e6806a8d5ec1fca33e22acea8023a4
TOKENIZER minimaxm2 757622126525aeeb131756849d93298070ff3f0319c455ec8c5bb0f6b1cebbe8
TOKENIZER dsv4 8f9f37ca37fdc4f5fd36d5cf4d3b0e8392edb4e894fd10cc0d70b4957c8633cf
TOKENIZER kimik3 b3c9d5b7185255e33e51d006de2e0c50e3534a08aafe5678fb3b70dc11794a7e
CORPUS en 1353eaefbc8d2900cbf7acfb9078d1307b0ebcaaed16247432cc36087661f3a4 2048653 bytes: build/text/gut-en-1342.txt build/text/gut-en-2701.txt
CORPUS code a7dbee59d29f63a043c32f5564d5f8a4fa4e2b4ec14fe8278f7ad7507b39acf8 614699 bytes: build/text/code-cpython.py build/text/code-toks.c
CORPUS ml 85d1754c0ab788e2dab51a0a81920a8cfe463a902d305ef8b2a7275f6fb80463 6443660 bytes: build/text/wiki-ar.txt build/text/wiki-de.txt build/text/wiki-el.txt build/text/wiki-fr.txt build/text/wiki-he.txt build/text/wiki-hi.txt build/text/wiki-ka.txt build/text/wiki-ru.txt build/text/wiki-ta.txt build/text/wiki-th.txt build/text/wiki-uk.txt build/text/wiki-vi.txt build/text/gut-de-2229.txt build/text/gut-es-2000.txt build/text/gut-fr-17489.txt
CORPUS cjk 0a4d7d2bc20799e3314f31ab406421ebcb38f3bd265044f6bfa9a63b71544bf2 3129985 bytes: build/text/wiki-zh.txt build/text/wiki-ja.txt build/text/wiki-ko.txt build/text/gut-zh-24264.txt
UPTIME 23:47  up 86 days, 10:19, 0 users, load averages: 2.50 2.37 2.42
== gpt2 en chunk 4096
LOAD before  2.50 2.37 2.42 
toks  chunk    4096  cold   267.3 MB/s  73.83 Mtok/s     15421 ns/call | pass   368.1 MB/s | warm  5828.3 MB/s | floor  30884.4 MB/s (memcpy) x_floor     84 | neon
E2E tool=toks tier=neon chunk=4096 bytes=2048653 calls=497 ids=565852 sha=568009b147dcbd5c cold_s=0.007664 pass_s=0.005565 warm_s=0.000352 lang_s=0.005348 warmo_s=0.000838 coldo_s=0.008090 floor_s=0.000066 floor_v=memcpy floor_xor_s=0.000139 floor_memcpy_s=0.000066 floor_nt_s=0.000144 ghz0=3.646 ghz1=3.643 load_ms=62 scratch_mib=6.37 cache_mib=0 memo_mib=4 reps=5 pass_after=other cold_reps_s=0.007664,0.007786,0.007886,0.007951,0.007910 pass_reps_s=0.005603,0.005565,0.005644,0.005605,0.005602 warm_reps_s=0.000355,0.000353,0.000352,0.000352,0.000352 lang_reps_s=0.005548,0.005353,0.005348,0.005351,0.005569 warmo_reps_s=0.000839,0.000885,0.000909,0.000838,0.000901 coldo_reps_s=0.008100,0.008181,0.008090,0.008209,0.008110
CTR pieces=483426 one=112267 over15=276 cold=426715/17926/38785 lc=0/0 memo=4345024/0 pass=128561/337173/17692 lc=0/0 memo=4060928/0 warm=9486/29022/173 lc=0/0 memo=0/458 lang=123846/342404/17176 lc=0/0 memo=0/0 warmo=16058/34953/2496 lc=0/0 memo=469184/443 coldo=426715/17926/38785 lc=0/0 memo=4345024/0
giga  chunk    4096  cold   214.3 MB/s | pass   345.7 MB/s | warm   676.0 MB/s | bpe
GIGA tool=gigatoken version=fac0114b37120ec8a76362e9ee8e1c742aaafaef kind=bpe chunk=4096 bytes=2048653 calls=497 ids=565852 cold_s=0.009561 pass_s=0.005926 warm_s=0.003030 lang_s=0.005644 warmo_s=0.002467 coldo_s=0.009655 reps=5 cold_reps=2 load_ms=79 fresh_state_ms=6.038 cache_entries=65602 cache_mib=512 pass_after=other cold_reps_s=0.009561,0.009668 pass_reps_s=0.005996,0.006281,0.005960,0.005966,0.005926 entries_pass=65602 warm_reps_s=0.003037,0.003089,0.003060,0.003030,0.003034 entries_warm=65602 lang_reps_s=0.005744,0.005746,0.005662,0.005644,0.005862 entries_lang=307065 warmo_reps_s=0.002498,0.002529,0.002547,0.002467,0.002519 entries_warmo=307065 coldo_reps_s=0.009655,0.009691
hf    chunk    4096      4.65 MB/s   1.283 Mtok/s      887088 ns/call
REF tool=hf version=0.23.2 chunk=4096 bytes=2048653 calls=497 ids=565852 sha=568009b147dcbd5c s=0.440883 reps=3
FIRSTDIFF none
REF tool=gigatoken chunk=4096 ids=565852 sha=568009b147dcbd5c hf_nopp_ids=565852 hf_nopp_sha=568009b147dcbd5c same_as_hf_nopp=yes first_diff=none
tikt  chunk    4096     18.89 MB/s   5.217 Mtok/s      218220 ns/call  ids==hf(no post-processor): yes
REF tool=tiktoken version=0.14.0 chunk=4096 bytes=2048653 calls=497 ids=565852 sha=568009b147dcbd5c s=0.108455 reps=3 hf_nopp_ids=565852 hf_nopp_sha=568009b147dcbd5c same_as_hf_nopp=yes
EXACT yes toks == hf (565852 568009b147dcbd5c)
LOAD after  2.29 2.33 2.40 
== gpt2 en chunk 0
LOAD before  2.29 2.33 2.40 
toks  chunk       0  cold   396.7 MB/s 109.58 Mtok/s   5163875 ns/call | pass   380.9 MB/s | warm   662.0 MB/s | floor  30961.9 MB/s (memcpy) x_floor     81 | neon
E2E tool=toks tier=neon chunk=0 bytes=2048653 calls=1 ids=565852 sha=568009b147dcbd5c cold_s=0.005164 pass_s=0.005379 warm_s=0.003095 lang_s=0.005284 warmo_s=0.004917 coldo_s=0.005381 floor_s=0.000066 floor_v=memcpy floor_xor_s=0.000132 floor_memcpy_s=0.000066 floor_nt_s=0.000143 ghz0=3.644 ghz1=3.643 load_ms=35 scratch_mib=76.34 cache_mib=0 memo_mib=4 reps=5 pass_after=other cold_reps_s=0.005164,0.005285,0.005355,0.005346,0.005395 pass_reps_s=0.005379,0.005456,0.005447,0.005393,0.005539 warm_reps_s=0.003264,0.003283,0.003276,0.003250,0.003095 lang_reps_s=0.005417,0.005284,0.005316,0.005317,0.005425 warmo_reps_s=0.004917,0.005104,0.004930,0.005080,0.004982 coldo_reps_s=0.005545,0.005548,0.005383,0.005421,0.005381
CTR pieces=483762 one=113030 over15=276 cold=129160/336901/17701 lc=0/0 memo=0/0 pass=129160/336901/17701 lc=0/0 memo=0/0 warm=116141/362588/5033 lc=0/0 memo=0/0 lang=124609/341968/17185 lc=0/0 memo=0/0 warmo=123417/345157/15188 lc=0/0 memo=0/0 coldo=129160/336901/17701 lc=0/0 memo=0/0
giga  chunk       0  cold   370.7 MB/s | pass   354.6 MB/s | warm   705.4 MB/s | bpe
GIGA tool=gigatoken version=fac0114b37120ec8a76362e9ee8e1c742aaafaef kind=bpe chunk=0 bytes=2048653 calls=1 ids=565852 cold_s=0.005526 pass_s=0.005777 warm_s=0.002904 lang_s=0.005378 warmo_s=0.002391 coldo_s=0.005654 reps=5 cold_reps=2 load_ms=57 fresh_state_ms=6.121 cache_entries=65600 cache_mib=512 pass_after=other cold_reps_s=0.005727,0.005526 pass_reps_s=0.005886,0.005777,0.005801,0.005805,0.005780 entries_pass=65600 warm_reps_s=0.002916,0.002904,0.002905,0.002920,0.002959 entries_warm=65600 lang_reps_s=0.005528,0.005472,0.005378,0.005577,0.005609 entries_lang=307064 warmo_reps_s=0.002391,0.002405,0.002401,0.002391,0.002401 entries_warmo=307064 coldo_reps_s=0.005654,0.005766
hf    chunk       0      3.76 MB/s   1.039 Mtok/s   544725292 ns/call
REF tool=hf version=0.23.2 chunk=0 bytes=2048653 calls=1 ids=565852 sha=568009b147dcbd5c s=0.544725 reps=3
FIRSTDIFF none
REF tool=gigatoken chunk=0 ids=565852 sha=568009b147dcbd5c hf_nopp_ids=565852 hf_nopp_sha=568009b147dcbd5c same_as_hf_nopp=yes first_diff=none
tikt  chunk       0     18.80 MB/s   5.194 Mtok/s   108947208 ns/call  ids==hf(no post-processor): yes
REF tool=tiktoken version=0.14.0 chunk=0 bytes=2048653 calls=1 ids=565852 sha=568009b147dcbd5c s=0.108947 reps=3 hf_nopp_ids=565852 hf_nopp_sha=568009b147dcbd5c same_as_hf_nopp=yes
EXACT yes toks == hf (565852 568009b147dcbd5c)
LOAD after  2.27 2.32 2.40 
== gpt2 code chunk 4096
LOAD before  2.27 2.32 2.40 
toks  chunk    4096  cold   267.3 MB/s 119.82 Mtok/s     15433 ns/call | pass   358.1 MB/s | warm  9017.5 MB/s | floor  25392.4 MB/s (memcpy) x_floor     71 | neon
E2E tool=toks tier=neon chunk=4096 bytes=614699 calls=149 ids=275533 sha=33c67d02ab3998ee cold_s=0.002300 pass_s=0.001717 warm_s=0.000068 lang_s=0.001611 warmo_s=0.000180 coldo_s=0.002348 floor_s=0.000024 floor_v=memcpy floor_xor_s=0.000044 floor_memcpy_s=0.000024 floor_nt_s=0.000047 ghz0=3.434 ghz1=3.576 load_ms=35 scratch_mib=6.37 cache_mib=0 memo_mib=4 reps=5 pass_after=other cold_reps_s=0.002609,0.002300,0.002426,0.002373,0.002478 pass_reps_s=0.001735,0.001833,0.001769,0.001837,0.001717 warm_reps_s=0.000068,0.000068,0.000083,0.000072,0.000068 lang_reps_s=0.001775,0.001676,0.001669,0.001611,0.001624 warmo_reps_s=0.000200,0.000196,0.000193,0.000193,0.000180 coldo_reps_s=0.002348,0.002498,0.002495,0.002498,0.002502
CTR pieces=151434 one=39946 over15=2554 cold=120459/13736/17239 lc=0/0 memo=1726336/0 pass=45893/93754/11787 lc=0/0 memo=1726336/0 warm=1170/2423/181 lc=0/0 memo=39040/146 lang=42410/97350/11674 lc=0/0 memo=0/0 warmo=2613/5014/794 lc=0/0 memo=85696/141 coldo=120459/13736/17239 lc=0/0 memo=1726336/0
giga  chunk    4096  cold   205.3 MB/s | pass   368.8 MB/s | warm   561.9 MB/s | bpe
GIGA tool=gigatoken version=fac0114b37120ec8a76362e9ee8e1c742aaafaef kind=bpe chunk=4096 bytes=614699 calls=149 ids=275533 cold_s=0.002994 pass_s=0.001667 warm_s=0.001094 lang_s=0.001654 warmo_s=0.000869 coldo_s=0.003012 reps=5 cold_reps=2 load_ms=58 fresh_state_ms=6.032 cache_entries=53403 cache_mib=512 pass_after=other cold_reps_s=0.003188,0.002994 pass_reps_s=0.001788,0.001667,0.001785,0.001713,0.001793 entries_pass=53403 warm_reps_s=0.001094,0.001099,0.001096,0.001099,0.001094 entries_warm=53403 lang_reps_s=0.001654,0.001740,0.001726,0.001714,0.001718 entries_lang=307065 warmo_reps_s=0.000917,0.000914,0.000914,0.000869,0.000914 entries_warmo=307065 coldo_reps_s=0.003027,0.003012
hf    chunk    4096      4.81 MB/s   2.158 Mtok/s      856848 ns/call
REF tool=hf version=0.23.2 chunk=4096 bytes=614699 calls=149 ids=275533 sha=33c67d02ab3998ee s=0.127670 reps=3
FIRSTDIFF none
REF tool=gigatoken chunk=4096 ids=275533 sha=33c67d02ab3998ee hf_nopp_ids=275533 hf_nopp_sha=33c67d02ab3998ee same_as_hf_nopp=yes first_diff=none
tikt  chunk    4096     16.33 MB/s   7.320 Mtok/s      252635 ns/call  ids==hf(no post-processor): yes
REF tool=tiktoken version=0.14.0 chunk=4096 bytes=614699 calls=149 ids=275533 sha=33c67d02ab3998ee s=0.037643 reps=3 hf_nopp_ids=275533 hf_nopp_sha=33c67d02ab3998ee same_as_hf_nopp=yes
EXACT yes toks == hf (275533 33c67d02ab3998ee)
LOAD after  2.14 2.29 2.39 
== gpt2 code chunk 0
LOAD before  2.14 2.29 2.39 
toks  chunk       0  cold   381.3 MB/s 170.92 Mtok/s   1611917 ns/call | pass   374.7 MB/s | warm 16976.9 MB/s | floor  30863.0 MB/s (memcpy) x_floor     82 | neon
E2E tool=toks tier=neon chunk=0 bytes=614699 calls=1 ids=275512 sha=9ce800c4b28f8c6c cold_s=0.001612 pass_s=0.001641 warm_s=0.000036 lang_s=0.001554 warmo_s=0.001551 coldo_s=0.001723 floor_s=0.000020 floor_v=memcpy floor_xor_s=0.000042 floor_memcpy_s=0.000020 floor_nt_s=0.000047 ghz0=3.644 ghz1=3.644 load_ms=35 scratch_mib=27.11 cache_mib=0 memo_mib=4 reps=5 pass_after=other cold_reps_s=0.001680,0.001619,0.001612,0.001612,0.001615 pass_reps_s=0.001774,0.001771,0.001641,0.001776,0.001773 warm_reps_s=0.000039,0.000037,0.000036,0.000038,0.000038 lang_reps_s=0.001688,0.001587,0.001554,0.001563,0.001802 warmo_reps_s=0.001630,0.001632,0.001562,0.001630,0.001551 coldo_reps_s=0.001771,0.001779,0.001723,0.001736,0.001771
CTR pieces=151311 one=39823 over15=2562 cold=45639/93885/11787 lc=0/0 memo=1716800/0 pass=45639/93885/11787 lc=0/0 memo=1716800/0 warm=0/0/0 lc=0/0 memo=0/1 lang=42287/97350/11674 lc=0/0 memo=0/0 warmo=42149/97880/11282 lc=0/0 memo=0/0 coldo=45639/93885/11787 lc=0/0 memo=1716800/0
giga  chunk       0  cold   382.4 MB/s | pass   354.0 MB/s | warm   583.9 MB/s | bpe
GIGA tool=gigatoken version=fac0114b37120ec8a76362e9ee8e1c742aaafaef kind=bpe chunk=0 bytes=614699 calls=1 ids=275512 cold_s=0.001607 pass_s=0.001737 warm_s=0.001053 lang_s=0.001590 warmo_s=0.000867 coldo_s=0.001606 reps=5 cold_reps=2 load_ms=57 fresh_state_ms=6.090 cache_entries=53403 cache_mib=512 pass_after=other cold_reps_s=0.001607,0.001635 pass_reps_s=0.001740,0.001737,0.001749,0.001743,0.001741 entries_pass=53403 warm_reps_s=0.001053,0.001060,0.001053,0.001054,0.001054 entries_warm=53403 lang_reps_s=0.001684,0.001808,0.001677,0.001669,0.001590 entries_lang=307065 warmo_reps_s=0.000873,0.000870,0.000870,0.000867,0.000984 entries_warmo=307065 coldo_reps_s=0.001606,0.001708
hf    chunk       0      4.13 MB/s   1.851 Mtok/s   148853250 ns/call
REF tool=hf version=0.23.2 chunk=0 bytes=614699 calls=1 ids=275512 sha=9ce800c4b28f8c6c s=0.148853 reps=3
FIRSTDIFF none
REF tool=gigatoken chunk=0 ids=275512 sha=9ce800c4b28f8c6c hf_nopp_ids=275512 hf_nopp_sha=9ce800c4b28f8c6c same_as_hf_nopp=yes first_diff=none
tikt  chunk       0     16.22 MB/s   7.270 Mtok/s    37898792 ns/call  ids==hf(no post-processor): yes
REF tool=tiktoken version=0.14.0 chunk=0 bytes=614699 calls=1 ids=275512 sha=9ce800c4b28f8c6c s=0.037899 reps=3 hf_nopp_ids=275512 hf_nopp_sha=9ce800c4b28f8c6c same_as_hf_nopp=yes
EXACT yes toks == hf (275512 9ce800c4b28f8c6c)
LOAD after  2.05 2.27 2.38 
== gpt2 ml chunk 4096
LOAD before  2.05 2.27 2.38 
toks  chunk    4096  cold   116.9 MB/s  55.75 Mtok/s     38201 ns/call | pass   194.4 MB/s | warm   305.2 MB/s | floor  24077.2 MB/s (memcpy) x_floor    124 | neon
E2E tool=toks tier=neon chunk=4096 bytes=6443660 calls=1443 ids=3073094 sha=b1cba24ad9a63d53 cold_s=0.055124 pass_s=0.033139 warm_s=0.021112 lang_s=0.032801 warmo_s=0.022629 coldo_s=0.055295 floor_s=0.000268 floor_v=memcpy floor_xor_s=0.000468 floor_memcpy_s=0.000268 floor_nt_s=0.000545 ghz0=3.644 ghz1=3.645 load_ms=35 scratch_mib=6.37 cache_mib=0 memo_mib=4 reps=5 pass_after=other cold_reps_s=0.055124,0.055198,0.055434,0.055493,0.055419 pass_reps_s=0.033139,0.033222,0.033195,0.033160,0.033252 warm_reps_s=0.021186,0.021139,0.021112,0.021137,0.021128 lang_reps_s=0.032899,0.032854,0.032882,0.032859,0.032801 warmo_reps_s=0.022833,0.022637,0.022629,0.024175,0.022725 coldo_reps_s=0.055295,0.055447,0.055429,0.055465,0.055476
CTR pieces=1385162 one=327501 over15=31600 cold=756772/201800/426590 lc=0/0 memo=18829888/0 pass=337849/853329/193984 lc=0/0 memo=4074240/0 warm=270111/735412/112510 lc=0/0 memo=4048000/287 lang=334145/857888/193129 lc=0/0 memo=12480/0 warmo=270068/722586/125379 lc=0/0 memo=4048000/287 coldo=756772/201800/426590 lc=0/0 memo=18829888/0
giga  chunk    4096  cold    77.7 MB/s | pass   159.2 MB/s | warm   374.5 MB/s | bpe
GIGA tool=gigatoken version=fac0114b37120ec8a76362e9ee8e1c742aaafaef kind=bpe chunk=4096 bytes=6443660 calls=1443 ids=3073094 cold_s=0.082936 pass_s=0.040485 warm_s=0.017207 lang_s=0.040713 warmo_s=0.015057 coldo_s=0.081996 reps=5 cold_reps=2 load_ms=57 fresh_state_ms=6.366 cache_entries=170719 cache_mib=512 pass_after=other cold_reps_s=0.082936,0.083087 pass_reps_s=0.040567,0.040640,0.040800,0.040654,0.040485 entries_pass=170719 warm_reps_s=0.017338,0.017207,0.017212,0.017375,0.017260 entries_warm=170719 lang_reps_s=0.041904,0.041254,0.041334,0.040721,0.040713 entries_lang=307065 warmo_reps_s=0.015091,0.015078,0.015155,0.015124,0.015057 entries_warmo=307065 coldo_reps_s=0.082938,0.081996
hf    chunk    4096      3.74 MB/s   1.785 Mtok/s     1192873 ns/call
REF tool=hf version=0.23.2 chunk=4096 bytes=6443660 calls=1443 ids=3073094 sha=b1cba24ad9a63d53 s=1.721315 reps=3
FIRSTDIFF none
REF tool=gigatoken chunk=4096 ids=3073094 sha=b1cba24ad9a63d53 hf_nopp_ids=3073094 hf_nopp_sha=b1cba24ad9a63d53 same_as_hf_nopp=yes first_diff=none
tikt  chunk    4096     14.72 MB/s   7.021 Mtok/s      303308 ns/call  ids==hf(no post-processor): yes
REF tool=tiktoken version=0.14.0 chunk=4096 bytes=6443660 calls=1443 ids=3073094 sha=b1cba24ad9a63d53 s=0.437674 reps=3 hf_nopp_ids=3073094 hf_nopp_sha=b1cba24ad9a63d53 same_as_hf_nopp=yes
EXACT yes toks == hf (3073094 b1cba24ad9a63d53)
LOAD after  2.12 2.27 2.37 
== gpt2 ml chunk 0
LOAD before  2.12 2.27 2.37 
toks  chunk       0  cold   200.3 MB/s  95.53 Mtok/s  32169292 ns/call | pass   202.9 MB/s | warm   219.9 MB/s | floor  24266.1 MB/s (memcpy) x_floor    120 | neon
E2E tool=toks tier=neon chunk=0 bytes=6443660 calls=1 ids=3073097 sha=9c4f7b0df9c351d5 cold_s=0.032169 pass_s=0.031762 warm_s=0.029302 lang_s=0.031873 warmo_s=0.030663 coldo_s=0.032087 floor_s=0.000266 floor_v=memcpy floor_xor_s=0.000464 floor_memcpy_s=0.000266 floor_nt_s=0.000504 ghz0=3.563 ghz1=3.642 load_ms=35 scratch_mib=227.23 cache_mib=0 memo_mib=4 reps=5 pass_after=other cold_reps_s=0.035806,0.033379,0.032169,0.033145,0.032467 pass_reps_s=0.033024,0.031762,0.032562,0.032317,0.032050 warm_reps_s=0.029964,0.029450,0.029534,0.029302,0.029341 lang_reps_s=0.032129,0.032143,0.032066,0.031873,0.032012 warmo_reps_s=0.031322,0.030816,0.030913,0.030759,0.030663 coldo_reps_s=0.032254,0.033123,0.032800,0.032205,0.032087
CTR pieces=1385741 one=328755 over15=31600 cold=339082/852675/193984 lc=0/0 memo=0/0 pass=339082/852675/193984 lc=0/0 memo=0/0 warm=335012/879990/170739 lc=0/0 memo=0/0 lang=335399/857214/193128 lc=0/0 memo=0/0 warmo=334901/868040/182800 lc=0/0 memo=0/0 coldo=339082/852675/193984 lc=0/0 memo=0/0
giga  chunk       0  cold   158.5 MB/s | pass   159.6 MB/s | warm   377.1 MB/s | bpe
GIGA tool=gigatoken version=fac0114b37120ec8a76362e9ee8e1c742aaafaef kind=bpe chunk=0 bytes=6443660 calls=1 ids=3073097 cold_s=0.040652 pass_s=0.040372 warm_s=0.017086 lang_s=0.041770 warmo_s=0.014895 coldo_s=0.040468 reps=5 cold_reps=2 load_ms=56 fresh_state_ms=6.282 cache_entries=170719 cache_mib=512 pass_after=other cold_reps_s=0.041837,0.040652 pass_reps_s=0.040372,0.040611,0.040857,0.040714,0.040691 entries_pass=170719 warm_reps_s=0.017089,0.017251,0.017848,0.017260,0.017086 entries_warm=170719 lang_reps_s=0.042514,0.041776,0.041907,0.041923,0.041770 entries_lang=307065 warmo_reps_s=0.014972,0.014936,0.015053,0.014895,0.014944 entries_warmo=307065 coldo_reps_s=0.040468,0.040485
hf    chunk       0      2.93 MB/s   1.398 Mtok/s  2197859750 ns/call
REF tool=hf version=0.23.2 chunk=0 bytes=6443660 calls=1 ids=3073097 sha=9c4f7b0df9c351d5 s=2.197860 reps=3
FIRSTDIFF none
REF tool=gigatoken chunk=0 ids=3073097 sha=9c4f7b0df9c351d5 hf_nopp_ids=3073097 hf_nopp_sha=9c4f7b0df9c351d5 same_as_hf_nopp=yes first_diff=none
tikt  chunk       0     14.56 MB/s   6.946 Mtok/s   442457543 ns/call  ids==hf(no post-processor): yes
REF tool=tiktoken version=0.14.0 chunk=0 bytes=6443660 calls=1 ids=3073097 sha=9c4f7b0df9c351d5 s=0.442458 reps=3 hf_nopp_ids=3073097 hf_nopp_sha=9c4f7b0df9c351d5 same_as_hf_nopp=yes
EXACT yes toks == hf (3073097 9c4f7b0df9c351d5)
LOAD after  2.01 2.24 2.36 
== gpt2 cjk chunk 4096
LOAD before  2.01 2.24 2.36 
toks  chunk    4096  cold   121.2 MB/s  89.31 Mtok/s     34716 ns/call | pass   124.1 MB/s | warm   186.2 MB/s | floor  21748.5 MB/s (memcpy) x_floor    175 | neon
E2E tool=toks tier=neon chunk=4096 bytes=3129985 calls=744 ids=2306848 sha=b493817c6ec0d5e5 cold_s=0.025829 pass_s=0.025229 warm_s=0.016812 lang_s=0.024995 warmo_s=0.017171 coldo_s=0.026233 floor_s=0.000144 floor_v=memcpy floor_xor_s=0.000269 floor_memcpy_s=0.000144 floor_nt_s=0.000325 ghz0=3.643 ghz1=3.638 load_ms=35 scratch_mib=6.37 cache_mib=0 memo_mib=4 reps=5 pass_after=other cold_reps_s=0.025829,0.026108,0.026036,0.026196,0.026055 pass_reps_s=0.025312,0.025398,0.025263,0.025229,0.025292 warm_reps_s=0.016849,0.016812,0.016907,0.016873,0.016948 lang_reps_s=0.025919,0.025063,0.024995,0.025074,0.025146 warmo_reps_s=0.017195,0.017240,0.017197,0.017171,0.017329 coldo_reps_s=0.026233,0.026249,0.026269,0.026289,0.026272
CTR pieces=387883 one=79995 over15=65833 cold=116051/103339/168493 lc=0/0 memo=12405184/0 pass=84274/154997/148612 lc=0/0 memo=4062976/0 warm=40014/91370/95794 lc=0/0 memo=0/244 lang=81377/158304/148202 lc=0/0 memo=0/0 warmo=40582/89145/98814 lc=0/0 memo=4049728/243 coldo=116051/103339/168493 lc=0/0 memo=12405184/0
giga  chunk    4096  cold    63.6 MB/s | pass    71.3 MB/s | warm   252.3 MB/s | bpe
GIGA tool=gigatoken version=fac0114b37120ec8a76362e9ee8e1c742aaafaef kind=bpe chunk=4096 bytes=3129985 calls=744 ids=2306848 cold_s=0.049222 pass_s=0.043901 warm_s=0.012404 lang_s=0.043700 warmo_s=0.012318 coldo_s=0.049276 reps=5 cold_reps=2 load_ms=57 fresh_state_ms=6.740 cache_entries=169456 cache_mib=512 pass_after=other cold_reps_s=0.049358,0.049222 pass_reps_s=0.044164,0.044059,0.043901,0.044173,0.044059 entries_pass=169456 warm_reps_s=0.012440,0.012570,0.012404,0.012599,0.012897 entries_warm=169456 lang_reps_s=0.044455,0.043856,0.043797,0.043700,0.043805 entries_lang=307065 warmo_reps_s=0.012623,0.012318,0.012577,0.012580,0.012591 entries_warmo=307065 coldo_reps_s=0.049276,0.049281
hf    chunk    4096      4.30 MB/s   3.167 Mtok/s      979017 ns/call
REF tool=hf version=0.23.2 chunk=4096 bytes=3129985 calls=744 ids=2306848 sha=b493817c6ec0d5e5 s=0.728389 reps=3
FIRSTDIFF none
REF tool=gigatoken chunk=4096 ids=2306848 sha=b493817c6ec0d5e5 hf_nopp_ids=2306848 hf_nopp_sha=b493817c6ec0d5e5 same_as_hf_nopp=yes first_diff=none
tikt  chunk    4096     16.51 MB/s  12.166 Mtok/s      254850 ns/call  ids==hf(no post-processor): yes
REF tool=tiktoken version=0.14.0 chunk=4096 bytes=3129985 calls=744 ids=2306848 sha=b493817c6ec0d5e5 s=0.189608 reps=3 hf_nopp_ids=2306848 hf_nopp_sha=b493817c6ec0d5e5 same_as_hf_nopp=yes
EXACT yes toks == hf (2306848 b493817c6ec0d5e5)
LOAD after  1.93 2.20 2.34 
== gpt2 cjk chunk 0
LOAD before  1.93 2.20 2.34 
toks  chunk       0  cold   126.4 MB/s  93.13 Mtok/s  24769833 ns/call | pass   125.7 MB/s | warm   128.4 MB/s | floor  17551.3 MB/s (memcpy) x_floor    140 | neon
E2E tool=toks tier=neon chunk=0 bytes=3129985 calls=1 ids=2306848 sha=b493817c6ec0d5e5 cold_s=0.024770 pass_s=0.024894 warm_s=0.024381 lang_s=0.024857 warmo_s=0.024825 coldo_s=0.024907 floor_s=0.000178 floor_v=memcpy floor_xor_s=0.000282 floor_memcpy_s=0.000178 floor_nt_s=0.000324 ghz0=3.647 ghz1=3.646 load_ms=35 scratch_mib=113.46 cache_mib=0 memo_mib=4 reps=5 pass_after=other cold_reps_s=0.025007,0.024770,0.024943,0.025050,0.024939 pass_reps_s=0.025123,0.024923,0.025159,0.024894,0.024972 warm_reps_s=0.025907,0.024381,0.024399,0.024480,0.024578 lang_reps_s=0.025141,0.025030,0.025009,0.024857,0.025016 warmo_reps_s=0.024970,0.024909,0.024867,0.024880,0.024825 coldo_reps_s=0.025049,0.025009,0.024907,0.024975,0.025000
CTR pieces=388442 one=81188 over15=65833 cold=85452/154370/148620 lc=0/0 memo=0/0 pass=85452/154370/148620 lc=0/0 memo=0/0 warm=81388/165607/141447 lc=0/0 memo=0/0 lang=82570/157662/148210 lc=0/0 memo=0/0 warmo=82570/158560/147312 lc=0/0 memo=0/0 coldo=85452/154370/148620 lc=0/0 memo=0/0
giga  chunk       0  cold    72.6 MB/s | pass    72.5 MB/s | warm   255.4 MB/s | bpe
GIGA tool=gigatoken version=fac0114b37120ec8a76362e9ee8e1c742aaafaef kind=bpe chunk=0 bytes=3129985 calls=1 ids=2306848 cold_s=0.043112 pass_s=0.043147 warm_s=0.012256 lang_s=0.042759 warmo_s=0.012215 coldo_s=0.043046 reps=5 cold_reps=2 load_ms=57 fresh_state_ms=6.580 cache_entries=169455 cache_mib=512 pass_after=other cold_reps_s=0.043806,0.043112 pass_reps_s=0.043147,0.044144,0.043921,0.044724,0.043703 entries_pass=169455 warm_reps_s=0.012337,0.012841,0.012256,0.012469,0.012537 entries_warm=169455 lang_reps_s=0.043790,0.042858,0.043159,0.042974,0.042759 entries_lang=307065 warmo_reps_s=0.012618,0.012231,0.012600,0.012215,0.012447 entries_warmo=307065 coldo_reps_s=0.043070,0.043046
hf    chunk       0      3.42 MB/s   2.521 Mtok/s   915103250 ns/call
REF tool=hf version=0.23.2 chunk=0 bytes=3129985 calls=1 ids=2306848 sha=b493817c6ec0d5e5 s=0.915103 reps=3
FIRSTDIFF none
REF tool=gigatoken chunk=0 ids=2306848 sha=b493817c6ec0d5e5 hf_nopp_ids=2306848 hf_nopp_sha=b493817c6ec0d5e5 same_as_hf_nopp=yes first_diff=none
tikt  chunk       0     16.26 MB/s  11.981 Mtok/s   192539750 ns/call  ids==hf(no post-processor): yes
REF tool=tiktoken version=0.14.0 chunk=0 bytes=3129985 calls=1 ids=2306848 sha=b493817c6ec0d5e5 s=0.192540 reps=3 hf_nopp_ids=2306848 hf_nopp_sha=b493817c6ec0d5e5 same_as_hf_nopp=yes
EXACT yes toks == hf (2306848 b493817c6ec0d5e5)
LOAD after  1.79 2.16 2.33 
== llama3 en chunk 4096
LOAD before  1.79 2.16 2.33 
toks  chunk    4096  cold   261.1 MB/s  62.49 Mtok/s     15787 ns/call | pass   353.9 MB/s | warm 10262.5 MB/s | floor  28208.6 MB/s (memcpy) x_floor     80 | neon
E2E tool=toks tier=neon chunk=4096 bytes=2048653 calls=497 ids=490310 sha=8a0cbbfb1954b8bc cold_s=0.007846 pass_s=0.005788 warm_s=0.000200 lang_s=0.005648 warmo_s=0.000384 coldo_s=0.008369 floor_s=0.000073 floor_v=memcpy floor_xor_s=0.000124 floor_memcpy_s=0.000073 floor_nt_s=0.000127 ghz0=3.640 ghz1=3.648 load_ms=172 scratch_mib=6.37 cache_mib=0 memo_mib=4 reps=5 pass_after=other cold_reps_s=0.007846,0.008262,0.008224,0.008240,0.008206 pass_reps_s=0.005857,0.005866,0.005810,0.005906,0.005788 warm_reps_s=0.000217,0.000217,0.000218,0.000200,0.000200 lang_reps_s=0.005648,0.005870,0.005755,0.005669,0.005675 warmo_reps_s=0.000411,0.000384,0.000414,0.000413,0.000413 coldo_reps_s=0.008370,0.008371,0.008369,0.008394,0.008396
CTR pieces=436979 one=46243 over15=276 cold=392260/7034/37685 lc=0/0 memo=4040064/0 pass=63423/355831/17725 lc=0/0 memo=4040064/0 warm=494/3849/43 lc=0/0 memo=16064/492 lang=58860/360650/17469 lc=0/0 memo=0/0 warmo=2382/6362/707 lc=0/0 memo=73088/486 coldo=392260/7034/37685 lc=0/0 memo=4040064/0
giga  chunk    4096  cold   122.4 MB/s | pass   301.2 MB/s | warm   657.3 MB/s | bpe
GIGA tool=gigatoken version=fac0114b37120ec8a76362e9ee8e1c742aaafaef kind=bpe chunk=4096 bytes=2048653 calls=497 ids=489813 cold_s=0.016741 pass_s=0.006801 warm_s=0.003117 lang_s=0.006292 warmo_s=0.002729 coldo_s=0.018499 reps=5 cold_reps=2 load_ms=201 fresh_state_ms=4.852 cache_entries=142888 cache_mib=512 pass_after=other cold_reps_s=0.016998,0.016741 pass_reps_s=0.006836,0.006805,0.006809,0.006801,0.007175 entries_pass=142888 warm_reps_s=0.003144,0.003119,0.003156,0.003117,0.003152 entries_warm=142888 lang_reps_s=0.006396,0.006344,0.006292,0.006328,0.006307 entries_lang=384447 warmo_reps_s=0.002757,0.002820,0.002756,0.002729,0.002810 entries_warmo=384447 coldo_reps_s=0.019344,0.018499
hf    chunk    4096      5.29 MB/s   1.266 Mtok/s      779489 ns/call
REF tool=hf version=0.23.2 chunk=4096 bytes=2048653 calls=497 ids=490310 sha=8a0cbbfb1954b8bc s=0.387406 reps=3
FIRSTDIFF none
REF tool=gigatoken chunk=4096 ids=489813 sha=c4cf41338a9bbe5c hf_nopp_ids=489813 hf_nopp_sha=c4cf41338a9bbe5c same_as_hf_nopp=yes first_diff=none
tikt  chunk    4096     29.94 MB/s   7.159 Mtok/s      137673 ns/call  ids==hf(no post-processor): yes
REF tool=tiktoken version=0.14.0 chunk=4096 bytes=2048653 calls=497 ids=489813 sha=c4cf41338a9bbe5c s=0.068423 reps=3 hf_nopp_ids=489813 hf_nopp_sha=c4cf41338a9bbe5c same_as_hf_nopp=yes
EXACT yes toks == hf (490310 8a0cbbfb1954b8bc)
LOAD after  1.84 2.15 2.32 
== llama3 en chunk 0
LOAD before  1.84 2.15 2.32 
toks  chunk       0  cold   385.3 MB/s  92.12 Mtok/s   5316458 ns/call | pass   363.0 MB/s | warm   675.0 MB/s | floor  33221.2 MB/s (memcpy) x_floor     92 | neon
E2E tool=toks tier=neon chunk=0 bytes=2048653 calls=1 ids=489751 sha=2f5fe9c564903229 cold_s=0.005316 pass_s=0.005644 warm_s=0.003035 lang_s=0.005571 warmo_s=0.005484 coldo_s=0.005629 floor_s=0.000062 floor_v=memcpy floor_xor_s=0.000129 floor_memcpy_s=0.000062 floor_nt_s=0.000137 ghz0=3.643 ghz1=3.647 load_ms=172 scratch_mib=76.34 cache_mib=0 memo_mib=4 reps=5 pass_after=other cold_reps_s=0.005316,0.005503,0.005482,0.005526,0.005501 pass_reps_s=0.005646,0.005644,0.005800,0.005691,0.005704 warm_reps_s=0.003151,0.003180,0.003035,0.003162,0.003151 lang_reps_s=0.005576,0.005571,0.005620,0.005609,0.005599 warmo_reps_s=0.005526,0.005693,0.005520,0.005487,0.005484 coldo_reps_s=0.005629,0.005727,0.005835,0.005656,0.005632
CTR pieces=436913 one=46243 over15=276 cold=63372/355818/17723 lc=0/0 memo=0/0 pass=63372/355818/17723 lc=0/0 memo=0/0 warm=49685/382758/4470 lc=0/0 memo=0/0 lang=58860/360586/17467 lc=0/0 memo=0/0 warmo=58528/361516/16869 lc=0/0 memo=0/0 coldo=63372/355818/17723 lc=0/0 memo=0/0
giga  chunk       0  cold   293.6 MB/s | pass   312.3 MB/s | warm   675.3 MB/s | bpe
GIGA tool=gigatoken version=fac0114b37120ec8a76362e9ee8e1c742aaafaef kind=bpe chunk=0 bytes=2048653 calls=1 ids=489750 cold_s=0.006979 pass_s=0.006560 warm_s=0.003034 lang_s=0.006257 warmo_s=0.002701 coldo_s=0.006796 reps=5 cold_reps=2 load_ms=201 fresh_state_ms=4.717 cache_entries=142886 cache_mib=512 pass_after=other cold_reps_s=0.006979,0.007636 pass_reps_s=0.006560,0.006654,0.006813,0.006855,0.007033 entries_pass=142886 warm_reps_s=0.003057,0.003034,0.003050,0.003068,0.003057 entries_warm=142886 lang_reps_s=0.006326,0.006310,0.006318,0.006274,0.006257 entries_lang=384445 warmo_reps_s=0.002714,0.002701,0.002710,0.002707,0.002711 entries_warmo=384445 coldo_reps_s=0.006897,0.006796
hf    chunk       0      4.21 MB/s   1.007 Mtok/s   486260083 ns/call
REF tool=hf version=0.23.2 chunk=0 bytes=2048653 calls=1 ids=489751 sha=2f5fe9c564903229 s=0.486260 reps=3
FIRSTDIFF none
REF tool=gigatoken chunk=0 ids=489750 sha=7c17506204cdad8e hf_nopp_ids=489750 hf_nopp_sha=7c17506204cdad8e same_as_hf_nopp=yes first_diff=none
tikt  chunk       0     28.99 MB/s   6.931 Mtok/s    70661084 ns/call  ids==hf(no post-processor): yes
REF tool=tiktoken version=0.14.0 chunk=0 bytes=2048653 calls=1 ids=489750 sha=7c17506204cdad8e s=0.070661 reps=3 hf_nopp_ids=489750 hf_nopp_sha=7c17506204cdad8e same_as_hf_nopp=yes
EXACT yes toks == hf (489751 2f5fe9c564903229)
LOAD after  1.77 2.13 2.31 
== llama3 code chunk 4096
LOAD before  1.77 2.13 2.31 
toks  chunk    4096  cold   358.9 MB/s  86.54 Mtok/s     11495 ns/call | pass   396.7 MB/s | warm 11109.1 MB/s | floor  34229.8 MB/s (memcpy) x_floor     86 | neon
E2E tool=toks tier=neon chunk=4096 bytes=614699 calls=149 ids=148232 sha=0a734bfae0037624 cold_s=0.001713 pass_s=0.001550 warm_s=0.000055 lang_s=0.001496 warmo_s=0.000139 coldo_s=0.001826 floor_s=0.000018 floor_v=memcpy floor_xor_s=0.000040 floor_memcpy_s=0.000018 floor_nt_s=0.000042 ghz0=3.647 ghz1=3.639 load_ms=172 scratch_mib=6.37 cache_mib=0 memo_mib=4 reps=5 pass_after=other cold_reps_s=0.001758,0.001737,0.001725,0.001721,0.001713 pass_reps_s=0.001595,0.001685,0.001550,0.001679,0.001689 warm_reps_s=0.000059,0.000060,0.000055,0.000060,0.000060 lang_reps_s=0.001496,0.001604,0.001626,0.001604,0.001633 warmo_reps_s=0.000150,0.000139,0.000151,0.000151,0.000152 coldo_reps_s=0.001873,0.001931,0.002251,0.001826,0.001939
CTR pieces=136966 one=19496 over15=1570 cold=125869/4425/6672 lc=0/0 memo=1216640/0 pass=28624/104102/4240 lc=0/0 memo=1216640/0 warm=0/0/0 lc=0/0 memo=0/149 lang=24356/108377/4233 lc=0/0 memo=0/0 warmo=1040/3040/243 lc=0/0 memo=23104/144 coldo=125869/4425/6672 lc=0/0 memo=1216640/0
giga  chunk    4096  cold   181.8 MB/s | pass   332.0 MB/s | warm   617.3 MB/s | bpe
GIGA tool=gigatoken version=fac0114b37120ec8a76362e9ee8e1c742aaafaef kind=bpe chunk=4096 bytes=614699 calls=149 ids=148083 cold_s=0.003382 pass_s=0.001852 warm_s=0.000996 lang_s=0.001709 warmo_s=0.000920 coldo_s=0.003426 reps=5 cold_reps=2 load_ms=201 fresh_state_ms=4.650 cache_entries=129162 cache_mib=512 pass_after=other cold_reps_s=0.003469,0.003382 pass_reps_s=0.001952,0.001950,0.001962,0.001934,0.001852 entries_pass=129162 warm_reps_s=0.001029,0.001008,0.001008,0.001026,0.000996 entries_warm=129162 lang_reps_s=0.001984,0.001828,0.001756,0.001735,0.001709 entries_lang=384447 warmo_reps_s=0.000920,0.000955,0.000987,0.000987,0.000984 entries_warmo=384447 coldo_reps_s=0.003450,0.003426
hf    chunk    4096      5.32 MB/s   1.283 Mtok/s      775112 ns/call
REF tool=hf version=0.23.2 chunk=4096 bytes=614699 calls=149 ids=148232 sha=0a734bfae0037624 s=0.115492 reps=3
FIRSTDIFF none
REF tool=gigatoken chunk=4096 ids=148083 sha=8712dc614efb2f75 hf_nopp_ids=148083 hf_nopp_sha=8712dc614efb2f75 same_as_hf_nopp=yes first_diff=none
tikt  chunk    4096     25.98 MB/s   6.258 Mtok/s      158812 ns/call  ids==hf(no post-processor): yes
REF tool=tiktoken version=0.14.0 chunk=4096 bytes=614699 calls=149 ids=148083 sha=8712dc614efb2f75 s=0.023663 reps=3 hf_nopp_ids=148083 hf_nopp_sha=8712dc614efb2f75 same_as_hf_nopp=yes
EXACT yes toks == hf (148232 0a734bfae0037624)
LOAD after  1.88 2.15 2.31 
== llama3 code chunk 0
LOAD before  1.88 2.15 2.31 
toks  chunk       0  cold   434.6 MB/s 104.68 Mtok/s   1414375 ns/call | pass   406.7 MB/s | warm 12674.2 MB/s | floor  40087.3 MB/s (memcpy) x_floor     99 | neon
E2E tool=toks tier=neon chunk=0 bytes=614699 calls=1 ids=148062 sha=eae95eba97787193 cold_s=0.001414 pass_s=0.001512 warm_s=0.000048 lang_s=0.001478 warmo_s=0.001464 coldo_s=0.001508 floor_s=0.000015 floor_v=memcpy floor_xor_s=0.000036 floor_memcpy_s=0.000015 floor_nt_s=0.000038 ghz0=3.636 ghz1=3.645 load_ms=170 scratch_mib=27.11 cache_mib=0 memo_mib=4 reps=5 pass_after=other cold_reps_s=0.001513,0.001441,0.001425,0.001426,0.001414 pass_reps_s=0.001515,0.001512,0.001607,0.001530,0.001545 warm_reps_s=0.000049,0.000053,0.000053,0.000048,0.000050 lang_reps_s=0.001478,0.001571,0.001560,0.001598,0.001546 warmo_reps_s=0.001529,0.001510,0.001616,0.001510,0.001464 coldo_reps_s=0.001508,0.001572,0.001579,0.001633,0.001603
CTR pieces=136942 one=19472 over15=1570 cold=28512/104189/4241 lc=0/0 memo=1207040/0 pass=28512/104189/4241 lc=0/0 memo=1207040/0 warm=0/0/0 lc=0/0 memo=0/1 lang=24332/108376/4234 lc=0/0 memo=0/0 warmo=24255/108531/4156 lc=0/0 memo=0/0 coldo=28512/104189/4241 lc=0/0 memo=1207040/0
giga  chunk       0  cold   346.0 MB/s | pass   326.7 MB/s | warm   634.6 MB/s | bpe
GIGA tool=gigatoken version=fac0114b37120ec8a76362e9ee8e1c742aaafaef kind=bpe chunk=0 bytes=614699 calls=1 ids=148061 cold_s=0.001776 pass_s=0.001881 warm_s=0.000969 lang_s=0.001669 warmo_s=0.000877 coldo_s=0.001990 reps=5 cold_reps=2 load_ms=203 fresh_state_ms=4.748 cache_entries=129163 cache_mib=512 pass_after=other cold_reps_s=0.001870,0.001776 pass_reps_s=0.001881,0.001890,0.001966,0.001891,0.001889 entries_pass=129163 warm_reps_s=0.000970,0.000979,0.001023,0.000969,0.000972 entries_warm=129163 lang_reps_s=0.001786,0.001780,0.001719,0.001710,0.001669 entries_lang=384448 warmo_reps_s=0.000951,0.000945,0.000985,0.000877,0.000950 entries_warmo=384448 coldo_reps_s=0.001990,0.002093
hf    chunk       0      4.50 MB/s   1.084 Mtok/s   136577042 ns/call
REF tool=hf version=0.23.2 chunk=0 bytes=614699 calls=1 ids=148062 sha=eae95eba97787193 s=0.136577 reps=3
FIRSTDIFF none
REF tool=gigatoken chunk=0 ids=148061 sha=c91f5ff500e95a65 hf_nopp_ids=148061 hf_nopp_sha=c91f5ff500e95a65 same_as_hf_nopp=yes first_diff=none
tikt  chunk       0     26.11 MB/s   6.290 Mtok/s    23539417 ns/call  ids==hf(no post-processor): yes
REF tool=tiktoken version=0.14.0 chunk=0 bytes=614699 calls=1 ids=148061 sha=c91f5ff500e95a65 s=0.023539 reps=3 hf_nopp_ids=148061 hf_nopp_sha=c91f5ff500e95a65 same_as_hf_nopp=yes
EXACT yes toks == hf (148062 eae95eba97787193)
LOAD after  1.81 2.13 2.31 
== llama3 ml chunk 4096
LOAD before  1.81 2.13 2.31 
toks  chunk    4096  cold   111.0 MB/s  33.69 Mtok/s     40229 ns/call | pass   177.7 MB/s | warm   302.1 MB/s | floor  29134.8 MB/s (memcpy) x_floor    164 | neon
E2E tool=toks tier=neon chunk=4096 bytes=6443660 calls=1443 ids=1955953 sha=e0c8fe1d00582002 cold_s=0.058050 pass_s=0.036258 warm_s=0.021326 lang_s=0.036022 warmo_s=0.023958 coldo_s=0.058450 floor_s=0.000221 floor_v=memcpy floor_xor_s=0.000410 floor_memcpy_s=0.000221 floor_nt_s=0.000464 ghz0=3.648 ghz1=3.653 load_ms=172 scratch_mib=6.37 cache_mib=0 memo_mib=4 reps=5 pass_after=other cold_reps_s=0.058050,0.058303,0.058595,0.058305,0.058537 pass_reps_s=0.036258,0.036416,0.036378,0.036336,0.036462 warm_reps_s=0.021377,0.021533,0.021326,0.021471,0.021434 lang_reps_s=0.036022,0.036202,0.038383,0.036199,0.036250 warmo_reps_s=0.024023,0.023972,0.024140,0.024035,0.023958 coldo_reps_s=0.058671,0.059106,0.058592,0.058581,0.058450
CTR pieces=1227687 one=148944 over15=32553 cold=819795/92474/315418 lc=0/0 memo=14355072/0 pass=166476/913976/147235 lc=0/0 memo=4072192/0 warm=116102/735540/72900 lc=0/0 memo=4049216/353 lang=163034/917695/146958 lc=0/0 memo=8576/0 warmo=117625/717088/89829 lc=0/0 memo=4049216/353 coldo=819795/92474/315418 lc=0/0 memo=14355072/0
giga  chunk    4096  cold    55.6 MB/s | pass   129.2 MB/s | warm   433.0 MB/s | bpe
GIGA tool=gigatoken version=fac0114b37120ec8a76362e9ee8e1c742aaafaef kind=bpe chunk=4096 bytes=6443660 calls=1443 ids=1954510 cold_s=0.115842 pass_s=0.049872 warm_s=0.014881 lang_s=0.048117 warmo_s=0.015008 coldo_s=0.116470 reps=5 cold_reps=2 load_ms=201 fresh_state_ms=3.885 cache_entries=245051 cache_mib=512 pass_after=other cold_reps_s=0.115842,0.116343 pass_reps_s=0.050550,0.049890,0.049872,0.052590,0.050016 entries_pass=245051 warm_reps_s=0.015168,0.014979,0.014963,0.015088,0.014881 entries_warm=245051 lang_reps_s=0.049266,0.048117,0.048332,0.048622,0.048132 entries_lang=384448 warmo_reps_s=0.015168,0.015067,0.015008,0.015169,0.015111 entries_warmo=384448 coldo_reps_s=0.116908,0.116470
hf    chunk    4096      4.69 MB/s   1.423 Mtok/s      952688 ns/call
REF tool=hf version=0.23.2 chunk=4096 bytes=6443660 calls=1443 ids=1955953 sha=e0c8fe1d00582002 s=1.374729 reps=3
FIRSTDIFF none
REF tool=gigatoken chunk=4096 ids=1954510 sha=aa2ddb9c4ad3cc73 hf_nopp_ids=1954510 hf_nopp_sha=aa2ddb9c4ad3cc73 same_as_hf_nopp=yes first_diff=none
tikt  chunk    4096     22.77 MB/s   6.908 Mtok/s      196074 ns/call  ids==hf(no post-processor): yes
REF tool=tiktoken version=0.14.0 chunk=4096 bytes=6443660 calls=1443 ids=1954510 sha=aa2ddb9c4ad3cc73 s=0.282935 reps=3 hf_nopp_ids=1954510 hf_nopp_sha=aa2ddb9c4ad3cc73 same_as_hf_nopp=yes
EXACT yes toks == hf (1955953 e0c8fe1d00582002)
LOAD after  2.04 2.16 2.31 
== llama3 ml chunk 0
LOAD before  2.04 2.16 2.31 
toks  chunk       0  cold   180.0 MB/s  54.58 Mtok/s  35801083 ns/call | pass   179.2 MB/s | warm   194.6 MB/s | floor  28622.6 MB/s (memcpy) x_floor    160 | neon
E2E tool=toks tier=neon chunk=0 bytes=6443660 calls=1 ids=1953957 sha=4d3f9dcefe76c41b cold_s=0.035801 pass_s=0.035960 warm_s=0.033121 lang_s=0.035803 warmo_s=0.035298 coldo_s=0.035905 floor_s=0.000225 floor_v=memcpy floor_xor_s=0.000419 floor_memcpy_s=0.000225 floor_nt_s=0.000426 ghz0=3.643 ghz1=3.637 load_ms=172 scratch_mib=227.23 cache_mib=0 memo_mib=4 reps=5 pass_after=other cold_reps_s=0.035831,0.035801,0.038533,0.036257,0.035856 pass_reps_s=0.036069,0.036016,0.039522,0.036037,0.035960 warm_reps_s=0.033249,0.033230,0.033603,0.033123,0.033121 lang_reps_s=0.035875,0.035915,0.035958,0.035937,0.035803 warmo_reps_s=0.035438,0.035453,0.035438,0.035307,0.035298 coldo_reps_s=0.036028,0.035942,0.035905,0.035971,0.035944
CTR pieces=1227112 one=148447 over15=32553 cold=165939/913945/147228 lc=0/0 memo=0/0 pass=165939/913945/147228 lc=0/0 memo=0/0 warm=160854/936067/130191 lc=0/0 memo=0/0 lang=162536/917625/146951 lc=0/0 memo=0/0 warmo=162211/921496/143405 lc=0/0 memo=0/0 coldo=165939/913945/147228 lc=0/0 memo=0/0
giga  chunk       0  cold   131.0 MB/s | pass   131.1 MB/s | warm   444.1 MB/s | bpe
GIGA tool=gigatoken version=fac0114b37120ec8a76362e9ee8e1c742aaafaef kind=bpe chunk=0 bytes=6443660 calls=1 ids=1953956 cold_s=0.049191 pass_s=0.049149 warm_s=0.014510 lang_s=0.047564 warmo_s=0.014670 coldo_s=0.049151 reps=5 cold_reps=2 load_ms=205 fresh_state_ms=3.861 cache_entries=245043 cache_mib=512 pass_after=other cold_reps_s=0.050305,0.049191 pass_reps_s=0.049149,0.051459,0.049455,0.049403,0.049514 entries_pass=245043 warm_reps_s=0.014510,0.014717,0.014638,0.014625,0.014623 entries_warm=245043 lang_reps_s=0.048817,0.047871,0.047564,0.047644,0.047583 entries_lang=384440 warmo_reps_s=0.014976,0.014760,0.014781,0.014806,0.014670 entries_warmo=384440 coldo_reps_s=0.049152,0.049151
hf    chunk       0      3.67 MB/s   1.113 Mtok/s  1754912750 ns/call
REF tool=hf version=0.23.2 chunk=0 bytes=6443660 calls=1 ids=1953957 sha=4d3f9dcefe76c41b s=1.754913 reps=3
FIRSTDIFF none
REF tool=gigatoken chunk=0 ids=1953956 sha=f48874f8144a3fef hf_nopp_ids=1953956 hf_nopp_sha=f48874f8144a3fef same_as_hf_nopp=yes first_diff=none
tikt  chunk       0     22.34 MB/s   6.774 Mtok/s   288434875 ns/call  ids==hf(no post-processor): yes
REF tool=tiktoken version=0.14.0 chunk=0 bytes=6443660 calls=1 ids=1953956 sha=f48874f8144a3fef s=0.288435 reps=3 hf_nopp_ids=1953956 hf_nopp_sha=f48874f8144a3fef same_as_hf_nopp=yes
EXACT yes toks == hf (1953957 4d3f9dcefe76c41b)
LOAD after  1.81 2.10 2.29 
== llama3 cjk chunk 4096
LOAD before  1.81 2.10 2.29 
toks  chunk    4096  cold   143.1 MB/s  48.04 Mtok/s     29406 ns/call | pass   148.5 MB/s | warm   358.8 MB/s | floor  30156.3 MB/s (memcpy) x_floor    203 | neon
E2E tool=toks tier=neon chunk=4096 bytes=3129985 calls=744 ids=1051005 sha=6815964c542706e0 cold_s=0.021878 pass_s=0.021074 warm_s=0.008724 lang_s=0.020981 warmo_s=0.009993 coldo_s=0.022255 floor_s=0.000104 floor_v=memcpy floor_xor_s=0.000222 floor_memcpy_s=0.000104 floor_nt_s=0.000233 ghz0=3.648 ghz1=3.644 load_ms=172 scratch_mib=6.37 cache_mib=0 memo_mib=4 reps=5 pass_after=other cold_reps_s=0.021878,0.022072,0.021974,0.022071,0.022150 pass_reps_s=0.021713,0.021278,0.021074,0.021242,0.021206 warm_reps_s=0.008894,0.008797,0.008917,0.008911,0.008724 lang_reps_s=0.021124,0.020981,0.021139,0.021115,0.021099 warmo_reps_s=0.009993,0.010016,0.010050,0.010054,0.010216 coldo_reps_s=0.022404,0.022466,0.022255,0.022440,0.022296
CTR pieces=270599 one=17370 over15=74905 cold=109046/16204/145349 lc=0/0 memo=7380160/0 pass=23633/121003/125963 lc=0/0 memo=4059200/0 warm=610/51696/46940 lc=0/0 memo=0/403 lang=20363/124461/125775 lc=0/0 memo=0/0 warmo=1752/41810/58181 lc=0/0 memo=3352384/400 coldo=109046/16204/145349 lc=0/0 memo=7380160/0
giga  chunk    4096  cold    29.9 MB/s | pass    44.7 MB/s | warm   242.1 MB/s | bpe
GIGA tool=gigatoken version=fac0114b37120ec8a76362e9ee8e1c742aaafaef kind=bpe chunk=4096 bytes=3129985 calls=744 ids=1050261 cold_s=0.104655 pass_s=0.069971 warm_s=0.012930 lang_s=0.068588 warmo_s=0.012144 coldo_s=0.105962 reps=5 cold_reps=2 load_ms=201 fresh_state_ms=4.754 cache_entries=247729 cache_mib=512 pass_after=other cold_reps_s=0.104655,0.105769 pass_reps_s=0.070605,0.069971,0.070178,0.070108,0.070130 entries_pass=247729 warm_reps_s=0.013267,0.012952,0.012930,0.013029,0.012999 entries_warm=247729 lang_reps_s=0.069444,0.068606,0.068615,0.069136,0.068588 entries_lang=384448 warmo_reps_s=0.012403,0.012323,0.012144,0.012349,0.012289 entries_warmo=384448 coldo_reps_s=0.105962,0.107023
hf    chunk    4096      5.63 MB/s   1.891 Mtok/s      747205 ns/call
REF tool=hf version=0.23.2 chunk=4096 bytes=3129985 calls=744 ids=1051005 sha=6815964c542706e0 s=0.555921 reps=3
FIRSTDIFF none
REF tool=gigatoken chunk=4096 ids=1050261 sha=47d15bd498e92e8b hf_nopp_ids=1050261 hf_nopp_sha=47d15bd498e92e8b same_as_hf_nopp=yes first_diff=none
tikt  chunk    4096     22.32 MB/s   7.489 Mtok/s      188504 ns/call  ids==hf(no post-processor): yes
REF tool=tiktoken version=0.14.0 chunk=4096 bytes=3129985 calls=744 ids=1050261 sha=47d15bd498e92e8b s=0.140247 reps=3 hf_nopp_ids=1050261 hf_nopp_sha=47d15bd498e92e8b same_as_hf_nopp=yes
EXACT yes toks == hf (1051005 6815964c542706e0)
LOAD after  1.73 2.06 2.27 
== llama3 cjk chunk 0
LOAD before  1.73 2.06 2.27 
toks  chunk       0  cold   154.7 MB/s  51.90 Mtok/s  20236291 ns/call | pass   150.3 MB/s | warm   167.4 MB/s | floor  18672.5 MB/s (memcpy) x_floor    124 | neon
E2E tool=toks tier=neon chunk=0 bytes=3129985 calls=1 ids=1050182 sha=41c1f65218ae8b08 cold_s=0.020236 pass_s=0.020818 warm_s=0.018697 lang_s=0.020789 warmo_s=0.020672 coldo_s=0.020783 floor_s=0.000168 floor_v=memcpy floor_xor_s=0.000217 floor_memcpy_s=0.000168 floor_nt_s=0.000213 ghz0=3.643 ghz1=3.648 load_ms=172 scratch_mib=113.46 cache_mib=0 memo_mib=4 reps=5 pass_after=other cold_reps_s=0.020236,0.020657,0.020735,0.022247,0.022239 pass_reps_s=0.020877,0.020928,0.021057,0.020963,0.020818 warm_reps_s=0.018886,0.018697,0.018833,0.018720,0.018981 lang_reps_s=0.020866,0.020917,0.021220,0.020844,0.020789 warmo_reps_s=0.020709,0.020672,0.020900,0.020723,0.020798 coldo_reps_s=0.020783,0.020827,0.020996,0.020926,0.020785
CTR pieces=270519 one=17304 over15=74905 cold=23510/121046/125963 lc=0/0 memo=0/0 pass=23510/121046/125963 lc=0/0 memo=0/0 warm=18627/148383/103509 lc=0/0 memo=0/0 lang=20297/124447/125775 lc=0/0 memo=0/0 warmo=20244/125671/124604 lc=0/0 memo=0/0 coldo=23510/121046/125963 lc=0/0 memo=0/0
giga  chunk       0  cold    44.5 MB/s | pass    45.0 MB/s | warm   243.5 MB/s | bpe
GIGA tool=gigatoken version=fac0114b37120ec8a76362e9ee8e1c742aaafaef kind=bpe chunk=0 bytes=3129985 calls=1 ids=1050181 cold_s=0.070268 pass_s=0.069629 warm_s=0.012856 lang_s=0.068437 warmo_s=0.012076 coldo_s=0.069732 reps=5 cold_reps=2 load_ms=201 fresh_state_ms=4.752 cache_entries=247729 cache_mib=512 pass_after=other cold_reps_s=0.070268,0.072252 pass_reps_s=0.069629,0.069863,0.069873,0.070235,0.069800 entries_pass=247729 warm_reps_s=0.013077,0.013099,0.012943,0.012988,0.012856 entries_warm=247729 lang_reps_s=0.069122,0.071058,0.068571,0.068600,0.068437 entries_lang=384448 warmo_reps_s=0.012374,0.012297,0.012142,0.012124,0.012076 entries_warmo=384448 coldo_reps_s=0.069732,0.069816
hf    chunk       0      4.47 MB/s   1.501 Mtok/s   699813167 ns/call
REF tool=hf version=0.23.2 chunk=0 bytes=3129985 calls=1 ids=1050182 sha=41c1f65218ae8b08 s=0.699813 reps=3
FIRSTDIFF none
REF tool=gigatoken chunk=0 ids=1050181 sha=3ba795d487ee20f0 hf_nopp_ids=1050181 hf_nopp_sha=3ba795d487ee20f0 same_as_hf_nopp=yes first_diff=none
tikt  chunk       0     21.77 MB/s   7.304 Mtok/s   143779918 ns/call  ids==hf(no post-processor): yes
REF tool=tiktoken version=0.14.0 chunk=0 bytes=3129985 calls=1 ids=1050181 sha=3ba795d487ee20f0 s=0.143780 reps=3 hf_nopp_ids=1050181 hf_nopp_sha=3ba795d487ee20f0 same_as_hf_nopp=yes
EXACT yes toks == hf (1050182 41c1f65218ae8b08)
LOAD after  1.76 2.06 2.26 
== glm53 en chunk 4096
LOAD before  1.76 2.06 2.26 
toks  chunk    4096  cold   273.2 MB/s  65.30 Mtok/s     15090 ns/call | pass   337.6 MB/s | warm  9969.1 MB/s | floor  34771.8 MB/s (memcpy) x_floor    103 | neon
E2E tool=toks tier=neon chunk=4096 bytes=2048653 calls=497 ids=489695 sha=2e4a4b239bbd0e76 cold_s=0.007500 pass_s=0.006068 warm_s=0.000206 lang_s=0.005851 warmo_s=0.000258 coldo_s=0.008231 floor_s=0.000059 floor_v=memcpy floor_xor_s=0.000134 floor_memcpy_s=0.000059 floor_nt_s=0.000137 ghz0=3.640 ghz1=3.653 load_ms=209 scratch_mib=6.37 cache_mib=0 memo_mib=4 reps=5 pass_after=other cold_reps_s=0.007500,0.007823,0.007823,0.007842,0.007825 pass_reps_s=0.006074,0.006187,0.006208,0.006080,0.006068 warm_reps_s=0.000223,0.000212,0.000206,0.000222,0.000222 lang_reps_s=0.005851,0.005865,0.005872,0.005919,0.005995 warmo_reps_s=0.000359,0.000258,0.000274,0.000274,0.000277 coldo_reps_s=0.008231,0.008263,0.008247,0.008281,0.008290
CTR pieces=436979 one=46243 over15=276 cold=395077/6401/35501 lc=0/0 memo=4039424/0 pass=63982/355804/17193 lc=0/0 memo=4039424/0 warm=576/4658/44 lc=0/0 memo=16192/491 lang=59433/360619/16927 lc=0/0 memo=0/0 warmo=956/2435/175 lc=0/0 memo=0/493 coldo=395077/6401/35501 lc=0/0 memo=4039424/0
giga  chunk    4096  cold   110.9 MB/s | pass   265.1 MB/s | warm   538.4 MB/s | bpe
GIGA tool=gigatoken version=fac0114b37120ec8a76362e9ee8e1c742aaafaef kind=bpe chunk=4096 bytes=2048653 calls=497 ids=489695 cold_s=0.018478 pass_s=0.007726 warm_s=0.003805 lang_s=0.007069 warmo_s=0.003376 coldo_s=0.018779 reps=5 cold_reps=2 load_ms=239 fresh_state_ms=5.809 cache_entries=168929 cache_mib=512 pass_after=other cold_reps_s=0.018782,0.018478 pass_reps_s=0.007872,0.008362,0.007880,0.008137,0.007726 entries_pass=168929 warm_reps_s=0.003901,0.003952,0.004010,0.003805,0.003922 entries_warm=168929 lang_reps_s=0.007217,0.007553,0.007134,0.007069,0.007231 entries_lang=410695 warmo_reps_s=0.003521,0.003417,0.003528,0.003424,0.003376 entries_warmo=410695 coldo_reps_s=0.019698,0.018779
hf    chunk    4096      5.46 MB/s   1.305 Mtok/s      754748 ns/call
REF tool=hf version=0.23.2 chunk=4096 bytes=2048653 calls=497 ids=489695 sha=2e4a4b239bbd0e76 s=0.375110 reps=3
FIRSTDIFF none
REF tool=gigatoken chunk=4096 ids=489695 sha=2e4a4b239bbd0e76 hf_nopp_ids=489695 hf_nopp_sha=2e4a4b239bbd0e76 same_as_hf_nopp=yes first_diff=none
tikt  chunk    4096     29.66 MB/s   7.090 Mtok/s      138974 ns/call  ids==hf(no post-processor): yes
REF tool=tiktoken version=0.14.0 chunk=4096 bytes=2048653 calls=497 ids=489695 sha=2e4a4b239bbd0e76 s=0.069070 reps=3 hf_nopp_ids=489695 hf_nopp_sha=2e4a4b239bbd0e76 same_as_hf_nopp=yes
EXACT yes toks == hf (489695 2e4a4b239bbd0e76)
LOAD after  1.83 2.05 2.26 
== glm53 en chunk 0
LOAD before  1.83 2.05 2.26 
toks  chunk       0  cold   387.4 MB/s  92.59 Mtok/s   5287959 ns/call | pass   347.5 MB/s | warm   691.3 MB/s | floor  25344.0 MB/s (memcpy) x_floor     73 | neon
E2E tool=toks tier=neon chunk=0 bytes=2048653 calls=1 ids=489632 sha=915310729d0c10c7 cold_s=0.005288 pass_s=0.005896 warm_s=0.002964 lang_s=0.005754 warmo_s=0.005678 coldo_s=0.005903 floor_s=0.000081 floor_v=memcpy floor_xor_s=0.000131 floor_memcpy_s=0.000081 floor_nt_s=0.000137 ghz0=3.642 ghz1=3.641 load_ms=209 scratch_mib=76.34 cache_mib=0 memo_mib=4 reps=5 pass_after=other cold_reps_s=0.005288,0.005458,0.005351,0.005656,0.005435 pass_reps_s=0.005896,0.005898,0.006045,0.006722,0.006074 warm_reps_s=0.003139,0.003143,0.002964,0.003212,0.003132 lang_reps_s=0.005754,0.005826,0.005817,0.005829,0.005836 warmo_reps_s=0.005699,0.005706,0.005740,0.005678,0.005727 coldo_reps_s=0.005918,0.005954,0.005903,0.006036,0.006059
CTR pieces=436913 one=46243 over15=276 cold=63930/355792/17191 lc=0/0 memo=0/0 pass=63930/355792/17191 lc=0/0 memo=0/0 warm=49874/382754/4285 lc=0/0 memo=0/0 lang=59433/360555/16925 lc=0/0 memo=0/0 warmo=59090/361445/16378 lc=0/0 memo=0/0 coldo=63930/355792/17191 lc=0/0 memo=0/0
giga  chunk       0  cold   271.7 MB/s | pass   272.2 MB/s | warm   552.8 MB/s | bpe
GIGA tool=gigatoken version=fac0114b37120ec8a76362e9ee8e1c742aaafaef kind=bpe chunk=0 bytes=2048653 calls=1 ids=489632 cold_s=0.007539 pass_s=0.007526 warm_s=0.003706 lang_s=0.006982 warmo_s=0.003252 coldo_s=0.007492 reps=5 cold_reps=2 load_ms=235 fresh_state_ms=5.962 cache_entries=168927 cache_mib=512 pass_after=other cold_reps_s=0.007751,0.007539 pass_reps_s=0.007656,0.007526,0.007665,0.007652,0.007550 entries_pass=168927 warm_reps_s=0.003811,0.003761,0.003711,0.003706,0.003836 entries_warm=168927 lang_reps_s=0.007037,0.007017,0.007113,0.007031,0.006982 entries_lang=410693 warmo_reps_s=0.003355,0.003252,0.003337,0.003357,0.003337 entries_warmo=410693 coldo_reps_s=0.007492,0.008147
hf    chunk       0      4.33 MB/s   1.035 Mtok/s   473218124 ns/call
REF tool=hf version=0.23.2 chunk=0 bytes=2048653 calls=1 ids=489632 sha=915310729d0c10c7 s=0.473218 reps=3
FIRSTDIFF none
REF tool=gigatoken chunk=0 ids=489632 sha=915310729d0c10c7 hf_nopp_ids=489632 hf_nopp_sha=915310729d0c10c7 same_as_hf_nopp=yes first_diff=none
tikt  chunk       0     29.81 MB/s   7.124 Mtok/s    68734624 ns/call  ids==hf(no post-processor): yes
REF tool=tiktoken version=0.14.0 chunk=0 bytes=2048653 calls=1 ids=489632 sha=915310729d0c10c7 s=0.068735 reps=3 hf_nopp_ids=489632 hf_nopp_sha=915310729d0c10c7 same_as_hf_nopp=yes
EXACT yes toks == hf (489632 915310729d0c10c7)
LOAD after  1.85 2.05 2.25 
== glm53 code chunk 4096
LOAD before  1.85 2.05 2.25 
toks  chunk    4096  cold   362.6 MB/s  87.60 Mtok/s     11376 ns/call | pass   367.2 MB/s | warm  7175.4 MB/s | floor  32931.5 MB/s (memcpy) x_floor     90 | neon
E2E tool=toks tier=neon chunk=4096 bytes=614699 calls=149 ids=148482 sha=f11686ca81bb6167 cold_s=0.001695 pass_s=0.001674 warm_s=0.000086 lang_s=0.001605 warmo_s=0.000209 coldo_s=0.001851 floor_s=0.000019 floor_v=memcpy floor_xor_s=0.000040 floor_memcpy_s=0.000019 floor_nt_s=0.000042 ghz0=3.624 ghz1=3.642 load_ms=209 scratch_mib=6.37 cache_mib=0 memo_mib=4 reps=5 pass_after=other cold_reps_s=0.001746,0.001764,0.001728,0.001695,0.001751 pass_reps_s=0.001787,0.001675,0.001719,0.001710,0.001674 warm_reps_s=0.000093,0.000086,0.000086,0.000092,0.000086 lang_reps_s=0.001736,0.001725,0.001605,0.001667,0.001730 warmo_reps_s=0.000224,0.000221,0.000209,0.000224,0.000232 coldo_reps_s=0.001936,0.001851,0.001894,0.001987,0.001853
CTR pieces=136966 one=19496 over15=1570 cold=126259/4110/6597 lc=0/0 memo=1218368/0 pass=28561/104077/4328 lc=0/0 memo=1218368/0 warm=0/0/0 lc=0/0 memo=0/149 lang=24406/108348/4212 lc=0/0 memo=0/0 warmo=1262/4362/282 lc=0/0 memo=38400/142 coldo=126259/4110/6597 lc=0/0 memo=1218368/0
giga  chunk    4096  cold   159.8 MB/s | pass   276.2 MB/s | warm   486.7 MB/s | bpe
GIGA tool=gigatoken version=fac0114b37120ec8a76362e9ee8e1c742aaafaef kind=bpe chunk=4096 bytes=614699 calls=149 ids=148482 cold_s=0.003847 pass_s=0.002226 warm_s=0.001263 lang_s=0.001949 warmo_s=0.001133 coldo_s=0.003889 reps=5 cold_reps=2 load_ms=235 fresh_state_ms=5.953 cache_entries=155400 cache_mib=512 pass_after=other cold_reps_s=0.003847,0.003939 pass_reps_s=0.002237,0.002238,0.002226,0.002235,0.002267 entries_pass=155400 warm_reps_s=0.001263,0.001264,0.001264,0.001268,0.001264 entries_warm=155400 lang_reps_s=0.001949,0.002054,0.001995,0.001974,0.002103 entries_lang=410695 warmo_reps_s=0.001158,0.001133,0.001199,0.001211,0.001196 entries_warmo=410695 coldo_reps_s=0.003889,0.004120
hf    chunk    4096      5.29 MB/s   1.279 Mtok/s      779444 ns/call
REF tool=hf version=0.23.2 chunk=4096 bytes=614699 calls=149 ids=148482 sha=f11686ca81bb6167 s=0.116137 reps=3
FIRSTDIFF none
REF tool=gigatoken chunk=4096 ids=148482 sha=f11686ca81bb6167 hf_nopp_ids=148482 hf_nopp_sha=f11686ca81bb6167 same_as_hf_nopp=yes first_diff=none
tikt  chunk    4096     25.81 MB/s   6.235 Mtok/s      159834 ns/call  ids==hf(no post-processor): yes
REF tool=tiktoken version=0.14.0 chunk=4096 bytes=614699 calls=149 ids=148482 sha=f11686ca81bb6167 s=0.023815 reps=3 hf_nopp_ids=148482 hf_nopp_sha=f11686ca81bb6167 same_as_hf_nopp=yes
EXACT yes toks == hf (148482 f11686ca81bb6167)
LOAD after  1.78 2.03 2.25 
== glm53 code chunk 0
LOAD before  1.78 2.03 2.25 
toks  chunk       0  cold   429.0 MB/s 103.61 Mtok/s   1432834 ns/call | pass   376.1 MB/s | warm  7732.1 MB/s | floor  36790.7 MB/s (memcpy) x_floor     98 | neon
E2E tool=toks tier=neon chunk=0 bytes=614699 calls=1 ids=148460 sha=1083e757a9fec451 cold_s=0.001433 pass_s=0.001634 warm_s=0.000080 lang_s=0.001621 warmo_s=0.001571 coldo_s=0.001645 floor_s=0.000017 floor_v=memcpy floor_xor_s=0.000038 floor_memcpy_s=0.000017 floor_nt_s=0.000041 ghz0=3.646 ghz1=3.644 load_ms=209 scratch_mib=27.11 cache_mib=0 memo_mib=4 reps=5 pass_after=other cold_reps_s=0.001530,0.001478,0.001445,0.001438,0.001433 pass_reps_s=0.001753,0.001762,0.001634,0.001996,0.001652 warm_reps_s=0.000086,0.000086,0.000081,0.000088,0.000080 lang_reps_s=0.001621,0.001635,0.001661,0.001665,0.001713 warmo_reps_s=0.001580,0.001571,0.001688,0.001704,0.001692 coldo_reps_s=0.001770,0.001757,0.001752,0.001645,0.001648
CTR pieces=136942 one=19472 over15=1570 cold=28449/104164/4329 lc=0/0 memo=1208576/0 pass=28449/104164/4329 lc=0/0 memo=1208576/0 warm=0/0/0 lc=0/0 memo=0/1 lang=24382/108347/4213 lc=0/0 memo=0/0 warmo=24308/108502/4132 lc=0/0 memo=0/0 coldo=28449/104164/4329 lc=0/0 memo=1208576/0
giga  chunk       0  cold   297.2 MB/s | pass   283.3 MB/s | warm   524.9 MB/s | bpe
GIGA tool=gigatoken version=fac0114b37120ec8a76362e9ee8e1c742aaafaef kind=bpe chunk=0 bytes=614699 calls=1 ids=148460 cold_s=0.002069 pass_s=0.002170 warm_s=0.001171 lang_s=0.001991 warmo_s=0.001107 coldo_s=0.002152 reps=5 cold_reps=2 load_ms=237 fresh_state_ms=5.841 cache_entries=155401 cache_mib=512 pass_after=other cold_reps_s=0.002287,0.002069 pass_reps_s=0.002170,0.002181,0.002228,0.002173,0.002214 entries_pass=155401 warm_reps_s=0.001234,0.001221,0.001221,0.001225,0.001171 entries_warm=155401 lang_reps_s=0.002005,0.002043,0.002051,0.001991,0.002008 entries_lang=410696 warmo_reps_s=0.001177,0.001159,0.001161,0.001107,0.001173 entries_warmo=410696 coldo_reps_s=0.002160,0.002152
hf    chunk       0      4.75 MB/s   1.148 Mtok/s   129298750 ns/call
REF tool=hf version=0.23.2 chunk=0 bytes=614699 calls=1 ids=148460 sha=1083e757a9fec451 s=0.129299 reps=3
FIRSTDIFF none
REF tool=gigatoken chunk=0 ids=148460 sha=1083e757a9fec451 hf_nopp_ids=148460 hf_nopp_sha=1083e757a9fec451 same_as_hf_nopp=yes first_diff=none
tikt  chunk       0     26.00 MB/s   6.279 Mtok/s    23644625 ns/call  ids==hf(no post-processor): yes
REF tool=tiktoken version=0.14.0 chunk=0 bytes=614699 calls=1 ids=148460 sha=1083e757a9fec451 s=0.023645 reps=3 hf_nopp_ids=148460 hf_nopp_sha=1083e757a9fec451 same_as_hf_nopp=yes
EXACT yes toks == hf (148460 1083e757a9fec451)
LOAD after  1.81 2.03 2.24 
== glm53 ml chunk 4096
LOAD before  1.81 2.03 2.24 
toks  chunk    4096  cold   115.8 MB/s  34.97 Mtok/s     38552 ns/call | pass   177.7 MB/s | warm   306.0 MB/s | floor  29112.8 MB/s (memcpy) x_floor    164 | neon
E2E tool=toks tier=neon chunk=4096 bytes=6443660 calls=1443 ids=1945324 sha=6f91c21bf190cd34 cold_s=0.055631 pass_s=0.036264 warm_s=0.021055 lang_s=0.035943 warmo_s=0.023748 coldo_s=0.056079 floor_s=0.000221 floor_v=memcpy floor_xor_s=0.000411 floor_memcpy_s=0.000221 floor_nt_s=0.000462 ghz0=3.640 ghz1=3.642 load_ms=209 scratch_mib=6.37 cache_mib=0 memo_mib=4 reps=5 pass_after=other cold_reps_s=0.055631,0.055808,0.055883,0.058157,0.056712 pass_reps_s=0.036302,0.036264,0.036276,0.036399,0.036458 warm_reps_s=0.021080,0.021167,0.021185,0.021165,0.021055 lang_reps_s=0.036111,0.036049,0.036044,0.036051,0.035943 warmo_reps_s=0.023955,0.023855,0.023748,0.023758,0.023919 coldo_reps_s=0.056272,0.056079,0.056198,0.056179,0.056244
CTR pieces=1227687 one=148944 over15=32553 cold=836555/92672/298460 lc=0/0 memo=14318336/0 pass=167455/914091/146141 lc=0/0 memo=4072320/0 warm=117582/737089/72582 lc=0/0 memo=4053824/350 lang=164461/917654/145572 lc=0/0 memo=9536/0 warmo=119798/718391/89064 lc=0/0 memo=4053824/350 coldo=836555/92672/298460 lc=0/0 memo=14318336/0
giga  chunk    4096  cold    52.9 MB/s | pass   125.6 MB/s | warm   400.8 MB/s | bpe
GIGA tool=gigatoken version=fac0114b37120ec8a76362e9ee8e1c742aaafaef kind=bpe chunk=4096 bytes=6443660 calls=1443 ids=1945324 cold_s=0.121699 pass_s=0.051302 warm_s=0.016077 lang_s=0.048114 warmo_s=0.016435 coldo_s=0.123167 reps=5 cold_reps=2 load_ms=241 fresh_state_ms=4.782 cache_entries=271785 cache_mib=512 pass_after=other cold_reps_s=0.121699,0.122911 pass_reps_s=0.051822,0.053850,0.051383,0.051563,0.051302 entries_pass=271785 warm_reps_s=0.016237,0.016259,0.016182,0.016097,0.016077 entries_warm=271785 lang_reps_s=0.048297,0.048497,0.048506,0.048114,0.048120 entries_lang=410696 warmo_reps_s=0.016561,0.016550,0.016435,0.016477,0.016450 entries_warmo=410696 coldo_reps_s=0.123167,0.123175
hf    chunk    4096      4.87 MB/s   1.469 Mtok/s      917542 ns/call
REF tool=hf version=0.23.2 chunk=4096 bytes=6443660 calls=1443 ids=1945324 sha=6f91c21bf190cd34 s=1.324012 reps=3
FIRSTDIFF none
REF tool=gigatoken chunk=4096 ids=1945324 sha=6f91c21bf190cd34 hf_nopp_ids=1945324 hf_nopp_sha=6f91c21bf190cd34 same_as_hf_nopp=yes first_diff=none
tikt  chunk    4096     22.51 MB/s   6.797 Mtok/s      198341 ns/call  ids==hf(no post-processor): yes
REF tool=tiktoken version=0.14.0 chunk=4096 bytes=6443660 calls=1443 ids=1945324 sha=6f91c21bf190cd34 s=0.286206 reps=3 hf_nopp_ids=1945324 hf_nopp_sha=6f91c21bf190cd34 same_as_hf_nopp=yes
EXACT yes toks == hf (1945324 6f91c21bf190cd34)
LOAD after  1.90 2.03 2.23 
== glm53 ml chunk 0
LOAD before  1.90 2.03 2.23 
toks  chunk       0  cold   182.3 MB/s  55.02 Mtok/s  35349583 ns/call | pass   180.4 MB/s | warm   196.2 MB/s | floor  28313.3 MB/s (memcpy) x_floor    157 | neon
E2E tool=toks tier=neon chunk=0 bytes=6443660 calls=1 ids=1944767 sha=5f7b831b59051e42 cold_s=0.035350 pass_s=0.035711 warm_s=0.032848 lang_s=0.035665 warmo_s=0.035176 coldo_s=0.035546 floor_s=0.000228 floor_v=memcpy floor_xor_s=0.000433 floor_memcpy_s=0.000228 floor_nt_s=0.000425 ghz0=3.652 ghz1=3.641 load_ms=209 scratch_mib=227.23 cache_mib=0 memo_mib=4 reps=5 pass_after=other cold_reps_s=0.035431,0.035350,0.035514,0.035480,0.035493 pass_reps_s=0.035873,0.035806,0.035711,0.036294,0.035916 warm_reps_s=0.032848,0.032878,0.032965,0.033010,0.032927 lang_reps_s=0.035796,0.035665,0.035746,0.035896,0.035694 warmo_reps_s=0.035176,0.035208,0.035773,0.035346,0.035258 coldo_reps_s=0.035773,0.035800,0.035546,0.035775,0.035776
CTR pieces=1227112 one=148447 over15=32553 cold=166918/914062/146132 lc=0/0 memo=0/0 pass=166918/914062/146132 lc=0/0 memo=0/0 warm=161688/935993/129431 lc=0/0 memo=0/0 lang=163966/917582/145564 lc=0/0 memo=0/0 warmo=163568/921279/142265 lc=0/0 memo=0/0 coldo=166918/914062/146132 lc=0/0 memo=0/0
giga  chunk       0  cold   123.1 MB/s | pass   128.1 MB/s | warm   408.7 MB/s | bpe
GIGA tool=gigatoken version=fac0114b37120ec8a76362e9ee8e1c742aaafaef kind=bpe chunk=0 bytes=6443660 calls=1 ids=1944767 cold_s=0.052357 pass_s=0.050299 warm_s=0.015766 lang_s=0.047738 warmo_s=0.016098 coldo_s=0.050363 reps=5 cold_reps=2 load_ms=236 fresh_state_ms=4.731 cache_entries=271775 cache_mib=512 pass_after=other cold_reps_s=0.052775,0.052357 pass_reps_s=0.050299,0.050706,0.050774,0.050626,0.050720 entries_pass=271775 warm_reps_s=0.015875,0.015803,0.015928,0.015766,0.015948 entries_warm=271775 lang_reps_s=0.048114,0.048249,0.048240,0.050570,0.047738 entries_lang=410686 warmo_reps_s=0.016179,0.016111,0.016100,0.016103,0.016098 entries_warmo=410686 coldo_reps_s=0.050572,0.050363
hf    chunk       0      3.78 MB/s   1.139 Mtok/s  1706735499 ns/call
REF tool=hf version=0.23.2 chunk=0 bytes=6443660 calls=1 ids=1944767 sha=5f7b831b59051e42 s=1.706735 reps=3
FIRSTDIFF none
REF tool=gigatoken chunk=0 ids=1944767 sha=5f7b831b59051e42 hf_nopp_ids=1944767 hf_nopp_sha=5f7b831b59051e42 same_as_hf_nopp=yes first_diff=none
tikt  chunk       0     22.08 MB/s   6.665 Mtok/s   291779959 ns/call  ids==hf(no post-processor): yes
REF tool=tiktoken version=0.14.0 chunk=0 bytes=6443660 calls=1 ids=1944767 sha=5f7b831b59051e42 s=0.291780 reps=3 hf_nopp_ids=1944767 hf_nopp_sha=5f7b831b59051e42 same_as_hf_nopp=yes
EXACT yes toks == hf (1944767 5f7b831b59051e42)
LOAD after  1.91 2.02 2.23 
== glm53 cjk chunk 4096
LOAD before  1.91 2.02 2.23 
toks  chunk    4096  cold   125.7 MB/s  40.28 Mtok/s     33467 ns/call | pass   129.1 MB/s | warm   323.4 MB/s | floor  27566.8 MB/s (memcpy) x_floor    214 | neon
E2E tool=toks tier=neon chunk=4096 bytes=3129985 calls=744 ids=1002914 sha=1764b73c295a2ed6 cold_s=0.024900 pass_s=0.024253 warm_s=0.009677 lang_s=0.024023 warmo_s=0.011268 coldo_s=0.025452 floor_s=0.000114 floor_v=memcpy floor_xor_s=0.000218 floor_memcpy_s=0.000114 floor_nt_s=0.000240 ghz0=3.642 ghz1=3.530 load_ms=209 scratch_mib=6.37 cache_mib=0 memo_mib=4 reps=5 pass_after=other cold_reps_s=0.024900,0.025267,0.025319,0.025244,0.025441 pass_reps_s=0.024253,0.024346,0.024270,0.024372,0.024420 warm_reps_s=0.009777,0.009709,0.009706,0.009713,0.009677 lang_reps_s=0.024867,0.024169,0.024226,0.024023,0.024091 warmo_reps_s=0.011348,0.011402,0.011329,0.011268,0.012085 coldo_reps_s=0.025475,0.025626,0.025452,0.025631,0.025620
CTR pieces=270599 one=17370 over15=74905 cold=111387/14808/144404 lc=0/0 memo=7190592/0 pass=23825/121283/125491 lc=0/0 memo=4063040/0 warm=554/51639/44627 lc=0/0 memo=0/410 lang=20850/124637/125112 lc=0/0 memo=0/0 warmo=1780/41003/56430 lc=0/0 memo=3184320/405 coldo=111387/14808/144404 lc=0/0 memo=7190592/0
giga  chunk    4096  cold    28.2 MB/s | pass    41.6 MB/s | warm   252.3 MB/s | bpe
GIGA tool=gigatoken version=fac0114b37120ec8a76362e9ee8e1c742aaafaef kind=bpe chunk=4096 bytes=3129985 calls=744 ids=1002914 cold_s=0.111084 pass_s=0.075226 warm_s=0.012404 lang_s=0.072264 warmo_s=0.012335 coldo_s=0.112414 reps=5 cold_reps=2 load_ms=236 fresh_state_ms=4.680 cache_entries=273920 cache_mib=512 pass_after=other cold_reps_s=0.111084,0.112556 pass_reps_s=0.079835,0.075640,0.075226,0.075246,0.075372 entries_pass=273920 warm_reps_s=0.012602,0.012606,0.012404,0.012627,0.012474 entries_warm=273920 lang_reps_s=0.073004,0.072264,0.072474,0.072498,0.073803 entries_lang=410696 warmo_reps_s=0.012464,0.012335,0.012628,0.012470,0.012703 entries_warmo=410696 coldo_reps_s=0.112427,0.112414
hf    chunk    4096      5.81 MB/s   1.861 Mtok/s      724192 ns/call
REF tool=hf version=0.23.2 chunk=4096 bytes=3129985 calls=744 ids=1002914 sha=1764b73c295a2ed6 s=0.538799 reps=3
FIRSTDIFF none
REF tool=gigatoken chunk=4096 ids=1002914 sha=1764b73c295a2ed6 hf_nopp_ids=1002914 hf_nopp_sha=1764b73c295a2ed6 same_as_hf_nopp=yes first_diff=none
tikt  chunk    4096     21.36 MB/s   6.843 Mtok/s      196985 ns/call  ids==hf(no post-processor): yes
REF tool=tiktoken version=0.14.0 chunk=4096 bytes=3129985 calls=744 ids=1002914 sha=1764b73c295a2ed6 s=0.146557 reps=3 hf_nopp_ids=1002914 hf_nopp_sha=1764b73c295a2ed6 same_as_hf_nopp=yes
EXACT yes toks == hf (1002914 1764b73c295a2ed6)
LOAD after  1.73 1.97 2.20 
== glm53 cjk chunk 0
LOAD before  1.73 1.97 2.20 
toks  chunk       0  cold   134.7 MB/s  43.17 Mtok/s  23228708 ns/call | pass   130.9 MB/s | warm   145.8 MB/s | floor  26771.2 MB/s (memcpy) x_floor    204 | neon
E2E tool=toks tier=neon chunk=0 bytes=3129985 calls=1 ids=1002834 sha=2d19d494e265f5ff cold_s=0.023229 pass_s=0.023903 warm_s=0.021470 lang_s=0.023776 warmo_s=0.023794 coldo_s=0.023819 floor_s=0.000117 floor_v=memcpy floor_xor_s=0.000215 floor_memcpy_s=0.000117 floor_nt_s=0.000228 ghz0=3.648 ghz1=3.645 load_ms=209 scratch_mib=113.46 cache_mib=0 memo_mib=4 reps=5 pass_after=other cold_reps_s=0.023229,0.023888,0.023811,0.023654,0.023780 pass_reps_s=0.024131,0.023968,0.024081,0.023903,0.024066 warm_reps_s=0.021558,0.021565,0.021475,0.021494,0.021470 lang_reps_s=0.024062,0.023930,0.023776,0.023818,0.023784 warmo_reps_s=0.023794,0.023802,0.023927,0.023927,0.023830 coldo_reps_s=0.023899,0.023819,0.023998,0.024039,0.023927
CTR pieces=270519 one=17304 over15=74905 cold=23707/121321/125491 lc=0/0 memo=0/0 pass=23707/121321/125491 lc=0/0 memo=0/0 warm=18824/149108/102587 lc=0/0 memo=0/0 lang=20784/124623/125112 lc=0/0 memo=0/0 warmo=20723/125850/123946 lc=0/0 memo=0/0 coldo=23707/121321/125491 lc=0/0 memo=0/0
giga  chunk       0  cold    42.1 MB/s | pass    41.8 MB/s | warm   256.4 MB/s | bpe
GIGA tool=gigatoken version=fac0114b37120ec8a76362e9ee8e1c742aaafaef kind=bpe chunk=0 bytes=3129985 calls=1 ids=1002834 cold_s=0.074353 pass_s=0.074903 warm_s=0.012207 lang_s=0.071801 warmo_s=0.012249 coldo_s=0.074653 reps=5 cold_reps=2 load_ms=235 fresh_state_ms=4.782 cache_entries=273920 cache_mib=512 pass_after=other cold_reps_s=0.075821,0.074353 pass_reps_s=0.075052,0.075204,0.078783,0.075024,0.074903 entries_pass=273920 warm_reps_s=0.012505,0.012247,0.012450,0.012207,0.012218 entries_warm=273920 lang_reps_s=0.072460,0.071801,0.072002,0.071805,0.072433 entries_lang=410696 warmo_reps_s=0.012369,0.012249,0.012364,0.012259,0.012526 entries_warmo=410696 coldo_reps_s=0.074717,0.074653
hf    chunk       0      4.65 MB/s   1.488 Mtok/s   673738959 ns/call
REF tool=hf version=0.23.2 chunk=0 bytes=3129985 calls=1 ids=1002834 sha=2d19d494e265f5ff s=0.673739 reps=3
FIRSTDIFF none
REF tool=gigatoken chunk=0 ids=1002834 sha=2d19d494e265f5ff hf_nopp_ids=1002834 hf_nopp_sha=2d19d494e265f5ff same_as_hf_nopp=yes first_diff=none
tikt  chunk       0     20.98 MB/s   6.723 Mtok/s   149165958 ns/call  ids==hf(no post-processor): yes
REF tool=tiktoken version=0.14.0 chunk=0 bytes=3129985 calls=1 ids=1002834 sha=2d19d494e265f5ff s=0.149166 reps=3 hf_nopp_ids=1002834 hf_nopp_sha=2d19d494e265f5ff same_as_hf_nopp=yes
EXACT yes toks == hf (1002834 2d19d494e265f5ff)
LOAD after  1.68 1.96 2.19 
== qwen38 en chunk 4096
LOAD before  1.68 1.96 2.19 
toks  chunk    4096  cold   259.8 MB/s  62.80 Mtok/s     15864 ns/call | pass   335.9 MB/s | warm 10523.9 MB/s | floor  25959.6 MB/s (memcpy) x_floor     77 | neon
E2E tool=toks tier=neon chunk=4096 bytes=2048653 calls=497 ids=495170 sha=a0c357031c76f61f cold_s=0.007884 pass_s=0.006099 warm_s=0.000195 lang_s=0.005911 warmo_s=0.000451 coldo_s=0.008378 floor_s=0.000079 floor_v=memcpy floor_xor_s=0.000131 floor_memcpy_s=0.000079 floor_nt_s=0.000127 ghz0=3.645 ghz1=3.644 load_ms=267 scratch_mib=7.15 cache_mib=0 memo_mib=4 reps=5 pass_after=other cold_reps_s=0.007884,0.008208,0.008167,0.008162,0.008157 pass_reps_s=0.006099,0.006144,0.006270,0.006127,0.006190 warm_reps_s=0.000213,0.000213,0.000213,0.000211,0.000195 lang_reps_s=0.005920,0.005911,0.005947,0.005923,0.005945 warmo_reps_s=0.000451,0.000494,0.000482,0.000479,0.000484 coldo_reps_s=0.008415,0.008574,0.008401,0.008380,0.008378
CTR pieces=437812 one=47615 over15=276 cold=390564/10069/37179 lc=0/0 memo=4061952/0 pass=65165/355570/17077 lc=0/0 memo=4061952/0 warm=427/3139/26 lc=0/0 memo=0/493 lang=60827/360125/16860 lc=0/0 memo=0/0 warmo=3055/8133/878 lc=0/0 memo=97792/483 coldo=390564/10069/37179 lc=0/0 memo=4061952/0
giga  chunk    4096  cold   146.9 MB/s | pass   277.8 MB/s | warm   512.0 MB/s | bpe
GIGA tool=gigatoken version=fac0114b37120ec8a76362e9ee8e1c742aaafaef kind=bpe chunk=4096 bytes=2048653 calls=497 ids=495170 cold_s=0.013943 pass_s=0.007374 warm_s=0.004001 lang_s=0.007559 warmo_s=0.004014 coldo_s=0.013605 reps=5 cold_reps=2 load_ms=348 fresh_state_ms=40.582 cache_entries=256944 cache_mib=512 pass_after=other cold_reps_s=0.014082,0.013943 pass_reps_s=0.007459,0.007487,0.007374,0.007430,0.007425 entries_pass=256944 warm_reps_s=0.004068,0.004001,0.004061,0.004059,0.004023 entries_warm=256944 lang_reps_s=0.007766,0.007736,0.007702,0.007686,0.007559 entries_lang=488592 warmo_reps_s=0.004118,0.004089,0.004014,0.004197,0.004041 entries_warmo=488592 coldo_reps_s=0.013901,0.013605
hf    chunk    4096      4.44 MB/s   1.074 Mtok/s      927589 ns/call
REF tool=hf version=0.23.2 chunk=4096 bytes=2048653 calls=497 ids=495170 sha=a0c357031c76f61f s=0.461012 reps=3
FIRSTDIFF none
REF tool=gigatoken chunk=4096 ids=495170 sha=a0c357031c76f61f hf_nopp_ids=495170 hf_nopp_sha=a0c357031c76f61f same_as_hf_nopp=yes first_diff=none
tikt  chunk    4096     29.69 MB/s   7.177 Mtok/s      138821 ns/call  ids==hf(no post-processor): yes
REF tool=tiktoken version=0.14.0 chunk=4096 bytes=2048653 calls=497 ids=495170 sha=a0c357031c76f61f s=0.068994 reps=3 hf_nopp_ids=495170 hf_nopp_sha=a0c357031c76f61f same_as_hf_nopp=yes
EXACT yes toks == hf (495170 a0c357031c76f61f)
LOAD after  1.55 1.82 2.11 
== qwen38 en chunk 0
LOAD before  1.55 1.82 2.11 
toks  chunk       0  cold   374.4 MB/s  90.48 Mtok/s   5471917 ns/call | pass   350.4 MB/s | warm   610.6 MB/s | floor  32910.1 MB/s (memcpy) x_floor     94 | neon
E2E tool=toks tier=neon chunk=0 bytes=2048653 calls=1 ids=495104 sha=4eed678f9111f781 cold_s=0.005472 pass_s=0.005846 warm_s=0.003355 lang_s=0.005799 warmo_s=0.005746 coldo_s=0.005825 floor_s=0.000062 floor_v=memcpy floor_xor_s=0.000129 floor_memcpy_s=0.000062 floor_nt_s=0.000138 ghz0=3.648 ghz1=3.643 load_ms=270 scratch_mib=222.87 cache_mib=0 memo_mib=4 reps=5 pass_after=other cold_reps_s=0.005472,0.005718,0.005619,0.005768,0.005673 pass_reps_s=0.006000,0.005846,0.005868,0.005891,0.006044 warm_reps_s=0.003355,0.003462,0.003431,0.003443,0.003356 lang_reps_s=0.005808,0.005884,0.005802,0.005940,0.005799 warmo_reps_s=0.005855,0.005790,0.005888,0.005746,0.005836 coldo_reps_s=0.005825,0.005850,0.006018,0.005852,0.005976
CTR pieces=437746 one=47615 over15=276 cold=65097/355574/17075 lc=0/0 memo=0/0 pass=65097/355574/17075 lc=0/0 memo=0/0 warm=51188/382367/4191 lc=0/0 memo=0/0 lang=60827/360061/16858 lc=0/0 memo=0/0 warmo=60559/360733/16454 lc=0/0 memo=0/0 coldo=65097/355574/17075 lc=0/0 memo=0/0
giga  chunk       0  cold   280.3 MB/s | pass   279.0 MB/s | warm   534.5 MB/s | bpe
GIGA tool=gigatoken version=fac0114b37120ec8a76362e9ee8e1c742aaafaef kind=bpe chunk=0 bytes=2048653 calls=1 ids=495104 cold_s=0.007308 pass_s=0.007342 warm_s=0.003833 lang_s=0.007646 warmo_s=0.003804 coldo_s=0.007467 reps=5 cold_reps=2 load_ms=351 fresh_state_ms=40.395 cache_entries=256942 cache_mib=512 pass_after=other cold_reps_s=0.007308,0.007409 pass_reps_s=0.007344,0.007386,0.007401,0.007342,0.007392 entries_pass=256942 warm_reps_s=0.003838,0.003923,0.003833,0.003842,0.003842 entries_warm=256942 lang_reps_s=0.007646,0.007658,0.007754,0.007697,0.007714 entries_lang=488590 warmo_reps_s=0.003813,0.003905,0.003907,0.003804,0.003912 entries_warmo=488590 coldo_reps_s=0.007467,0.007477
hf    chunk       0      3.72 MB/s   0.899 Mtok/s   550904251 ns/call
REF tool=hf version=0.23.2 chunk=0 bytes=2048653 calls=1 ids=495104 sha=4eed678f9111f781 s=0.550904 reps=3
FIRSTDIFF none
REF tool=gigatoken chunk=0 ids=495104 sha=4eed678f9111f781 hf_nopp_ids=495104 hf_nopp_sha=4eed678f9111f781 same_as_hf_nopp=yes first_diff=none
tikt  chunk       0     30.03 MB/s   7.256 Mtok/s    68231250 ns/call  ids==hf(no post-processor): yes
REF tool=tiktoken version=0.14.0 chunk=0 bytes=2048653 calls=1 ids=495104 sha=4eed678f9111f781 s=0.068231 reps=3 hf_nopp_ids=495104 hf_nopp_sha=4eed678f9111f781 same_as_hf_nopp=yes
EXACT yes toks == hf (495104 4eed678f9111f781)
LOAD after  1.69 1.84 2.12 
== qwen38 code chunk 4096
LOAD before  1.69 1.84 2.12 
toks  chunk    4096  cold   324.7 MB/s  84.86 Mtok/s     12708 ns/call | pass   385.2 MB/s | warm 11001.3 MB/s | floor  30480.4 MB/s (memcpy) x_floor     79 | neon
E2E tool=toks tier=neon chunk=4096 bytes=614699 calls=149 ids=160675 sha=800c736cab464292 cold_s=0.001893 pass_s=0.001596 warm_s=0.000056 lang_s=0.001583 warmo_s=0.000223 coldo_s=0.001996 floor_s=0.000020 floor_v=memcpy floor_xor_s=0.000041 floor_memcpy_s=0.000020 floor_nt_s=0.000042 ghz0=3.636 ghz1=3.642 load_ms=267 scratch_mib=7.15 cache_mib=0 memo_mib=4 reps=5 pass_after=other cold_reps_s=0.001936,0.001908,0.001902,0.001893,0.001980 pass_reps_s=0.001688,0.001596,0.001702,0.001615,0.001651 warm_reps_s=0.000060,0.000056,0.000061,0.000056,0.000056 lang_reps_s=0.001633,0.001657,0.001583,0.001621,0.001636 warmo_reps_s=0.000223,0.000224,0.000224,0.000225,0.000225 coldo_reps_s=0.002144,0.002054,0.001996,0.002125,0.002017
CTR pieces=139379 one=23807 over15=1570 cold=119186/11119/9074 lc=0/0 memo=1267392/0 pass=32028/102997/4354 lc=0/0 memo=1267392/0 warm=0/0/0 lc=0/0 memo=0/149 lang=28448/106597/4334 lc=0/0 memo=0/0 warmo=2674/5661/468 lc=0/0 memo=69952/140 coldo=119186/11119/9074 lc=0/0 memo=1267392/0
giga  chunk    4096  cold   166.0 MB/s | pass   325.1 MB/s | warm   554.1 MB/s | bpe
GIGA tool=gigatoken version=fac0114b37120ec8a76362e9ee8e1c742aaafaef kind=bpe chunk=4096 bytes=614699 calls=149 ids=160675 cold_s=0.003703 pass_s=0.001891 warm_s=0.001109 lang_s=0.002017 warmo_s=0.001064 coldo_s=0.003723 reps=5 cold_reps=2 load_ms=351 fresh_state_ms=40.428 cache_entries=243571 cache_mib=512 pass_after=other cold_reps_s=0.003792,0.003703 pass_reps_s=0.002028,0.001921,0.001891,0.002079,0.001908 entries_pass=243571 warm_reps_s=0.001120,0.001113,0.001120,0.001208,0.001109 entries_warm=243571 lang_reps_s=0.002017,0.002114,0.002045,0.002078,0.002108 entries_lang=488592 warmo_reps_s=0.001064,0.001148,0.001144,0.001190,0.001148 entries_warmo=488592 coldo_reps_s=0.003723,0.003840
hf    chunk    4096      4.81 MB/s   1.258 Mtok/s      857183 ns/call
REF tool=hf version=0.23.2 chunk=4096 bytes=614699 calls=149 ids=160675 sha=800c736cab464292 s=0.127720 reps=3
FIRSTDIFF none
REF tool=gigatoken chunk=4096 ids=160675 sha=800c736cab464292 hf_nopp_ids=160675 hf_nopp_sha=800c736cab464292 same_as_hf_nopp=yes first_diff=none
tikt  chunk    4096     24.89 MB/s   6.505 Mtok/s      165771 ns/call  ids==hf(no post-processor): yes
REF tool=tiktoken version=0.14.0 chunk=4096 bytes=614699 calls=149 ids=160675 sha=800c736cab464292 s=0.024700 reps=3 hf_nopp_ids=160675 hf_nopp_sha=800c736cab464292 same_as_hf_nopp=yes
EXACT yes toks == hf (160675 800c736cab464292)
LOAD after  1.82 1.86 2.11 
== qwen38 code chunk 0
LOAD before  1.82 1.86 2.11 
toks  chunk       0  cold   431.0 MB/s 112.64 Mtok/s   1426250 ns/call | pass   392.9 MB/s | warm 11717.9 MB/s | floor  38924.7 MB/s (memcpy) x_floor     99 | neon
E2E tool=toks tier=neon chunk=0 bytes=614699 calls=1 ids=160651 sha=3b57255e78b3957e cold_s=0.001426 pass_s=0.001564 warm_s=0.000052 lang_s=0.001585 warmo_s=0.001514 coldo_s=0.001617 floor_s=0.000016 floor_v=memcpy floor_xor_s=0.000036 floor_memcpy_s=0.000016 floor_nt_s=0.000039 ghz0=3.641 ghz1=3.647 load_ms=265 scratch_mib=71.07 cache_mib=0 memo_mib=4 reps=5 pass_after=other cold_reps_s=0.001531,0.001459,0.001436,0.001426,0.001429 pass_reps_s=0.001666,0.001600,0.001676,0.001564,0.001687 warm_reps_s=0.000056,0.000054,0.000056,0.000052,0.000058 lang_reps_s=0.001624,0.001628,0.001634,0.001628,0.001585 warmo_reps_s=0.001514,0.001616,0.001551,0.001633,0.001553 coldo_reps_s=0.001617,0.001644,0.001752,0.001679,0.001678
CTR pieces=139355 one=23783 over15=1570 cold=31913/103087/4355 lc=0/0 memo=1257344/0 pass=31913/103087/4355 lc=0/0 memo=1257344/0 warm=0/0/0 lc=0/0 memo=0/1 lang=28424/106596/4335 lc=0/0 memo=0/0 warmo=28378/106709/4268 lc=0/0 memo=0/0 coldo=31913/103087/4355 lc=0/0 memo=1257344/0
giga  chunk       0  cold   294.0 MB/s | pass   310.3 MB/s | warm   502.1 MB/s | bpe
GIGA tool=gigatoken version=fac0114b37120ec8a76362e9ee8e1c742aaafaef kind=bpe chunk=0 bytes=614699 calls=1 ids=160651 cold_s=0.002091 pass_s=0.001981 warm_s=0.001224 lang_s=0.002068 warmo_s=0.001211 coldo_s=0.002039 reps=5 cold_reps=2 load_ms=346 fresh_state_ms=40.432 cache_entries=243572 cache_mib=512 pass_after=other cold_reps_s=0.002165,0.002091 pass_reps_s=0.002011,0.001997,0.002015,0.002104,0.001981 entries_pass=243572 warm_reps_s=0.001254,0.001257,0.001250,0.001252,0.001224 entries_warm=243572 lang_reps_s=0.002241,0.002149,0.002232,0.002068,0.002231 entries_lang=488593 warmo_reps_s=0.001240,0.001287,0.001286,0.001225,0.001211 entries_warmo=488593 coldo_reps_s=0.002039,0.002124
hf    chunk       0      4.19 MB/s   1.094 Mtok/s   146834500 ns/call
REF tool=hf version=0.23.2 chunk=0 bytes=614699 calls=1 ids=160651 sha=3b57255e78b3957e s=0.146835 reps=3
FIRSTDIFF none
REF tool=gigatoken chunk=0 ids=160651 sha=3b57255e78b3957e hf_nopp_ids=160651 hf_nopp_sha=3b57255e78b3957e same_as_hf_nopp=yes first_diff=none
tikt  chunk       0     25.09 MB/s   6.556 Mtok/s    24504542 ns/call  ids==hf(no post-processor): yes
REF tool=tiktoken version=0.14.0 chunk=0 bytes=614699 calls=1 ids=160651 sha=3b57255e78b3957e s=0.024505 reps=3 hf_nopp_ids=160651 hf_nopp_sha=3b57255e78b3957e same_as_hf_nopp=yes
EXACT yes toks == hf (160651 3b57255e78b3957e)
LOAD after  1.84 1.86 2.11 
== qwen38 ml chunk 4096
LOAD before  1.84 1.86 2.11 
toks  chunk    4096  cold   110.2 MB/s  30.02 Mtok/s     40525 ns/call | pass   158.7 MB/s | warm   277.2 MB/s | floor  33044.4 MB/s (memcpy) x_floor    208 | neon
E2E tool=toks tier=neon chunk=4096 bytes=6443660 calls=1443 ids=1755501 sha=d1d9f3b62739eb69 cold_s=0.058477 pass_s=0.040615 warm_s=0.023248 lang_s=0.040432 warmo_s=0.026224 coldo_s=0.058620 floor_s=0.000195 floor_v=memcpy floor_xor_s=0.000407 floor_memcpy_s=0.000195 floor_nt_s=0.000450 ghz0=3.653 ghz1=3.641 load_ms=264 scratch_mib=7.15 cache_mib=0 memo_mib=4 reps=5 pass_after=other cold_reps_s=0.058477,0.058487,0.058584,0.058574,0.058753 pass_reps_s=0.040626,0.040732,0.040742,0.040893,0.040615 warm_reps_s=0.023248,0.023254,0.023330,0.023423,0.023398 lang_reps_s=0.040432,0.040471,0.043558,0.040603,0.040615 warmo_reps_s=0.026276,0.026284,0.026361,0.026387,0.026224 coldo_reps_s=0.058634,0.059976,0.059048,0.058620,0.058838
CTR pieces=1248268 one=249648 over15=39260 cold=901570/83769/262929 lc=0/0 memo=13560640/0 pass=272301/842185/133782 lc=0/0 memo=4071936/0 warm=166669/688375/61310 lc=0/0 memo=4049600/382 lang=269706/845024/133538 lc=0/0 memo=9472/0 warmo=170207/667560/78587 lc=0/0 memo=4049600/382 coldo=901570/83769/262929 lc=0/0 memo=13560640/0
giga  chunk    4096  cold    63.9 MB/s | pass    99.7 MB/s | warm   258.3 MB/s | bpe
GIGA tool=gigatoken version=fac0114b37120ec8a76362e9ee8e1c742aaafaef kind=bpe chunk=4096 bytes=6443660 calls=1443 ids=1755501 cold_s=0.100805 pass_s=0.064659 warm_s=0.024945 lang_s=0.065498 warmo_s=0.025077 coldo_s=0.100934 reps=5 cold_reps=2 load_ms=351 fresh_state_ms=40.607 cache_entries=350712 cache_mib=512 pass_after=other cold_reps_s=0.101638,0.100805 pass_reps_s=0.065176,0.064921,0.065056,0.065118,0.064659 entries_pass=350712 warm_reps_s=0.025192,0.024945,0.025019,0.025096,0.025040 entries_warm=350712 lang_reps_s=0.066124,0.065874,0.065681,0.065498,0.068474 entries_lang=488593 warmo_reps_s=0.025297,0.025346,0.025077,0.025180,0.025242 entries_warmo=488593 coldo_reps_s=0.101957,0.100934
hf    chunk    4096      3.71 MB/s   1.011 Mtok/s     1202872 ns/call
REF tool=hf version=0.23.2 chunk=4096 bytes=6443660 calls=1443 ids=1755501 sha=d1d9f3b62739eb69 s=1.735744 reps=3
FIRSTDIFF none
REF tool=gigatoken chunk=4096 ids=1755501 sha=d1d9f3b62739eb69 hf_nopp_ids=1755501 hf_nopp_sha=d1d9f3b62739eb69 same_as_hf_nopp=yes first_diff=none
tikt  chunk    4096     23.20 MB/s   6.319 Mtok/s      192498 ns/call  ids==hf(no post-processor): no
REF tool=tiktoken version=0.14.0 chunk=4096 bytes=6443660 calls=1443 ids=1755349 sha=9d4e8482cf9f9295 s=0.277775 reps=3 hf_nopp_ids=1755501 hf_nopp_sha=d1d9f3b62739eb69 same_as_hf_nopp=no
EXACT yes toks == hf (1755501 d1d9f3b62739eb69)
LOAD after  2.44 1.94 2.06 
== qwen38 ml chunk 0
LOAD before  2.44 1.94 2.06 
toks  chunk       0  cold   161.2 MB/s  43.90 Mtok/s  39976459 ns/call | pass   160.5 MB/s | warm   172.0 MB/s | floor  17490.1 MB/s (memcpy) x_floor    109 | neon
E2E tool=toks tier=neon chunk=0 bytes=6443660 calls=1 ids=1754927 sha=a74750919f4024eb cold_s=0.039976 pass_s=0.040145 warm_s=0.037467 lang_s=0.040095 warmo_s=0.039701 coldo_s=0.040124 floor_s=0.000368 floor_v=memcpy floor_xor_s=0.000402 floor_memcpy_s=0.000368 floor_nt_s=0.000412 ghz0=3.647 ghz1=3.640 load_ms=264 scratch_mib=688.11 cache_mib=0 memo_mib=4 reps=5 pass_after=other cold_reps_s=0.040122,0.039976,0.040075,0.040145,0.040120 pass_reps_s=0.040145,0.040280,0.040150,0.040276,0.040341 warm_reps_s=0.039788,0.037522,0.037467,0.037533,0.037505 lang_reps_s=0.040450,0.040097,0.040095,0.040246,0.040141 warmo_reps_s=0.039742,0.039701,0.039820,0.040353,0.039825 coldo_reps_s=0.040165,0.040139,0.040159,0.040190,0.040124
CTR pieces=1247693 one=249148 over15=39260 cold=271784/842136/133773 lc=0/0 memo=0/0 pass=271784/842136/133773 lc=0/0 memo=0/0 warm=265865/863759/118069 lc=0/0 memo=0/0 lang=269206/844958/133529 lc=0/0 memo=0/0 warmo=268761/847926/131006 lc=0/0 memo=0/0 coldo=271784/842136/133773 lc=0/0 memo=0/0
giga  chunk       0  cold    98.6 MB/s | pass    98.9 MB/s | warm   259.9 MB/s | bpe
GIGA tool=gigatoken version=fac0114b37120ec8a76362e9ee8e1c742aaafaef kind=bpe chunk=0 bytes=6443660 calls=1 ids=1754927 cold_s=0.065346 pass_s=0.065157 warm_s=0.024796 lang_s=0.066176 warmo_s=0.025150 coldo_s=0.065156 reps=5 cold_reps=2 load_ms=347 fresh_state_ms=40.852 cache_entries=350706 cache_mib=512 pass_after=other cold_reps_s=0.068663,0.065346 pass_reps_s=0.065220,0.065157,0.065304,0.067810,0.065410 entries_pass=350706 warm_reps_s=0.024997,0.024991,0.024796,0.024878,0.024916 entries_warm=350706 lang_reps_s=0.066836,0.066402,0.066176,0.066234,0.071249 entries_lang=488586 warmo_reps_s=0.025343,0.025150,0.025356,0.025265,0.025297 entries_warmo=488586 coldo_reps_s=0.065189,0.065156
hf    chunk       0      3.10 MB/s   0.844 Mtok/s  2079866750 ns/call
REF tool=hf version=0.23.2 chunk=0 bytes=6443660 calls=1 ids=1754927 sha=a74750919f4024eb s=2.079867 reps=3
FIRSTDIFF none
REF tool=gigatoken chunk=0 ids=1754927 sha=a74750919f4024eb hf_nopp_ids=1754927 hf_nopp_sha=a74750919f4024eb same_as_hf_nopp=yes first_diff=none
tikt  chunk       0     22.79 MB/s   6.207 Mtok/s   282698416 ns/call  ids==hf(no post-processor): no
REF tool=tiktoken version=0.14.0 chunk=0 bytes=6443660 calls=1 ids=1754775 sha=18047df00eddcd9d s=0.282698 reps=3 hf_nopp_ids=1754927 hf_nopp_sha=a74750919f4024eb same_as_hf_nopp=no
EXACT yes toks == hf (1754927 a74750919f4024eb)
LOAD after  2.25 1.93 2.05 
== qwen38 cjk chunk 4096
LOAD before  2.25 1.93 2.05 
toks  chunk    4096  cold   139.9 MB/s  39.77 Mtok/s     30068 ns/call | pass   144.8 MB/s | warm   402.8 MB/s | floor  27326.3 MB/s (memcpy) x_floor    189 | neon
E2E tool=toks tier=neon chunk=4096 bytes=3129985 calls=744 ids=889663 sha=d0df8bcb326d9e52 cold_s=0.022371 pass_s=0.021616 warm_s=0.007771 lang_s=0.021397 warmo_s=0.009353 coldo_s=0.022689 floor_s=0.000115 floor_v=memcpy floor_xor_s=0.000198 floor_memcpy_s=0.000115 floor_nt_s=0.000221 ghz0=3.642 ghz1=3.647 load_ms=265 scratch_mib=7.15 cache_mib=0 memo_mib=4 reps=5 pass_after=other cold_reps_s=0.022371,0.022472,0.022518,0.022487,0.022647 pass_reps_s=0.021709,0.021616,0.021622,0.021679,0.021769 warm_reps_s=0.007806,0.007771,0.007925,0.007955,0.007920 lang_reps_s=0.021541,0.021397,0.021724,0.021507,0.021433 warmo_reps_s=0.009381,0.009403,0.009353,0.009498,0.009420 coldo_reps_s=0.022831,0.022742,0.022902,0.022711,0.022689
CTR pieces=285229 one=41201 over15=74905 cold=127105/16480/141644 lc=0/0 memo=6737088/0 pass=47613/115194/122422 lc=0/0 memo=4062912/0 warm=2222/51056/38591 lc=0/0 memo=0/434 lang=45473/117522/122234 lc=0/0 memo=0/0 warmo=3952/38823/52294 lc=0/0 memo=2768448/427 coldo=127105/16480/141644 lc=0/0 memo=6737088/0
giga  chunk    4096  cold    29.2 MB/s | pass    33.6 MB/s | warm   176.0 MB/s | bpe
GIGA tool=gigatoken version=fac0114b37120ec8a76362e9ee8e1c742aaafaef kind=bpe chunk=4096 bytes=3129985 calls=744 ids=889663 cold_s=0.107294 pass_s=0.093269 warm_s=0.017780 lang_s=0.093985 warmo_s=0.017737 coldo_s=0.107371 reps=5 cold_reps=2 load_ms=354 fresh_state_ms=40.752 cache_entries=360269 cache_mib=512 pass_after=other cold_reps_s=0.108320,0.107294 pass_reps_s=0.093936,0.097581,0.093269,0.093597,0.093737 entries_pass=360269 warm_reps_s=0.017906,0.017982,0.017780,0.017785,0.017845 entries_warm=360269 lang_reps_s=0.094505,0.094115,0.094291,0.094127,0.093985 entries_lang=488593 warmo_reps_s=0.017765,0.017737,0.017892,0.017766,0.017856 entries_warmo=488593 coldo_reps_s=0.107807,0.107371
hf    chunk    4096      4.78 MB/s   1.359 Mtok/s      879850 ns/call
REF tool=hf version=0.23.2 chunk=4096 bytes=3129985 calls=744 ids=889663 sha=d0df8bcb326d9e52 s=0.654608 reps=3
FIRSTDIFF none
REF tool=gigatoken chunk=4096 ids=889663 sha=d0df8bcb326d9e52 hf_nopp_ids=889663 hf_nopp_sha=d0df8bcb326d9e52 same_as_hf_nopp=yes first_diff=none
tikt  chunk    4096     21.91 MB/s   6.228 Mtok/s      191990 ns/call  ids==hf(no post-processor): no
REF tool=tiktoken version=0.14.0 chunk=4096 bytes=3129985 calls=744 ids=889661 sha=44409da43ece953d s=0.142840 reps=3 hf_nopp_ids=889663 hf_nopp_sha=d0df8bcb326d9e52 same_as_hf_nopp=no
EXACT yes toks == hf (889663 d0df8bcb326d9e52)
LOAD after  1.75 1.86 2.01 
== qwen38 cjk chunk 0
LOAD before  1.75 1.86 2.01 
toks  chunk       0  cold   149.2 MB/s  42.42 Mtok/s  20972792 ns/call | pass   146.7 MB/s | warm   166.5 MB/s | floor  28649.7 MB/s (memcpy) x_floor    195 | neon
E2E tool=toks tier=neon chunk=0 bytes=3129985 calls=1 ids=889583 sha=da51b58fd8de67cf cold_s=0.020973 pass_s=0.021333 warm_s=0.018795 lang_s=0.021214 warmo_s=0.021102 coldo_s=0.021247 floor_s=0.000109 floor_v=memcpy floor_xor_s=0.000208 floor_memcpy_s=0.000109 floor_nt_s=0.000203 ghz0=3.649 ghz1=3.645 load_ms=264 scratch_mib=337.34 cache_mib=0 memo_mib=4 reps=5 pass_after=other cold_reps_s=0.021053,0.021278,0.020973,0.021142,0.021144 pass_reps_s=0.021333,0.021386,0.021367,0.021375,0.021588 warm_reps_s=0.018795,0.018977,0.018956,0.019042,0.019123 lang_reps_s=0.021214,0.021223,0.021241,0.021273,0.021257 warmo_reps_s=0.021192,0.021102,0.021107,0.021235,0.021161 coldo_reps_s=0.021991,0.021375,0.021262,0.021274,0.021247
CTR pieces=285149 one=41135 over15=74905 cold=47462/115265/122422 lc=0/0 memo=0/0 pass=47462/115265/122422 lc=0/0 memo=0/0 warm=43156/143924/98069 lc=0/0 memo=0/0 lang=45407/117508/122234 lc=0/0 memo=0/0 warmo=45314/118655/121180 lc=0/0 memo=0/0 coldo=47462/115265/122422 lc=0/0 memo=0/0
giga  chunk       0  cold    33.0 MB/s | pass    33.2 MB/s | warm   177.3 MB/s | bpe
GIGA tool=gigatoken version=fac0114b37120ec8a76362e9ee8e1c742aaafaef kind=bpe chunk=0 bytes=3129985 calls=1 ids=889583 cold_s=0.094951 pass_s=0.094406 warm_s=0.017657 lang_s=0.094773 warmo_s=0.017845 coldo_s=0.094392 reps=5 cold_reps=2 load_ms=347 fresh_state_ms=40.700 cache_entries=360269 cache_mib=512 pass_after=other cold_reps_s=0.094951,0.095025 pass_reps_s=0.094406,0.094723,0.094626,0.094471,0.094572 entries_pass=360269 warm_reps_s=0.017872,0.017902,0.017867,0.017657,0.017798 entries_warm=360269 lang_reps_s=0.096867,0.094989,0.095117,0.094773,0.095630 entries_lang=488593 warmo_reps_s=0.017929,0.018094,0.017995,0.017845,0.017878 entries_warmo=488593 coldo_reps_s=0.094392,0.094523
hf    chunk       0      4.00 MB/s   1.136 Mtok/s   782824459 ns/call
REF tool=hf version=0.23.2 chunk=0 bytes=3129985 calls=1 ids=889583 sha=da51b58fd8de67cf s=0.782824 reps=3
FIRSTDIFF none
REF tool=gigatoken chunk=0 ids=889583 sha=da51b58fd8de67cf hf_nopp_ids=889583 hf_nopp_sha=da51b58fd8de67cf same_as_hf_nopp=yes first_diff=none
tikt  chunk       0     21.75 MB/s   6.181 Mtok/s   143926500 ns/call  ids==hf(no post-processor): no
REF tool=tiktoken version=0.14.0 chunk=0 bytes=3129985 calls=1 ids=889581 sha=5ef7689f004efd91 s=0.143927 reps=3 hf_nopp_ids=889583 hf_nopp_sha=da51b58fd8de67cf same_as_hf_nopp=no
EXACT yes toks == hf (889583 da51b58fd8de67cf)
LOAD after  1.65 1.83 1.99 
== o200k en chunk 4096
LOAD before  1.65 1.83 1.99 
toks  chunk    4096  cold   256.0 MB/s  60.80 Mtok/s     16100 ns/call | pass   328.4 MB/s | warm  8430.7 MB/s | floor  32932.3 MB/s (memcpy) x_floor    100 | neon
E2E tool=toks tier=neon chunk=4096 bytes=2048653 calls=497 ids=486508 sha=cb2cebfab26f48d3 cold_s=0.008002 pass_s=0.006238 warm_s=0.000243 lang_s=0.005957 warmo_s=0.000594 coldo_s=0.008594 floor_s=0.000062 floor_v=memcpy floor_xor_s=0.000135 floor_memcpy_s=0.000062 floor_nt_s=0.000138 ghz0=3.633 ghz1=3.640 load_ms=295 scratch_mib=6.37 cache_mib=0 memo_mib=4 reps=5 pass_after=other cold_reps_s=0.008002,0.008183,0.008199,0.008153,0.008241 pass_reps_s=0.006238,0.006279,0.006304,0.006263,0.006300 warm_reps_s=0.000246,0.000246,0.000249,0.000243,0.000244 lang_reps_s=0.006024,0.005957,0.006060,0.006027,0.005957 warmo_reps_s=0.000594,0.000615,0.000594,0.000630,0.000604 coldo_reps_s=0.008594,0.008610,0.008742,0.008597,0.008622
CTR pieces=437016 one=46245 over15=276 cold=394305/6798/35913 lc=0/0 memo=4027456/0 pass=64102/355806/17108 lc=0/0 memo=4027456/0 warm=941/6999/52 lc=0/0 memo=32064/488 lang=59457/360673/16886 lc=0/0 memo=0/0 warmo=3822/9984/1113 lc=0/0 memo=123008/480 coldo=394305/6798/35913 lc=0/0 memo=4027456/0
giga  chunk    4096  cold   105.2 MB/s | pass   230.4 MB/s | warm   669.7 MB/s | bpe
GIGA tool=gigatoken version=fac0114b37120ec8a76362e9ee8e1c742aaafaef kind=bpe chunk=4096 bytes=2048653 calls=497 ids=486508 cold_s=0.019474 pass_s=0.008891 warm_s=0.003059 lang_s=0.006995 warmo_s=0.003100 coldo_s=0.019703 reps=5 cold_reps=2 load_ms=325 fresh_state_ms=7.009 cache_entries=210521 cache_mib=512 pass_after=other cold_reps_s=0.019474,0.020740 pass_reps_s=0.008990,0.009656,0.008891,0.008904,0.008898 entries_pass=210521 warm_reps_s=0.003061,0.003267,0.003059,0.003081,0.003062 entries_warm=210521 lang_reps_s=0.007016,0.007065,0.006995,0.007050,0.007030 entries_lang=443630 warmo_reps_s=0.003105,0.003107,0.003100,0.003105,0.003115 entries_warmo=443630 coldo_reps_s=0.020441,0.019703
hf    chunk    4096      5.44 MB/s   1.291 Mtok/s      758378 ns/call
REF tool=hf version=0.23.2 chunk=4096 bytes=2048653 calls=497 ids=486508 sha=cb2cebfab26f48d3 s=0.376914 reps=3
FIRSTDIFF none
REF tool=gigatoken chunk=4096 ids=486508 sha=cb2cebfab26f48d3 hf_nopp_ids=486508 hf_nopp_sha=cb2cebfab26f48d3 same_as_hf_nopp=yes first_diff=none
tikt  chunk    4096     32.98 MB/s   7.831 Mtok/s      125001 ns/call  ids==hf(no post-processor): yes
REF tool=tiktoken version=0.14.0 chunk=4096 bytes=2048653 calls=497 ids=486508 sha=cb2cebfab26f48d3 s=0.062125 reps=3 hf_nopp_ids=486508 hf_nopp_sha=cb2cebfab26f48d3 same_as_hf_nopp=yes
EXACT yes toks == hf (486508 cb2cebfab26f48d3)
LOAD after  1.61 1.81 1.98 
== o200k en chunk 0
LOAD before  1.61 1.81 1.98 
toks  chunk       0  cold   363.4 MB/s  86.28 Mtok/s   5637917 ns/call | pass   339.0 MB/s | warm   633.4 MB/s | floor  26476.9 MB/s (memcpy) x_floor     78 | neon
E2E tool=toks tier=neon chunk=0 bytes=2048653 calls=1 ids=486445 sha=17b1b68db00a8bb7 cold_s=0.005638 pass_s=0.006043 warm_s=0.003235 lang_s=0.005965 warmo_s=0.005876 coldo_s=0.006029 floor_s=0.000077 floor_v=memcpy floor_xor_s=0.000130 floor_memcpy_s=0.000077 floor_nt_s=0.000126 ghz0=3.518 ghz1=3.646 load_ms=296 scratch_mib=76.34 cache_mib=0 memo_mib=4 reps=5 pass_after=other cold_reps_s=0.006372,0.005660,0.005638,0.005780,0.005646 pass_reps_s=0.006052,0.006043,0.006169,0.006100,0.006084 warm_reps_s=0.003248,0.003249,0.003235,0.003261,0.003266 lang_reps_s=0.005965,0.006001,0.007072,0.006007,0.006001 warmo_reps_s=0.005876,0.005887,0.005911,0.005895,0.006068 coldo_reps_s=0.006162,0.006029,0.006180,0.006033,0.006040
CTR pieces=436950 one=46245 over15=276 cold=64045/355799/17106 lc=0/0 memo=0/0 pass=64045/355799/17106 lc=0/0 memo=0/0 warm=49878/382790/4282 lc=0/0 memo=0/0 lang=59457/360609/16884 lc=0/0 memo=0/0 warmo=59158/361423/16369 lc=0/0 memo=0/0 coldo=64045/355799/17106 lc=0/0 memo=0/0
giga  chunk       0  cold   238.9 MB/s | pass   238.0 MB/s | warm   696.3 MB/s | bpe
GIGA tool=gigatoken version=fac0114b37120ec8a76362e9ee8e1c742aaafaef kind=bpe chunk=0 bytes=2048653 calls=1 ids=486445 cold_s=0.008577 pass_s=0.008609 warm_s=0.002942 lang_s=0.006764 warmo_s=0.002977 coldo_s=0.008578 reps=5 cold_reps=2 load_ms=321 fresh_state_ms=6.994 cache_entries=210519 cache_mib=512 pass_after=other cold_reps_s=0.008913,0.008577 pass_reps_s=0.008609,0.008648,0.008737,0.008677,0.008644 entries_pass=210519 warm_reps_s=0.002944,0.002965,0.002945,0.002951,0.002942 entries_warm=210519 lang_reps_s=0.006896,0.006888,0.006876,0.007415,0.006764 entries_lang=443628 warmo_reps_s=0.003000,0.003001,0.002977,0.002991,0.002980 entries_warmo=443628 coldo_reps_s=0.008595,0.008578
hf    chunk       0      4.33 MB/s   1.027 Mtok/s   473570375 ns/call
REF tool=hf version=0.23.2 chunk=0 bytes=2048653 calls=1 ids=486445 sha=17b1b68db00a8bb7 s=0.473570 reps=3
FIRSTDIFF none
REF tool=gigatoken chunk=0 ids=486445 sha=17b1b68db00a8bb7 hf_nopp_ids=486445 hf_nopp_sha=17b1b68db00a8bb7 same_as_hf_nopp=yes first_diff=none
tikt  chunk       0     33.17 MB/s   7.875 Mtok/s    61769417 ns/call  ids==hf(no post-processor): yes
REF tool=tiktoken version=0.14.0 chunk=0 bytes=2048653 calls=1 ids=486445 sha=17b1b68db00a8bb7 s=0.061769 reps=3 hf_nopp_ids=486445 hf_nopp_sha=17b1b68db00a8bb7 same_as_hf_nopp=yes
EXACT yes toks == hf (486445 17b1b68db00a8bb7)
LOAD after  1.75 1.83 1.99 
== o200k code chunk 4096
LOAD before  1.75 1.83 1.99 
toks  chunk    4096  cold   389.4 MB/s  94.29 Mtok/s     10593 ns/call | pass   398.8 MB/s | warm  8734.6 MB/s | floor  35464.1 MB/s (memcpy) x_floor     89 | neon
E2E tool=toks tier=neon chunk=4096 bytes=614699 calls=149 ids=148825 sha=c17b00cc7cbbc568 cold_s=0.001578 pass_s=0.001541 warm_s=0.000070 lang_s=0.001586 warmo_s=0.000122 coldo_s=0.001759 floor_s=0.000017 floor_v=memcpy floor_xor_s=0.000037 floor_memcpy_s=0.000017 floor_nt_s=0.000038 ghz0=3.646 ghz1=3.642 load_ms=296 scratch_mib=6.37 cache_mib=0 memo_mib=4 reps=5 pass_after=other cold_reps_s=0.001623,0.001581,0.001578,0.001593,0.001702 pass_reps_s=0.001541,0.001692,0.001587,0.001635,0.001581 warm_reps_s=0.000071,0.000078,0.000072,0.000071,0.000070 lang_reps_s=0.001598,0.001611,0.001591,0.001595,0.001586 warmo_reps_s=0.000166,0.000134,0.000133,0.000132,0.000122 coldo_reps_s=0.001868,0.001795,0.001759,0.001875,0.001874
CTR pieces=138813 one=19847 over15=1211 cold=128483/4187/6143 lc=0/0 memo=1219648/0 pass=29322/105667/3824 lc=0/0 memo=1219648/0 warm=311/2480/8 lc=0/0 memo=24384/146 lang=24804/110193/3816 lc=0/0 memo=0/0 warmo=869/2658/158 lc=0/0 memo=0/145 coldo=128483/4187/6143 lc=0/0 memo=1219648/0
giga  chunk    4096  cold   175.3 MB/s | pass   181.3 MB/s | warm   635.0 MB/s | bpe
GIGA tool=gigatoken version=fac0114b37120ec8a76362e9ee8e1c742aaafaef kind=bpe chunk=4096 bytes=614699 calls=149 ids=148825 cold_s=0.003506 pass_s=0.003391 warm_s=0.000968 lang_s=0.001767 warmo_s=0.000970 coldo_s=0.003551 reps=5 cold_reps=2 load_ms=331 fresh_state_ms=6.828 cache_entries=197161 cache_mib=512 pass_after=other cold_reps_s=0.003599,0.003506 pass_reps_s=0.003426,0.003461,0.003391,0.003507,0.003413 entries_pass=197161 warm_reps_s=0.001036,0.001032,0.001032,0.000968,0.001035 entries_warm=197161 lang_reps_s=0.001909,0.001897,0.001767,0.001782,0.001778 entries_lang=443630 warmo_reps_s=0.001057,0.001056,0.001050,0.000996,0.000970 entries_warmo=443630 coldo_reps_s=0.003551,0.003671
hf    chunk    4096      5.38 MB/s   1.303 Mtok/s      766349 ns/call
REF tool=hf version=0.23.2 chunk=4096 bytes=614699 calls=149 ids=148825 sha=c17b00cc7cbbc568 s=0.114186 reps=3
FIRSTDIFF none
REF tool=gigatoken chunk=4096 ids=148825 sha=c17b00cc7cbbc568 hf_nopp_ids=148825 hf_nopp_sha=c17b00cc7cbbc568 same_as_hf_nopp=yes first_diff=none
tikt  chunk    4096     27.91 MB/s   6.758 Mtok/s      147808 ns/call  ids==hf(no post-processor): yes
REF tool=tiktoken version=0.14.0 chunk=4096 bytes=614699 calls=149 ids=148825 sha=c17b00cc7cbbc568 s=0.022023 reps=3 hf_nopp_ids=148825 hf_nopp_sha=c17b00cc7cbbc568 same_as_hf_nopp=yes
EXACT yes toks == hf (148825 c17b00cc7cbbc568)
LOAD after  1.78 1.84 1.99 
== o200k code chunk 0
LOAD before  1.78 1.84 1.99 
toks  chunk       0  cold   470.2 MB/s 113.82 Mtok/s   1307417 ns/call | pass   378.9 MB/s | warm 11453.9 MB/s | floor  35295.1 MB/s (memcpy) x_floor     93 | neon
E2E tool=toks tier=neon chunk=0 bytes=614699 calls=1 ids=148804 sha=35fab3e9ac4e92b2 cold_s=0.001307 pass_s=0.001622 warm_s=0.000054 lang_s=0.001564 warmo_s=0.001477 coldo_s=0.001536 floor_s=0.000017 floor_v=memcpy floor_xor_s=0.000039 floor_memcpy_s=0.000017 floor_nt_s=0.000041 ghz0=3.634 ghz1=3.637 load_ms=296 scratch_mib=27.11 cache_mib=0 memo_mib=4 reps=5 pass_after=other cold_reps_s=0.001424,0.001348,0.001311,0.001313,0.001307 pass_reps_s=0.001645,0.001622,0.001634,0.001625,0.001626 warm_reps_s=0.000054,0.000054,0.000054,0.000054,0.000054 lang_reps_s=0.001601,0.001579,0.001564,0.001583,0.001579 warmo_reps_s=0.001567,0.001477,0.001564,0.001544,0.001683 coldo_reps_s=0.001536,0.001554,0.001617,0.001599,0.001587
CTR pieces=138789 one=19824 over15=1211 cold=29103/105861/3825 lc=0/0 memo=1209984/0 pass=29103/105861/3825 lc=0/0 memo=1209984/0 warm=0/0/0 lc=0/0 memo=0/1 lang=24781/110191/3817 lc=0/0 memo=0/0 warmo=24700/110355/3734 lc=0/0 memo=0/0 coldo=29103/105861/3825 lc=0/0 memo=1209984/0
giga  chunk       0  cold   177.3 MB/s | pass   183.3 MB/s | warm   666.0 MB/s | bpe
GIGA tool=gigatoken version=fac0114b37120ec8a76362e9ee8e1c742aaafaef kind=bpe chunk=0 bytes=614699 calls=1 ids=148804 cold_s=0.003466 pass_s=0.003354 warm_s=0.000923 lang_s=0.001733 warmo_s=0.000934 coldo_s=0.003242 reps=5 cold_reps=2 load_ms=322 fresh_state_ms=6.694 cache_entries=197162 cache_mib=512 pass_after=other cold_reps_s=0.003466,0.003567 pass_reps_s=0.003354,0.003371,0.003357,0.003368,0.003486 entries_pass=197162 warm_reps_s=0.000972,0.000936,0.000985,0.000923,0.000993 entries_warm=197162 lang_reps_s=0.001860,0.001841,0.001758,0.001836,0.001733 entries_lang=443631 warmo_reps_s=0.000946,0.001014,0.000934,0.001025,0.001017 entries_warmo=443631 coldo_reps_s=0.003398,0.003242
hf    chunk       0      4.60 MB/s   1.114 Mtok/s   133624250 ns/call
REF tool=hf version=0.23.2 chunk=0 bytes=614699 calls=1 ids=148804 sha=35fab3e9ac4e92b2 s=0.133624 reps=3
FIRSTDIFF none
REF tool=gigatoken chunk=0 ids=148804 sha=35fab3e9ac4e92b2 hf_nopp_ids=148804 hf_nopp_sha=35fab3e9ac4e92b2 same_as_hf_nopp=yes first_diff=none
tikt  chunk       0     28.07 MB/s   6.794 Mtok/s    21902001 ns/call  ids==hf(no post-processor): yes
REF tool=tiktoken version=0.14.0 chunk=0 bytes=614699 calls=1 ids=148804 sha=35fab3e9ac4e92b2 s=0.021902 reps=3 hf_nopp_ids=148804 hf_nopp_sha=35fab3e9ac4e92b2 same_as_hf_nopp=yes
EXACT yes toks == hf (148804 35fab3e9ac4e92b2)
LOAD after  1.88 1.86 1.99 
== o200k ml chunk 4096
LOAD before  1.88 1.86 1.99 
toks  chunk    4096  cold   113.0 MB/s  28.71 Mtok/s     39509 ns/call | pass   151.4 MB/s | warm   294.8 MB/s | floor  32292.2 MB/s (memcpy) x_floor    213 | neon
E2E tool=toks tier=neon chunk=4096 bytes=6443660 calls=1443 ids=1636582 sha=d5f4dcb8a4c0c1ca cold_s=0.057012 pass_s=0.042553 warm_s=0.021859 lang_s=0.042252 warmo_s=0.025053 coldo_s=0.057035 floor_s=0.000200 floor_v=memcpy floor_xor_s=0.000422 floor_memcpy_s=0.000200 floor_nt_s=0.000440 ghz0=3.633 ghz1=3.640 load_ms=295 scratch_mib=6.37 cache_mib=0 memo_mib=4 reps=5 pass_after=other cold_reps_s=0.057203,0.057017,0.057012,0.057097,0.057223 pass_reps_s=0.042563,0.042765,0.042560,0.042576,0.042553 warm_reps_s=0.021872,0.021910,0.021859,0.021867,0.021992 lang_reps_s=0.043208,0.042290,0.042372,0.042352,0.042252 warmo_reps_s=0.025101,0.025107,0.025100,0.025156,0.025053 coldo_reps_s=0.057167,0.057196,0.057035,0.057193,0.057243
CTR pieces=1187496 one=149877 over15=39097 cold=893587/59059/234850 lc=0/0 memo=13084288/0 pass=177507/878953/131036 lc=0/0 memo=4062912/0 warm=111702/692551/54836 lc=0/0 memo=0/420 lang=173740/882964/130792 lc=0/0 memo=12352/0 warmo=116184/675623/71391 lc=0/0 memo=4055104/415 coldo=893587/59059/234850 lc=0/0 memo=13084288/0
giga  chunk    4096  cold    50.5 MB/s | pass   113.5 MB/s | warm   354.2 MB/s | bpe
GIGA tool=gigatoken version=fac0114b37120ec8a76362e9ee8e1c742aaafaef kind=bpe chunk=4096 bytes=6443660 calls=1443 ids=1636582 cold_s=0.127662 pass_s=0.056792 warm_s=0.018194 lang_s=0.055179 warmo_s=0.018545 coldo_s=0.127331 reps=5 cold_reps=2 load_ms=325 fresh_state_ms=6.926 cache_entries=304852 cache_mib=512 pass_after=other cold_reps_s=0.131400,0.127662 pass_reps_s=0.057369,0.056856,0.057138,0.056792,0.056982 entries_pass=304852 warm_reps_s=0.018211,0.018214,0.018244,0.018194,0.018271 entries_warm=304852 lang_reps_s=0.055523,0.055405,0.055179,0.056003,0.055346 entries_lang=443631 warmo_reps_s=0.018630,0.018548,0.018545,0.018655,0.018605 entries_warmo=443631 coldo_reps_s=0.127917,0.127331
hf    chunk    4096      4.91 MB/s   1.247 Mtok/s      909289 ns/call
REF tool=hf version=0.23.2 chunk=4096 bytes=6443660 calls=1443 ids=1636582 sha=d5f4dcb8a4c0c1ca s=1.312104 reps=3
FIRSTDIFF none
REF tool=gigatoken chunk=4096 ids=1636582 sha=d5f4dcb8a4c0c1ca hf_nopp_ids=1636582 hf_nopp_sha=d5f4dcb8a4c0c1ca same_as_hf_nopp=yes first_diff=none
tikt  chunk    4096     23.95 MB/s   6.082 Mtok/s      186484 ns/call  ids==hf(no post-processor): yes
REF tool=tiktoken version=0.14.0 chunk=4096 bytes=6443660 calls=1443 ids=1636582 sha=d5f4dcb8a4c0c1ca s=0.269097 reps=3 hf_nopp_ids=1636582 hf_nopp_sha=d5f4dcb8a4c0c1ca same_as_hf_nopp=yes
EXACT yes toks == hf (1636582 d5f4dcb8a4c0c1ca)
LOAD after  2.00 1.89 2.00 
== o200k ml chunk 0
LOAD before  2.00 1.89 2.00 
toks  chunk       0  cold   154.7 MB/s  39.27 Mtok/s  41664583 ns/call | pass   153.0 MB/s | warm   164.1 MB/s | floor  31116.2 MB/s (memcpy) x_floor    203 | neon
E2E tool=toks tier=neon chunk=0 bytes=6443660 calls=1 ids=1636102 sha=a0926b7bdf84e6a4 cold_s=0.041665 pass_s=0.042110 warm_s=0.039277 lang_s=0.041882 warmo_s=0.041447 coldo_s=0.042055 floor_s=0.000207 floor_v=memcpy floor_xor_s=0.000399 floor_memcpy_s=0.000207 floor_nt_s=0.000405 ghz0=3.644 ghz1=3.641 load_ms=295 scratch_mib=227.23 cache_mib=0 memo_mib=4 reps=5 pass_after=other cold_reps_s=0.041665,0.041855,0.042080,0.043342,0.044089 pass_reps_s=0.042182,0.042257,0.042949,0.042110,0.042222 warm_reps_s=0.039277,0.039318,0.039622,0.039463,0.039285 lang_reps_s=0.041992,0.042023,0.042120,0.041882,0.042116 warmo_reps_s=0.041477,0.044455,0.041669,0.041447,0.041568 coldo_reps_s=0.042209,0.042135,0.042125,0.042175,0.042055
CTR pieces=1186921 one=149377 over15=39097 cold=176960/878933/131028 lc=0/0 memo=0/0 pass=176960/878933/131028 lc=0/0 memo=0/0 warm=169729/900765/116427 lc=0/0 memo=0/0 lang=173239/882898/130784 lc=0/0 memo=0/0 warmo=172499/886645/127777 lc=0/0 memo=0/0 coldo=176960/878933/131028 lc=0/0 memo=0/0
giga  chunk       0  cold   113.1 MB/s | pass   113.8 MB/s | warm   361.2 MB/s | bpe
GIGA tool=gigatoken version=fac0114b37120ec8a76362e9ee8e1c742aaafaef kind=bpe chunk=0 bytes=6443660 calls=1 ids=1636102 cold_s=0.056984 pass_s=0.056603 warm_s=0.017838 lang_s=0.055726 warmo_s=0.018327 coldo_s=0.056509 reps=5 cold_reps=2 load_ms=324 fresh_state_ms=6.852 cache_entries=304846 cache_mib=512 pass_after=other cold_reps_s=0.058326,0.056984 pass_reps_s=0.056603,0.057421,0.057333,0.057321,0.057304 entries_pass=304846 warm_reps_s=0.017870,0.017917,0.017916,0.017838,0.017881 entries_warm=304846 lang_reps_s=0.056517,0.055726,0.055814,0.055735,0.056378 entries_lang=443625 warmo_reps_s=0.018327,0.018336,0.018338,0.018365,0.018353 entries_warmo=443625 coldo_reps_s=0.056716,0.056509
hf    chunk       0      3.90 MB/s   0.991 Mtok/s  1651493042 ns/call
REF tool=hf version=0.23.2 chunk=0 bytes=6443660 calls=1 ids=1636102 sha=a0926b7bdf84e6a4 s=1.651493 reps=3
FIRSTDIFF none
REF tool=gigatoken chunk=0 ids=1636102 sha=a0926b7bdf84e6a4 hf_nopp_ids=1636102 hf_nopp_sha=a0926b7bdf84e6a4 same_as_hf_nopp=yes first_diff=none
tikt  chunk       0     23.23 MB/s   5.898 Mtok/s   277413375 ns/call  ids==hf(no post-processor): yes
REF tool=tiktoken version=0.14.0 chunk=0 bytes=6443660 calls=1 ids=1636102 sha=a0926b7bdf84e6a4 s=0.277413 reps=3 hf_nopp_ids=1636102 hf_nopp_sha=a0926b7bdf84e6a4 same_as_hf_nopp=yes
EXACT yes toks == hf (1636102 a0926b7bdf84e6a4)
LOAD after  1.92 1.88 1.99 
== o200k cjk chunk 4096
LOAD before  1.92 1.88 1.99 
toks  chunk    4096  cold   150.2 MB/s  50.89 Mtok/s     28005 ns/call | pass   157.2 MB/s | warm   381.1 MB/s | floor  29714.9 MB/s (memcpy) x_floor    189 | neon
E2E tool=toks tier=neon chunk=4096 bytes=3129985 calls=744 ids=1060348 sha=28db0aa0f8e1383a cold_s=0.020836 pass_s=0.019913 warm_s=0.008213 lang_s=0.019702 warmo_s=0.009500 coldo_s=0.020965 floor_s=0.000105 floor_v=memcpy floor_xor_s=0.000223 floor_memcpy_s=0.000105 floor_nt_s=0.000234 ghz0=3.431 ghz1=3.639 load_ms=299 scratch_mib=6.37 cache_mib=0 memo_mib=4 reps=5 pass_after=other cold_reps_s=0.023111,0.021323,0.021860,0.021482,0.020836 pass_reps_s=0.020130,0.020123,0.020290,0.020112,0.019913 warm_reps_s=0.008262,0.008218,0.008950,0.008224,0.008213 lang_reps_s=0.019807,0.019902,0.019885,0.019811,0.019702 warmo_reps_s=0.009704,0.009647,0.009696,0.009672,0.009500 coldo_reps_s=0.021330,0.020965,0.021250,0.021095,0.021105
CTR pieces=270841 one=17410 over15=74895 cold=111624/15688/143529 lc=0/0 memo=7420416/0 pass=24296/120998/125547 lc=0/0 memo=4059968/0 warm=1073/52388/47614 lc=0/0 memo=0/400 lang=20986/124502/125353 lc=0/0 memo=0/0 warmo=2457/43060/59034 lc=0/0 memo=3422400/394 coldo=111624/15688/143529 lc=0/0 memo=7420416/0
giga  chunk    4096  cold    25.1 MB/s | pass    38.8 MB/s | warm   226.4 MB/s | bpe
GIGA tool=gigatoken version=fac0114b37120ec8a76362e9ee8e1c742aaafaef kind=bpe chunk=4096 bytes=3129985 calls=744 ids=1060348 cold_s=0.124483 pass_s=0.080748 warm_s=0.013825 lang_s=0.078964 warmo_s=0.014178 coldo_s=0.125006 reps=5 cold_reps=2 load_ms=327 fresh_state_ms=6.805 cache_entries=315704 cache_mib=512 pass_after=other cold_reps_s=0.124483,0.124508 pass_reps_s=0.080974,0.080936,0.083632,0.080748,0.081527 entries_pass=315704 warm_reps_s=0.014056,0.013825,0.013990,0.013961,0.014093 entries_warm=315704 lang_reps_s=0.079596,0.078964,0.079053,0.079047,0.078964 entries_lang=443631 warmo_reps_s=0.014256,0.014181,0.014203,0.014178,0.014264 entries_warmo=443631 coldo_reps_s=0.125615,0.125006
hf    chunk    4096      5.19 MB/s   1.759 Mtok/s      810196 ns/call
REF tool=hf version=0.23.2 chunk=4096 bytes=3129985 calls=744 ids=1060348 sha=28db0aa0f8e1383a s=0.602786 reps=3
FIRSTDIFF none
REF tool=gigatoken chunk=4096 ids=1060348 sha=28db0aa0f8e1383a hf_nopp_ids=1060348 hf_nopp_sha=28db0aa0f8e1383a same_as_hf_nopp=yes first_diff=none
tikt  chunk    4096     18.68 MB/s   6.327 Mtok/s      225259 ns/call  ids==hf(no post-processor): yes
REF tool=tiktoken version=0.14.0 chunk=4096 bytes=3129985 calls=744 ids=1060348 sha=28db0aa0f8e1383a s=0.167593 reps=3 hf_nopp_ids=1060348 hf_nopp_sha=28db0aa0f8e1383a same_as_hf_nopp=yes
EXACT yes toks == hf (1060348 28db0aa0f8e1383a)
LOAD after  2.44 1.99 2.03 
== o200k cjk chunk 0
LOAD before  2.44 1.99 2.03 
toks  chunk       0  cold   161.3 MB/s  54.62 Mtok/s  19410208 ns/call | pass   158.6 MB/s | warm   178.1 MB/s | floor  21340.8 MB/s (memcpy) x_floor    135 | neon
E2E tool=toks tier=neon chunk=0 bytes=3129985 calls=1 ids=1060268 sha=0302c9a0c42e4651 cold_s=0.019410 pass_s=0.019737 warm_s=0.017575 lang_s=0.019681 warmo_s=0.019572 coldo_s=0.019723 floor_s=0.000147 floor_v=memcpy floor_xor_s=0.000220 floor_memcpy_s=0.000147 floor_nt_s=0.000215 ghz0=3.636 ghz1=3.646 load_ms=299 scratch_mib=113.46 cache_mib=0 memo_mib=4 reps=5 pass_after=other cold_reps_s=0.019449,0.019410,0.019549,0.019545,0.019586 pass_reps_s=0.019780,0.019739,0.019737,0.019890,0.019886 warm_reps_s=0.017605,0.017747,0.017653,0.017576,0.017575 lang_reps_s=0.019714,0.019681,0.019806,0.019764,0.021733 warmo_reps_s=0.019768,0.019619,0.019693,0.019711,0.019572 coldo_reps_s=0.019723,0.019727,0.019848,0.019788,0.019764
CTR pieces=270761 one=17344 over15=74895 cold=24163/121051/125547 lc=0/0 memo=0/0 pass=24163/121051/125547 lc=0/0 memo=0/0 warm=18834/148212/103715 lc=0/0 memo=0/0 lang=20920/124488/125353 lc=0/0 memo=0/0 warmo=20870/125575/124316 lc=0/0 memo=0/0 coldo=24163/121051/125547 lc=0/0 memo=0/0
giga  chunk       0  cold    39.2 MB/s | pass    39.2 MB/s | warm   228.0 MB/s | bpe
GIGA tool=gigatoken version=fac0114b37120ec8a76362e9ee8e1c742aaafaef kind=bpe chunk=0 bytes=3129985 calls=1 ids=1060268 cold_s=0.079824 pass_s=0.079817 warm_s=0.013726 lang_s=0.078731 warmo_s=0.013860 coldo_s=0.079951 reps=5 cold_reps=2 load_ms=325 fresh_state_ms=6.815 cache_entries=315704 cache_mib=512 pass_after=other cold_reps_s=0.080623,0.079824 pass_reps_s=0.079817,0.080284,0.080258,0.080267,0.080081 entries_pass=315704 warm_reps_s=0.013906,0.013726,0.013904,0.013771,0.013883 entries_warm=315704 lang_reps_s=0.079346,0.078759,0.078852,0.078731,0.078748 entries_lang=443631 warmo_reps_s=0.013950,0.014206,0.014038,0.014238,0.013860 entries_warmo=443631 coldo_reps_s=0.080032,0.079951
hf    chunk       0      4.10 MB/s   1.389 Mtok/s   763272542 ns/call
REF tool=hf version=0.23.2 chunk=0 bytes=3129985 calls=1 ids=1060268 sha=0302c9a0c42e4651 s=0.763273 reps=3
FIRSTDIFF none
REF tool=gigatoken chunk=0 ids=1060268 sha=0302c9a0c42e4651 hf_nopp_ids=1060268 hf_nopp_sha=0302c9a0c42e4651 same_as_hf_nopp=yes first_diff=none
tikt  chunk       0     18.29 MB/s   6.194 Mtok/s   171164333 ns/call  ids==hf(no post-processor): yes
REF tool=tiktoken version=0.14.0 chunk=0 bytes=3129985 calls=1 ids=1060268 sha=0302c9a0c42e4651 s=0.171164 reps=3 hf_nopp_ids=1060268 hf_nopp_sha=0302c9a0c42e4651 same_as_hf_nopp=yes
EXACT yes toks == hf (1060268 0302c9a0c42e4651)
LOAD after  2.22 1.96 2.02 
== gemma4 en chunk 4096
LOAD before  2.22 1.96 2.02 
toks  chunk    4096  cold   146.2 MB/s  37.66 Mtok/s     28185 ns/call | pass   201.2 MB/s | warm  5112.6 MB/s | floor  36125.7 MB/s (memcpy) x_floor    180 | neon
E2E tool=toks tier=neon chunk=4096 bytes=2048653 calls=497 ids=527531 sha=09870e3388977edc cold_s=0.014008 pass_s=0.010184 warm_s=0.000401 lang_s=0.010253 warmo_s=0.000978 coldo_s=0.014745 floor_s=0.000057 floor_v=memcpy floor_xor_s=0.000126 floor_memcpy_s=0.000057 floor_nt_s=0.000129 ghz0=3.626 ghz1=3.645 load_ms=314 scratch_mib=6.37 cache_mib=0 memo_mib=4 reps=5 pass_after=other cold_reps_s=0.014008,0.014197,0.014169,0.014163,0.014180 pass_reps_s=0.010184,0.010202,0.010225,0.010185,0.010243 warm_reps_s=0.000418,0.000406,0.000402,0.000401,0.000401 lang_reps_s=0.010300,0.010311,0.010263,0.010283,0.010253 warmo_reps_s=0.000983,0.000978,0.000981,0.000978,0.000981 coldo_reps_s=0.014761,0.014758,0.014745,0.014757,0.014761
CTR pieces=497 one=0 over15=497 cold=0/0/0 lc=0/0 memo=4191232/0 pass=0/0/0 lc=0/0 memo=4063104/0 warm=0/0/0 lc=0/0 memo=0/478 lang=0/0/0 lc=0/0 memo=0/0 warmo=0/0/0 lc=0/0 memo=204928/470 coldo=0/0/0 lc=0/0 memo=4191232/0
giga  chunk    4096  cold    42.5 MB/s | pass    85.8 MB/s | warm   329.1 MB/s | spm
GIGA tool=gigatoken version=fac0114b37120ec8a76362e9ee8e1c742aaafaef kind=spm chunk=4096 bytes=2048653 calls=497 ids=527531 cold_s=0.048248 pass_s=0.023871 warm_s=0.006226 lang_s=0.022846 warmo_s=0.007207 coldo_s=0.050390 reps=5 cold_reps=2 load_ms=258 fresh_state_ms=0.276 cache_entries=45010 cache_mib=512 pass_after=other cold_reps_s=0.049891,0.048248 pass_reps_s=0.023979,0.025326,0.024184,0.023871,0.023941 entries_pass=45010 warm_reps_s=0.006240,0.006945,0.006226,0.006244,0.006251 entries_warm=45010 lang_reps_s=0.022982,0.023076,0.022974,0.023061,0.022846 entries_lang=243552 warmo_reps_s=0.007298,0.007236,0.007231,0.007310,0.007207 entries_warmo=243552 coldo_reps_s=0.050390,0.050646
hf    chunk    4096      4.82 MB/s   1.240 Mtok/s      856041 ns/call
REF tool=hf version=0.23.2 chunk=4096 bytes=2048653 calls=497 ids=527531 sha=09870e3388977edc s=0.425452 reps=3
FIRSTDIFF none
REF tool=gigatoken chunk=4096 ids=527531 sha=09870e3388977edc hf_nopp_ids=527531 hf_nopp_sha=09870e3388977edc same_as_hf_nopp=yes first_diff=none
REF tool=tiktoken chunk=4096 na=not_one_split_pattern_plus_bytelevel
EXACT yes toks == hf (527531 09870e3388977edc)
LOAD after  2.34 1.99 2.03 
== gemma4 en chunk 0
LOAD before  2.34 1.99 2.03 
toks  chunk       0  cold   220.6 MB/s  56.81 Mtok/s   9286125 ns/call | pass   204.6 MB/s | warm   285.9 MB/s | floor  30182.7 MB/s (memcpy) x_floor    148 | neon
E2E tool=toks tier=neon chunk=0 bytes=2048653 calls=1 ids=527531 sha=09870e3388977edc cold_s=0.009286 pass_s=0.010012 warm_s=0.007167 lang_s=0.010177 warmo_s=0.010099 coldo_s=0.009853 floor_s=0.000068 floor_v=memcpy floor_xor_s=0.000133 floor_memcpy_s=0.000068 floor_nt_s=0.000140 ghz0=3.638 ghz1=3.639 load_ms=318 scratch_mib=76.34 cache_mib=0 memo_mib=4 reps=5 pass_after=other cold_reps_s=0.009310,0.009418,0.009286,0.009440,0.009422 pass_reps_s=0.010012,0.010055,0.010079,0.010079,0.010035 warm_reps_s=0.007200,0.007186,0.007206,0.007167,0.007200 lang_reps_s=0.010261,0.010315,0.010305,0.010177,0.010288 warmo_reps_s=0.010206,0.010242,0.010107,0.010258,0.010099 coldo_reps_s=0.009866,0.009853,0.010079,0.009999,0.009972
CTR pieces=1 one=0 over15=1 cold=0/0/0 lc=0/0 memo=0/0 pass=0/0/0 lc=0/0 memo=0/0 warm=0/0/0 lc=0/0 memo=0/0 lang=0/0/0 lc=0/0 memo=0/0 warmo=0/0/0 lc=0/0 memo=0/0 coldo=0/0/0 lc=0/0 memo=0/0
giga  chunk       0  cold    94.0 MB/s | pass    87.0 MB/s | warm   330.9 MB/s | spm
GIGA tool=gigatoken version=fac0114b37120ec8a76362e9ee8e1c742aaafaef kind=spm chunk=0 bytes=2048653 calls=1 ids=527531 cold_s=0.021786 pass_s=0.023545 warm_s=0.006191 lang_s=0.022600 warmo_s=0.007107 coldo_s=0.023539 reps=5 cold_reps=2 load_ms=263 fresh_state_ms=0.258 cache_entries=44777 cache_mib=512 pass_after=other cold_reps_s=0.023495,0.021786 pass_reps_s=0.023545,0.023613,0.023757,0.023950,0.023661 entries_pass=44777 warm_reps_s=0.006191,0.006257,0.006272,0.006259,0.006297 entries_warm=44777 lang_reps_s=0.022600,0.022729,0.022797,0.022985,0.022893 entries_lang=243327 warmo_reps_s=0.007199,0.007124,0.007118,0.007110,0.007107 entries_warmo=243327 coldo_reps_s=0.023539,0.023629
hf    chunk       0      2.78 MB/s   0.717 Mtok/s   735886000 ns/call
REF tool=hf version=0.23.2 chunk=0 bytes=2048653 calls=1 ids=527531 sha=09870e3388977edc s=0.735886 reps=3
FIRSTDIFF none
REF tool=gigatoken chunk=0 ids=527531 sha=09870e3388977edc hf_nopp_ids=527531 hf_nopp_sha=09870e3388977edc same_as_hf_nopp=yes first_diff=none
REF tool=tiktoken chunk=0 na=not_one_split_pattern_plus_bytelevel
EXACT yes toks == hf (527531 09870e3388977edc)
LOAD after  2.29 1.99 2.03 
== gemma4 code chunk 4096
LOAD before  2.29 1.99 2.03 
toks  chunk    4096  cold   134.5 MB/s  38.63 Mtok/s     30662 ns/call | pass   196.4 MB/s | warm 10008.6 MB/s | floor  31456.9 MB/s (memcpy) x_floor    160 | neon
E2E tool=toks tier=neon chunk=4096 bytes=614699 calls=149 ids=176484 sha=48cda16b7365ed5a cold_s=0.004569 pass_s=0.003130 warm_s=0.000061 lang_s=0.003131 warmo_s=0.000208 coldo_s=0.004765 floor_s=0.000020 floor_v=memcpy floor_xor_s=0.000041 floor_memcpy_s=0.000020 floor_nt_s=0.000043 ghz0=3.516 ghz1=3.642 load_ms=321 scratch_mib=6.37 cache_mib=0 memo_mib=4 reps=5 pass_after=other cold_reps_s=0.004569,0.005060,0.004781,0.004679,0.004687 pass_reps_s=0.003359,0.003142,0.003136,0.003130,0.003145 warm_reps_s=0.000062,0.000062,0.000061,0.000061,0.000061 lang_reps_s=0.003219,0.003131,0.003223,0.003253,0.003243 warmo_reps_s=0.000211,0.000218,0.000209,0.000208,0.000210 coldo_reps_s=0.004765,0.005334,0.004804,0.004933,0.004997
CTR pieces=149 one=0 over15=149 cold=0/0/0 lc=0/0 memo=1330048/0 pass=0/0/0 lc=0/0 memo=1330048/0 warm=0/0/0 lc=0/0 memo=0/149 lang=0/0/0 lc=0/0 memo=0/0 warmo=0/0/0 lc=0/0 memo=29248/145 coldo=0/0/0 lc=0/0 memo=1330048/0
giga  chunk    4096  cold    43.4 MB/s | pass    59.8 MB/s | warm   302.7 MB/s | spm
GIGA tool=gigatoken version=fac0114b37120ec8a76362e9ee8e1c742aaafaef kind=spm chunk=4096 bytes=614699 calls=149 ids=176484 cold_s=0.014153 pass_s=0.010278 warm_s=0.002031 lang_s=0.009835 warmo_s=0.002591 coldo_s=0.014991 reps=5 cold_reps=2 load_ms=257 fresh_state_ms=0.257 cache_entries=16272 cache_mib=512 pass_after=other cold_reps_s=0.014608,0.014153 pass_reps_s=0.010323,0.010287,0.010306,0.010306,0.010278 entries_pass=16272 warm_reps_s=0.002119,0.002031,0.002119,0.002122,0.002125 entries_warm=16272 lang_reps_s=0.009849,0.009859,0.009835,0.010686,0.009924 entries_lang=243549 warmo_reps_s=0.002611,0.002811,0.002592,0.002591,0.002624 entries_warmo=243549 coldo_reps_s=0.015669,0.014991
hf    chunk    4096      4.57 MB/s   1.312 Mtok/s      903092 ns/call
REF tool=hf version=0.23.2 chunk=4096 bytes=614699 calls=149 ids=176484 sha=48cda16b7365ed5a s=0.134561 reps=3
FIRSTDIFF none
REF tool=gigatoken chunk=4096 ids=176484 sha=48cda16b7365ed5a hf_nopp_ids=176484 hf_nopp_sha=48cda16b7365ed5a same_as_hf_nopp=yes first_diff=none
REF tool=tiktoken chunk=4096 na=not_one_split_pattern_plus_bytelevel
EXACT yes toks == hf (176484 48cda16b7365ed5a)
LOAD after  2.19 1.98 2.02 
== gemma4 code chunk 0
LOAD before  2.19 1.98 2.02 
toks  chunk       0  cold   236.6 MB/s  67.91 Mtok/s   2598250 ns/call | pass   202.7 MB/s | warm 12555.6 MB/s | floor  28757.8 MB/s (memcpy) x_floor    142 | neon
E2E tool=toks tier=neon chunk=0 bytes=614699 calls=1 ids=176460 sha=3f54c1cb7cbec863 cold_s=0.002598 pass_s=0.003033 warm_s=0.000049 lang_s=0.003210 warmo_s=0.003113 coldo_s=0.002941 floor_s=0.000021 floor_v=memcpy floor_xor_s=0.000040 floor_memcpy_s=0.000021 floor_nt_s=0.000044 ghz0=3.629 ghz1=3.644 load_ms=315 scratch_mib=27.11 cache_mib=0 memo_mib=4 reps=5 pass_after=other cold_reps_s=0.002657,0.002598,0.002801,0.002721,0.002835 pass_reps_s=0.003050,0.003121,0.003033,0.003042,0.003130 warm_reps_s=0.000051,0.000050,0.000049,0.000049,0.000050 lang_reps_s=0.003546,0.003217,0.003213,0.003210,0.003226 warmo_reps_s=0.003153,0.003220,0.003190,0.003113,0.003199 coldo_reps_s=0.003087,0.003137,0.003099,0.003082,0.002941
CTR pieces=1 one=0 over15=1 cold=0/0/0 lc=0/0 memo=1320576/0 pass=0/0/0 lc=0/0 memo=1320576/0 warm=0/0/0 lc=0/0 memo=0/1 lang=0/0/0 lc=0/0 memo=0/0 warmo=0/0/0 lc=0/0 memo=0/0 coldo=0/0/0 lc=0/0 memo=1320576/0
giga  chunk       0  cold    63.7 MB/s | pass    60.2 MB/s | warm   289.5 MB/s | spm
GIGA tool=gigatoken version=fac0114b37120ec8a76362e9ee8e1c742aaafaef kind=spm chunk=0 bytes=614699 calls=1 ids=176460 cold_s=0.009652 pass_s=0.010216 warm_s=0.002123 lang_s=0.009776 warmo_s=0.002598 coldo_s=0.010245 reps=5 cold_reps=2 load_ms=258 fresh_state_ms=0.277 cache_entries=16258 cache_mib=512 pass_after=other cold_reps_s=0.010133,0.009652 pass_reps_s=0.010216,0.010244,0.010272,0.010337,0.010276 entries_pass=16258 warm_reps_s=0.002129,0.002189,0.002140,0.002186,0.002123 entries_warm=16258 lang_reps_s=0.009795,0.009776,0.009872,0.009884,0.009827 entries_lang=243537 warmo_reps_s=0.002598,0.002619,0.002655,0.002617,0.002633 entries_warmo=243537 coldo_reps_s=0.010245,0.010281
hf    chunk       0      3.41 MB/s   0.979 Mtok/s   180336500 ns/call
REF tool=hf version=0.23.2 chunk=0 bytes=614699 calls=1 ids=176460 sha=3f54c1cb7cbec863 s=0.180336 reps=3
FIRSTDIFF none
REF tool=gigatoken chunk=0 ids=176460 sha=3f54c1cb7cbec863 hf_nopp_ids=176460 hf_nopp_sha=3f54c1cb7cbec863 same_as_hf_nopp=yes first_diff=none
REF tool=tiktoken chunk=0 na=not_one_split_pattern_plus_bytelevel
EXACT yes toks == hf (176460 3f54c1cb7cbec863)
LOAD after  2.17 1.98 2.02 
== gemma4 ml chunk 4096
LOAD before  2.17 1.98 2.02 
toks  chunk    4096  cold    93.2 MB/s  26.28 Mtok/s     47901 ns/call | pass   132.8 MB/s | warm   211.3 MB/s | floor  30732.8 MB/s (memcpy) x_floor    231 | neon
E2E tool=toks tier=neon chunk=4096 bytes=6443660 calls=1443 ids=1816536 sha=47721f7e6f57bff0 cold_s=0.069122 pass_s=0.048538 warm_s=0.030493 lang_s=0.048543 warmo_s=0.032023 coldo_s=0.069394 floor_s=0.000210 floor_v=memcpy floor_xor_s=0.000436 floor_memcpy_s=0.000210 floor_nt_s=0.000452 ghz0=3.626 ghz1=3.648 load_ms=314 scratch_mib=6.37 cache_mib=0 memo_mib=4 reps=5 pass_after=other cold_reps_s=0.069203,0.069359,0.069195,0.069122,0.069242 pass_reps_s=0.048891,0.048698,0.048538,0.049108,0.048546 warm_reps_s=0.030655,0.030593,0.030715,0.034039,0.030493 lang_reps_s=0.048645,0.048608,0.048656,0.049001,0.048543 warmo_reps_s=0.032223,0.032370,0.032119,0.032147,0.032023 coldo_reps_s=0.069607,0.069394,0.069422,0.069615,0.071275
CTR pieces=1443 one=0 over15=1443 cold=0/0/0 lc=0/0 memo=13804480/0 pass=0/0/0 lc=0/0 memo=4072448/0 warm=0/0/0 lc=0/0 memo=4053248/392 lang=0/0/0 lc=0/0 memo=9152/0 warmo=0/0/0 lc=0/0 memo=4053248/392 coldo=0/0/0 lc=0/0 memo=13804480/0
giga  chunk    4096  cold    46.5 MB/s | pass    69.8 MB/s | warm   308.5 MB/s | spm
GIGA tool=gigatoken version=fac0114b37120ec8a76362e9ee8e1c742aaafaef kind=spm chunk=4096 bytes=6443660 calls=1443 ids=1816536 cold_s=0.138716 pass_s=0.092323 warm_s=0.020887 lang_s=0.092764 warmo_s=0.021574 coldo_s=0.140839 reps=5 cold_reps=2 load_ms=257 fresh_state_ms=0.011 cache_entries=166122 cache_mib=512 pass_after=other cold_reps_s=0.140629,0.138716 pass_reps_s=0.092323,0.092745,0.092721,0.094004,0.092965 entries_pass=166122 warm_reps_s=0.020887,0.020901,0.020971,0.021135,0.020971 entries_warm=166122 lang_reps_s=0.093404,0.093254,0.093541,0.093066,0.092764 entries_lang=243549 warmo_reps_s=0.021948,0.021595,0.023077,0.021574,0.021863 entries_warmo=243549 coldo_reps_s=0.140855,0.140839
hf    chunk    4096      5.77 MB/s   1.628 Mtok/s      773406 ns/call
REF tool=hf version=0.23.2 chunk=4096 bytes=6443660 calls=1443 ids=1816536 sha=47721f7e6f57bff0 s=1.116024 reps=3
FIRSTDIFF none
REF tool=gigatoken chunk=4096 ids=1816536 sha=47721f7e6f57bff0 hf_nopp_ids=1816536 hf_nopp_sha=47721f7e6f57bff0 same_as_hf_nopp=yes first_diff=none
REF tool=tiktoken chunk=4096 na=not_one_split_pattern_plus_bytelevel
EXACT yes toks == hf (1816536 47721f7e6f57bff0)
LOAD after  2.14 1.98 2.02 
== gemma4 ml chunk 0
LOAD before  2.14 1.98 2.02 
toks  chunk       0  cold   137.1 MB/s  38.64 Mtok/s  46997375 ns/call | pass   134.8 MB/s | warm   140.0 MB/s | floor  20157.5 MB/s (memcpy) x_floor    150 | neon
E2E tool=toks tier=neon chunk=0 bytes=6443660 calls=1 ids=1816053 sha=2c9814edfdf61d42 cold_s=0.046997 pass_s=0.047807 warm_s=0.046037 lang_s=0.047806 warmo_s=0.047232 coldo_s=0.047869 floor_s=0.000320 floor_v=memcpy floor_xor_s=0.000407 floor_memcpy_s=0.000320 floor_nt_s=0.000418 ghz0=3.643 ghz1=3.643 load_ms=314 scratch_mib=227.23 cache_mib=0 memo_mib=4 reps=5 pass_after=other cold_reps_s=0.046997,0.047814,0.047758,0.047731,0.047712 pass_reps_s=0.047807,0.047901,0.047910,0.047892,0.051021 warm_reps_s=0.046037,0.046158,0.046057,0.046163,0.046559 lang_reps_s=0.047976,0.047806,0.047901,0.047988,0.047975 warmo_reps_s=0.047246,0.047241,0.047264,0.047232,0.047394 coldo_reps_s=0.048006,0.047945,0.047880,0.047878,0.047869
CTR pieces=1 one=0 over15=1 cold=0/0/0 lc=0/0 memo=0/0 pass=0/0/0 lc=0/0 memo=0/0 warm=0/0/0 lc=0/0 memo=0/0 lang=0/0/0 lc=0/0 memo=0/0 warmo=0/0/0 lc=0/0 memo=0/0 coldo=0/0/0 lc=0/0 memo=0/0
giga  chunk       0  cold    71.5 MB/s | pass    71.0 MB/s | warm   311.6 MB/s | spm
GIGA tool=gigatoken version=fac0114b37120ec8a76362e9ee8e1c742aaafaef kind=spm chunk=0 bytes=6443660 calls=1 ids=1816053 cold_s=0.090140 pass_s=0.090733 warm_s=0.020680 lang_s=0.092876 warmo_s=0.021655 coldo_s=0.091856 reps=5 cold_reps=2 load_ms=257 fresh_state_ms=0.009 cache_entries=165401 cache_mib=512 pass_after=other cold_reps_s=0.093285,0.090140 pass_reps_s=0.090733,0.092845,0.092612,0.094798,0.092489 entries_pass=165401 warm_reps_s=0.020680,0.020749,0.020843,0.021103,0.020827 entries_warm=165401 lang_reps_s=0.093555,0.095111,0.092876,0.093363,0.092925 entries_lang=242859 warmo_reps_s=0.021926,0.021885,0.021719,0.021775,0.021655 entries_warmo=242859 coldo_reps_s=0.096079,0.091856
hf    chunk       0      2.81 MB/s   0.791 Mtok/s  2296600834 ns/call
REF tool=hf version=0.23.2 chunk=0 bytes=6443660 calls=1 ids=1816053 sha=2c9814edfdf61d42 s=2.296601 reps=3
FIRSTDIFF none
REF tool=gigatoken chunk=0 ids=1816053 sha=2c9814edfdf61d42 hf_nopp_ids=1816053 hf_nopp_sha=2c9814edfdf61d42 same_as_hf_nopp=yes first_diff=none
REF tool=tiktoken chunk=0 na=not_one_split_pattern_plus_bytelevel
EXACT yes toks == hf (1816053 2c9814edfdf61d42)
LOAD after  1.94 1.94 2.00 
== gemma4 cjk chunk 4096
LOAD before  1.94 1.94 2.00 
toks  chunk    4096  cold   190.2 MB/s  59.68 Mtok/s     22121 ns/call | pass   238.2 MB/s | warm   665.8 MB/s | floor  24989.9 MB/s (memcpy) x_floor    105 | neon
E2E tool=toks tier=neon chunk=4096 bytes=3129985 calls=744 ids=982271 sha=06e87199707be2c8 cold_s=0.016458 pass_s=0.013140 warm_s=0.004701 lang_s=0.013108 warmo_s=0.005710 coldo_s=0.017500 floor_s=0.000125 floor_v=memcpy floor_xor_s=0.000214 floor_memcpy_s=0.000125 floor_nt_s=0.000228 ghz0=3.639 ghz1=3.645 load_ms=309 scratch_mib=6.37 cache_mib=0 memo_mib=4 reps=5 pass_after=other cold_reps_s=0.016458,0.016774,0.016902,0.016760,0.016731 pass_reps_s=0.013266,0.013393,0.013140,0.013265,0.013187 warm_reps_s=0.004702,0.004707,0.004701,0.004744,0.004728 lang_reps_s=0.013187,0.013204,0.013385,0.013108,0.013358 warmo_reps_s=0.005878,0.005892,0.005716,0.006452,0.005710 coldo_reps_s=0.017578,0.017536,0.017558,0.017500,0.017566
CTR pieces=744 one=0 over15=744 cold=0/0/0 lc=0/0 memo=7108224/0 pass=0/0/0 lc=0/0 memo=4062400/0 warm=0/0/0 lc=0/0 memo=0/414 lang=0/0/0 lc=0/0 memo=0/0 warmo=0/0/0 lc=0/0 memo=3045824/413 coldo=0/0/0 lc=0/0 memo=7108224/0
giga  chunk    4096  cold    95.8 MB/s | pass    90.4 MB/s | warm  1271.7 MB/s | spm
GIGA tool=gigatoken version=fac0114b37120ec8a76362e9ee8e1c742aaafaef kind=spm chunk=4096 bytes=3129985 calls=744 ids=982271 cold_s=0.032675 pass_s=0.034614 warm_s=0.002461 lang_s=0.032979 warmo_s=0.002824 coldo_s=0.034239 reps=5 cold_reps=2 load_ms=258 fresh_state_ms=0.267 cache_entries=22738 cache_mib=512 pass_after=other cold_reps_s=0.033365,0.032675 pass_reps_s=0.035290,0.034614,0.036122,0.034683,0.036335 entries_pass=22738 warm_reps_s=0.002574,0.002461,0.002572,0.002510,0.002621 entries_warm=22738 lang_reps_s=0.033428,0.033007,0.033208,0.032979,0.033361 entries_lang=243550 warmo_reps_s=0.002824,0.002877,0.002981,0.002910,0.002981 entries_warmo=243550 coldo_reps_s=0.034239,0.034312
hf    chunk    4096     11.03 MB/s   3.460 Mtok/s      381555 ns/call
REF tool=hf version=0.23.2 chunk=4096 bytes=3129985 calls=744 ids=982271 sha=06e87199707be2c8 s=0.283877 reps=3
FIRSTDIFF none
REF tool=gigatoken chunk=4096 ids=982271 sha=06e87199707be2c8 hf_nopp_ids=982271 hf_nopp_sha=06e87199707be2c8 same_as_hf_nopp=yes first_diff=none
REF tool=tiktoken chunk=4096 na=not_one_split_pattern_plus_bytelevel
EXACT yes toks == hf (982271 06e87199707be2c8)
LOAD after  1.79 1.91 1.99 
== gemma4 cjk chunk 0
LOAD before  1.79 1.91 1.99 
toks  chunk       0  cold   255.5 MB/s  80.18 Mtok/s  12250500 ns/call | pass   246.6 MB/s | warm   282.4 MB/s | floor  27021.5 MB/s (memcpy) x_floor    110 | neon
E2E tool=toks tier=neon chunk=0 bytes=3129985 calls=1 ids=982205 sha=f7330b2056cd4e2c cold_s=0.012251 pass_s=0.012692 warm_s=0.011085 lang_s=0.012778 warmo_s=0.012744 coldo_s=0.012695 floor_s=0.000116 floor_v=memcpy floor_xor_s=0.000215 floor_memcpy_s=0.000116 floor_nt_s=0.000226 ghz0=3.646 ghz1=3.644 load_ms=314 scratch_mib=113.46 cache_mib=0 memo_mib=4 reps=5 pass_after=other cold_reps_s=0.012251,0.012258,0.012427,0.013686,0.013864 pass_reps_s=0.012716,0.012798,0.013334,0.012747,0.012692 warm_reps_s=0.011101,0.011085,0.011911,0.011103,0.011094 lang_reps_s=0.012802,0.012858,0.012975,0.012825,0.012778 warmo_reps_s=0.012892,0.012764,0.012913,0.012744,0.012772 coldo_reps_s=0.012833,0.012940,0.012695,0.012877,0.012828
CTR pieces=1 one=0 over15=1 cold=0/0/0 lc=0/0 memo=0/0 pass=0/0/0 lc=0/0 memo=0/0 warm=0/0/0 lc=0/0 memo=0/0 lang=0/0/0 lc=0/0 memo=0/0 warmo=0/0/0 lc=0/0 memo=0/0 coldo=0/0/0 lc=0/0 memo=0/0
giga  chunk       0  cold    95.2 MB/s | pass    93.1 MB/s | warm  1295.6 MB/s | spm
GIGA tool=gigatoken version=fac0114b37120ec8a76362e9ee8e1c742aaafaef kind=spm chunk=0 bytes=3129985 calls=1 ids=982205 cold_s=0.032874 pass_s=0.033622 warm_s=0.002416 lang_s=0.032838 warmo_s=0.002866 coldo_s=0.033718 reps=5 cold_reps=2 load_ms=257 fresh_state_ms=0.277 cache_entries=22042 cache_mib=512 pass_after=other cold_reps_s=0.035405,0.032874 pass_reps_s=0.033622,0.034449,0.034355,0.034123,0.034466 entries_pass=22042 warm_reps_s=0.002443,0.002444,0.002436,0.002416,0.002766 entries_warm=22042 lang_reps_s=0.033054,0.032919,0.032838,0.033141,0.033390 entries_lang=242865 warmo_reps_s=0.002875,0.002925,0.002884,0.002866,0.003017 entries_warmo=242865 coldo_reps_s=0.033833,0.033718
hf    chunk       0      7.58 MB/s   2.378 Mtok/s   413022416 ns/call
REF tool=hf version=0.23.2 chunk=0 bytes=3129985 calls=1 ids=982205 sha=f7330b2056cd4e2c s=0.413022 reps=3
FIRSTDIFF none
REF tool=gigatoken chunk=0 ids=982205 sha=f7330b2056cd4e2c hf_nopp_ids=982205 hf_nopp_sha=f7330b2056cd4e2c same_as_hf_nopp=yes first_diff=none
REF tool=tiktoken chunk=0 na=not_one_split_pattern_plus_bytelevel
EXACT yes toks == hf (982205 f7330b2056cd4e2c)
LOAD after  1.73 1.90 1.99 
== nemotron3-4b en chunk 4096
LOAD before  1.73 1.90 1.99 
toks  chunk    4096  cold   213.5 MB/s  57.03 Mtok/s     19308 ns/call | pass   324.1 MB/s | warm  6033.6 MB/s | floor  31437.0 MB/s (memcpy) x_floor     97 | neon
E2E tool=toks tier=neon chunk=4096 bytes=2048653 calls=497 ids=547308 sha=c28522da4e76c6f2 cold_s=0.009596 pass_s=0.006322 warm_s=0.000340 lang_s=0.006063 warmo_s=0.000806 coldo_s=0.009766 floor_s=0.000065 floor_v=memcpy floor_xor_s=0.000137 floor_memcpy_s=0.000065 floor_nt_s=0.000131 ghz0=3.637 ghz1=3.647 load_ms=180 scratch_mib=6.37 cache_mib=0 memo_mib=4 reps=5 pass_after=other cold_reps_s=0.009882,0.009778,0.009596,0.009748,0.009624 pass_reps_s=0.006330,0.006448,0.006322,0.006343,0.006382 warm_reps_s=0.000340,0.000364,0.000359,0.000365,0.000359 lang_reps_s=0.006142,0.006063,0.006179,0.006196,0.006074 warmo_reps_s=0.000806,0.000806,0.000817,0.000870,0.000877 coldo_reps_s=0.010025,0.009973,0.009789,0.009944,0.009766
CTR pieces=437849 one=47617 over15=276 cold=357151/30501/50197 lc=0/0 memo=4271616/0 pass=62174/350764/24911 lc=0/0 memo=4062272/0 warm=2951/21492/396 lc=0/0 memo=0/469 lang=58082/355212/24555 lc=0/0 memo=0/0 warmo=5950/22087/2706 lc=0/0 memo=286528/462 coldo=357151/30501/50197 lc=0/0 memo=4271616/0
giga  chunk    4096  cold   107.2 MB/s | pass   268.1 MB/s | warm   533.1 MB/s | bpe
GIGA tool=gigatoken version=fac0114b37120ec8a76362e9ee8e1c742aaafaef kind=bpe chunk=4096 bytes=2048653 calls=497 ids=547308 cold_s=0.019114 pass_s=0.007642 warm_s=0.003843 lang_s=0.006692 warmo_s=0.003038 coldo_s=0.019191 reps=5 cold_reps=2 load_ms=198 fresh_state_ms=4.922 cache_entries=147442 cache_mib=512 pass_after=other cold_reps_s=0.019183,0.019114 pass_reps_s=0.007795,0.007850,0.007779,0.007839,0.007642 entries_pass=147442 warm_reps_s=0.003844,0.003875,0.003906,0.003854,0.003843 entries_warm=147442 lang_reps_s=0.006753,0.006692,0.006713,0.006728,0.006708 entries_lang=382483 warmo_reps_s=0.003049,0.003142,0.003038,0.003068,0.003040 entries_warmo=382483 coldo_reps_s=0.019191,0.019538
hf    chunk    4096      5.46 MB/s   1.459 Mtok/s      754706 ns/call
REF tool=hf version=0.23.2 chunk=4096 bytes=2048653 calls=497 ids=547308 sha=c28522da4e76c6f2 s=0.375089 reps=3
FIRSTDIFF none
REF tool=gigatoken chunk=4096 ids=547308 sha=c28522da4e76c6f2 hf_nopp_ids=547308 hf_nopp_sha=c28522da4e76c6f2 same_as_hf_nopp=yes first_diff=none
tikt  chunk    4096     32.06 MB/s   8.566 Mtok/s      128563 ns/call  ids==hf(no post-processor): yes
REF tool=tiktoken version=0.14.0 chunk=4096 bytes=2048653 calls=497 ids=547308 sha=c28522da4e76c6f2 s=0.063896 reps=3 hf_nopp_ids=547308 hf_nopp_sha=c28522da4e76c6f2 same_as_hf_nopp=yes
EXACT yes toks == hf (547308 c28522da4e76c6f2)
LOAD after  1.79 1.90 1.99 
== nemotron3-4b en chunk 0
LOAD before  1.79 1.90 1.99 
toks  chunk       0  cold   354.8 MB/s  94.78 Mtok/s   5774417 ns/call | pass   333.9 MB/s | warm   581.7 MB/s | floor  33768.8 MB/s (memcpy) x_floor    101 | neon
E2E tool=toks tier=neon chunk=0 bytes=2048653 calls=1 ids=547308 sha=c28522da4e76c6f2 cold_s=0.005774 pass_s=0.006135 warm_s=0.003522 lang_s=0.006190 warmo_s=0.005932 coldo_s=0.006125 floor_s=0.000061 floor_v=memcpy floor_xor_s=0.000131 floor_memcpy_s=0.000061 floor_nt_s=0.000141 ghz0=3.643 ghz1=3.646 load_ms=182 scratch_mib=76.34 cache_mib=0 memo_mib=4 reps=5 pass_after=other cold_reps_s=0.005774,0.006026,0.006154,0.006074,0.006126 pass_reps_s=0.006275,0.006169,0.006318,0.006135,0.006385 warm_reps_s=0.003537,0.003524,0.003522,0.003522,0.003618 lang_reps_s=0.006272,0.006190,0.006190,0.006201,0.006222 warmo_reps_s=0.006064,0.005932,0.006090,0.006079,0.005952 coldo_reps_s=0.006259,0.006255,0.006292,0.006297,0.006125
CTR pieces=437783 one=47617 over15=276 cold=62112/350699/24972 lc=0/0 memo=0/0 pass=62112/350699/24972 lc=0/0 memo=0/0 warm=50532/377117/10134 lc=0/0 memo=0/0 lang=58082/355085/24616 lc=0/0 memo=0/0 warmo=57823/356044/23916 lc=0/0 memo=0/0 coldo=62112/350699/24972 lc=0/0 memo=0/0
giga  chunk       0  cold   275.3 MB/s | pass   272.7 MB/s | warm   553.5 MB/s | bpe
GIGA tool=gigatoken version=fac0114b37120ec8a76362e9ee8e1c742aaafaef kind=bpe chunk=0 bytes=2048653 calls=1 ids=547308 cold_s=0.007441 pass_s=0.007511 warm_s=0.003701 lang_s=0.006507 warmo_s=0.002914 coldo_s=0.007522 reps=5 cold_reps=2 load_ms=198 fresh_state_ms=4.874 cache_entries=147440 cache_mib=512 pass_after=other cold_reps_s=0.007634,0.007441 pass_reps_s=0.007511,0.007552,0.007547,0.008280,0.007607 entries_pass=147440 warm_reps_s=0.003717,0.003701,0.003707,0.003740,0.003702 entries_warm=147440 lang_reps_s=0.006570,0.006571,0.006507,0.006741,0.006650 entries_lang=382481 warmo_reps_s=0.002931,0.002922,0.002914,0.002917,0.002925 entries_warmo=382481 coldo_reps_s=0.007550,0.007522
hf    chunk       0      4.21 MB/s   1.123 Mtok/s   487187374 ns/call
REF tool=hf version=0.23.2 chunk=0 bytes=2048653 calls=1 ids=547308 sha=c28522da4e76c6f2 s=0.487187 reps=3
FIRSTDIFF none
REF tool=gigatoken chunk=0 ids=547308 sha=c28522da4e76c6f2 hf_nopp_ids=547308 hf_nopp_sha=c28522da4e76c6f2 same_as_hf_nopp=yes first_diff=none
tikt  chunk       0     31.56 MB/s   8.430 Mtok/s    64921083 ns/call  ids==hf(no post-processor): yes
REF tool=tiktoken version=0.14.0 chunk=0 bytes=2048653 calls=1 ids=547308 sha=c28522da4e76c6f2 s=0.064921 reps=3 hf_nopp_ids=547308 hf_nopp_sha=c28522da4e76c6f2 same_as_hf_nopp=yes
EXACT yes toks == hf (547308 c28522da4e76c6f2)
LOAD after  1.90 1.92 1.99 
== nemotron3-4b code chunk 4096
LOAD before  1.90 1.92 1.99 
toks  chunk    4096  cold   321.1 MB/s  82.30 Mtok/s     12848 ns/call | pass   386.5 MB/s | warm  6942.5 MB/s | floor  35807.0 MB/s (memcpy) x_floor     93 | neon
E2E tool=toks tier=neon chunk=4096 bytes=614699 calls=149 ids=157548 sha=46a55e5c9d1a3cbc cold_s=0.001914 pass_s=0.001590 warm_s=0.000089 lang_s=0.001573 warmo_s=0.000193 coldo_s=0.001939 floor_s=0.000017 floor_v=memcpy floor_xor_s=0.000040 floor_memcpy_s=0.000017 floor_nt_s=0.000038 ghz0=3.628 ghz1=3.645 load_ms=185 scratch_mib=6.37 cache_mib=0 memo_mib=4 reps=5 pass_after=other cold_reps_s=0.001922,0.001914,0.001964,0.001923,0.002046 pass_reps_s=0.001640,0.001655,0.001697,0.001590,0.001597 warm_reps_s=0.000095,0.000096,0.000106,0.000089,0.000089 lang_reps_s=0.001573,0.001580,0.001582,0.001592,0.001573 warmo_reps_s=0.000193,0.000230,0.000193,0.000194,0.000195 coldo_reps_s=0.001939,0.002096,0.002135,0.002111,0.002038
CTR pieces=141444 one=24161 over15=1211 cold=126044/6943/8457 lc=0/0 memo=1254464/0 pass=32299/104521/4624 lc=0/0 memo=1254464/0 warm=197/2085/46 lc=0/0 memo=22720/146 lang=28085/108750/4609 lc=0/0 memo=0/0 warmo=1388/4339/360 lc=0/0 memo=39104/142 coldo=126044/6943/8457 lc=0/0 memo=1254464/0
giga  chunk    4096  cold   172.6 MB/s | pass   302.9 MB/s | warm   556.1 MB/s | bpe
GIGA tool=gigatoken version=fac0114b37120ec8a76362e9ee8e1c742aaafaef kind=bpe chunk=4096 bytes=614699 calls=149 ids=157548 cold_s=0.003561 pass_s=0.002029 warm_s=0.001105 lang_s=0.001859 warmo_s=0.001019 coldo_s=0.003581 reps=5 cold_reps=2 load_ms=197 fresh_state_ms=4.830 cache_entries=132757 cache_mib=512 pass_after=other cold_reps_s=0.003663,0.003561 pass_reps_s=0.002066,0.002039,0.002029,0.002068,0.002035 entries_pass=132757 warm_reps_s=0.001113,0.001106,0.001105,0.001114,0.001107 entries_warm=132757 lang_reps_s=0.001871,0.001867,0.001906,0.001859,0.001907 entries_lang=382483 warmo_reps_s=0.001019,0.001061,0.001022,0.001040,0.001021 entries_warmo=382483 coldo_reps_s=0.003581,0.003628
hf    chunk    4096      5.26 MB/s   1.348 Mtok/s      784400 ns/call
REF tool=hf version=0.23.2 chunk=4096 bytes=614699 calls=149 ids=157548 sha=46a55e5c9d1a3cbc s=0.116876 reps=3
FIRSTDIFF none
REF tool=gigatoken chunk=4096 ids=157548 sha=46a55e5c9d1a3cbc hf_nopp_ids=157548 hf_nopp_sha=46a55e5c9d1a3cbc same_as_hf_nopp=yes first_diff=none
tikt  chunk    4096     27.28 MB/s   6.993 Mtok/s      151213 ns/call  ids==hf(no post-processor): yes
REF tool=tiktoken version=0.14.0 chunk=4096 bytes=614699 calls=149 ids=157548 sha=46a55e5c9d1a3cbc s=0.022531 reps=3 hf_nopp_ids=157548 hf_nopp_sha=46a55e5c9d1a3cbc same_as_hf_nopp=yes
EXACT yes toks == hf (157548 46a55e5c9d1a3cbc)
LOAD after  1.91 1.92 1.99 
== nemotron3-4b code chunk 0
LOAD before  1.91 1.92 1.99 
toks  chunk       0  cold   438.9 MB/s 112.48 Mtok/s   1400458 ns/call | pass   410.0 MB/s | warm  8306.7 MB/s | floor  37445.1 MB/s (memcpy) x_floor     91 | neon
E2E tool=toks tier=neon chunk=0 bytes=614699 calls=1 ids=157525 sha=3fc87db2f499aee1 cold_s=0.001400 pass_s=0.001499 warm_s=0.000074 lang_s=0.001557 warmo_s=0.001537 coldo_s=0.001598 floor_s=0.000016 floor_v=memcpy floor_xor_s=0.000039 floor_memcpy_s=0.000016 floor_nt_s=0.000042 ghz0=3.640 ghz1=3.639 load_ms=183 scratch_mib=27.11 cache_mib=0 memo_mib=4 reps=5 pass_after=other cold_reps_s=0.001488,0.001422,0.001420,0.001400,0.001410 pass_reps_s=0.001604,0.001499,0.001601,0.001604,0.001612 warm_reps_s=0.000082,0.000074,0.000077,0.000079,0.000077 lang_reps_s=0.001563,0.001564,0.001557,0.001558,0.001568 warmo_reps_s=0.001537,0.001545,0.001540,0.001548,0.001541 coldo_reps_s=0.001598,0.001915,0.001612,0.001601,0.001604
CTR pieces=141420 one=24138 over15=1211 cold=32066/104729/4625 lc=0/0 memo=1244864/0 pass=32066/104729/4625 lc=0/0 memo=1244864/0 warm=0/0/0 lc=0/0 memo=0/1 lang=28062/108748/4610 lc=0/0 memo=0/0 warmo=27988/108947/4485 lc=0/0 memo=0/0 coldo=32066/104729/4625 lc=0/0 memo=1244864/0
giga  chunk       0  cold   324.3 MB/s | pass   311.6 MB/s | warm   577.5 MB/s | bpe
GIGA tool=gigatoken version=fac0114b37120ec8a76362e9ee8e1c742aaafaef kind=bpe chunk=0 bytes=614699 calls=1 ids=157525 cold_s=0.001895 pass_s=0.001973 warm_s=0.001064 lang_s=0.001805 warmo_s=0.000972 coldo_s=0.001973 reps=5 cold_reps=2 load_ms=198 fresh_state_ms=4.880 cache_entries=132758 cache_mib=512 pass_after=other cold_reps_s=0.001995,0.001895 pass_reps_s=0.001979,0.001973,0.001980,0.001999,0.001976 entries_pass=132758 warm_reps_s=0.001064,0.001074,0.001066,0.001065,0.001066 entries_warm=132758 lang_reps_s=0.001838,0.001807,0.001811,0.001816,0.001805 entries_lang=382484 warmo_reps_s=0.000978,0.000972,0.000991,0.000973,0.000974 entries_warmo=382484 coldo_reps_s=0.001973,0.001984
hf    chunk       0      4.54 MB/s   1.164 Mtok/s   135332125 ns/call
REF tool=hf version=0.23.2 chunk=0 bytes=614699 calls=1 ids=157525 sha=3fc87db2f499aee1 s=0.135332 reps=3
FIRSTDIFF none
REF tool=gigatoken chunk=0 ids=157525 sha=3fc87db2f499aee1 hf_nopp_ids=157525 hf_nopp_sha=3fc87db2f499aee1 same_as_hf_nopp=yes first_diff=none
tikt  chunk       0     26.23 MB/s   6.721 Mtok/s    23438333 ns/call  ids==hf(no post-processor): yes
REF tool=tiktoken version=0.14.0 chunk=0 bytes=614699 calls=1 ids=157525 sha=3fc87db2f499aee1 s=0.023438 reps=3 hf_nopp_ids=157525 hf_nopp_sha=3fc87db2f499aee1 same_as_hf_nopp=yes
EXACT yes toks == hf (157525 3fc87db2f499aee1)
LOAD after  1.92 1.92 1.99 
== nemotron3-4b ml chunk 4096
LOAD before  1.92 1.92 1.99 
toks  chunk    4096  cold   109.6 MB/s  30.98 Mtok/s     40734 ns/call | pass   154.7 MB/s | warm   275.3 MB/s | floor  33115.1 MB/s (memcpy) x_floor    214 | neon
E2E tool=toks tier=neon chunk=4096 bytes=6443660 calls=1443 ids=1820735 sha=7f9adf7627eaf293 cold_s=0.058779 pass_s=0.041652 warm_s=0.023407 lang_s=0.041363 warmo_s=0.026147 coldo_s=0.058796 floor_s=0.000195 floor_v=memcpy floor_xor_s=0.000428 floor_memcpy_s=0.000195 floor_nt_s=0.000453 ghz0=3.641 ghz1=3.644 load_ms=183 scratch_mib=6.37 cache_mib=0 memo_mib=4 reps=5 pass_after=other cold_reps_s=0.058779,0.058864,0.058850,0.058901,0.058815 pass_reps_s=0.041652,0.041916,0.041758,0.041710,0.041749 warm_reps_s=0.023509,0.023407,0.023550,0.023545,0.023484 lang_reps_s=0.041629,0.041484,0.041585,0.041589,0.041363 warmo_reps_s=0.026185,0.026147,0.026331,0.026204,0.026186 coldo_reps_s=0.059031,0.058997,0.058814,0.058968,0.058796
CTR pieces=1249830 one=249960 over15=39097 cold=886871/101832/261127 lc=0/0 memo=13822528/0 pass=272371/834318/143141 lc=0/0 memo=4072128/0 warm=165465/678986/70811 lc=0/0 memo=4052800/385 lang=269510/837551/142769 lc=0/0 memo=10048/0 warmo=168375/660420/86467 lc=0/0 memo=4052800/385 coldo=886871/101832/261127 lc=0/0 memo=13822528/0
giga  chunk    4096  cold    56.2 MB/s | pass   117.0 MB/s | warm   371.0 MB/s | bpe
GIGA tool=gigatoken version=fac0114b37120ec8a76362e9ee8e1c742aaafaef kind=bpe chunk=4096 bytes=6443660 calls=1443 ids=1820735 cold_s=0.114577 pass_s=0.055068 warm_s=0.017370 lang_s=0.050887 warmo_s=0.017559 coldo_s=0.114987 reps=5 cold_reps=2 load_ms=198 fresh_state_ms=3.862 cache_entries=241225 cache_mib=512 pass_after=other cold_reps_s=0.114577,0.115556 pass_reps_s=0.055451,0.055138,0.055068,0.055176,0.055112 entries_pass=241225 warm_reps_s=0.017491,0.017370,0.017457,0.017535,0.017443 entries_warm=241225 lang_reps_s=0.051261,0.050887,0.051153,0.051072,0.053461 entries_lang=382484 warmo_reps_s=0.017676,0.017559,0.017591,0.017593,0.017677 entries_warmo=382484 coldo_reps_s=0.114987,0.119083
hf    chunk    4096      5.05 MB/s   1.428 Mtok/s      883376 ns/call
REF tool=hf version=0.23.2 chunk=4096 bytes=6443660 calls=1443 ids=1820735 sha=7f9adf7627eaf293 s=1.274712 reps=3
FIRSTDIFF none
REF tool=gigatoken chunk=4096 ids=1820735 sha=7f9adf7627eaf293 hf_nopp_ids=1820735 hf_nopp_sha=7f9adf7627eaf293 same_as_hf_nopp=yes first_diff=none
tikt  chunk    4096     24.83 MB/s   7.017 Mtok/s      179809 ns/call  ids==hf(no post-processor): yes
REF tool=tiktoken version=0.14.0 chunk=4096 bytes=6443660 calls=1443 ids=1820735 sha=7f9adf7627eaf293 s=0.259464 reps=3 hf_nopp_ids=1820735 hf_nopp_sha=7f9adf7627eaf293 same_as_hf_nopp=yes
EXACT yes toks == hf (1820735 7f9adf7627eaf293)
LOAD after  1.84 1.90 1.98 
== nemotron3-4b ml chunk 0
LOAD before  1.84 1.90 1.98 
toks  chunk       0  cold   157.0 MB/s  44.35 Mtok/s  41045625 ns/call | pass   156.7 MB/s | warm   167.7 MB/s | floor  25667.7 MB/s (memcpy) x_floor    164 | neon
E2E tool=toks tier=neon chunk=0 bytes=6443660 calls=1 ids=1820250 sha=17db1dab55b5f65c cold_s=0.041046 pass_s=0.041121 warm_s=0.038416 lang_s=0.041088 warmo_s=0.040416 coldo_s=0.041101 floor_s=0.000251 floor_v=memcpy floor_xor_s=0.000429 floor_memcpy_s=0.000251 floor_nt_s=0.000417 ghz0=3.645 ghz1=3.642 load_ms=182 scratch_mib=227.23 cache_mib=0 memo_mib=4 reps=5 pass_after=other cold_reps_s=0.041139,0.041123,0.041136,0.041225,0.041046 pass_reps_s=0.041250,0.041172,0.041362,0.041186,0.041121 warm_reps_s=0.038439,0.038432,0.038428,0.038556,0.038416 lang_reps_s=0.041103,0.041088,0.043524,0.041138,0.041137 warmo_reps_s=0.040478,0.040530,0.040565,0.040542,0.040416 coldo_reps_s=0.041101,0.041341,0.041115,0.041302,0.041284
CTR pieces=1249255 one=249460 over15=39097 cold=271850/834184/143221 lc=0/0 memo=0/0 pass=271850/834184/143221 lc=0/0 memo=0/0 warm=265747/855845/127663 lc=0/0 memo=0/0 lang=269010/837396/142849 lc=0/0 memo=0/0 warmo=268314/841711/139230 lc=0/0 memo=0/0 coldo=271850/834184/143221 lc=0/0 memo=0/0
giga  chunk       0  cold   117.2 MB/s | pass   117.3 MB/s | warm   377.4 MB/s | bpe
GIGA tool=gigatoken version=fac0114b37120ec8a76362e9ee8e1c742aaafaef kind=bpe chunk=0 bytes=6443660 calls=1 ids=1820250 cold_s=0.054963 pass_s=0.054939 warm_s=0.017072 lang_s=0.051429 warmo_s=0.017477 coldo_s=0.054938 reps=5 cold_reps=2 load_ms=205 fresh_state_ms=4.453 cache_entries=241217 cache_mib=512 pass_after=other cold_reps_s=0.056409,0.054963 pass_reps_s=0.054939,0.056871,0.055378,0.058101,0.055212 entries_pass=241217 warm_reps_s=0.017184,0.017224,0.017097,0.017227,0.017072 entries_warm=241217 lang_reps_s=0.051519,0.051619,0.051429,0.051744,0.051455 entries_lang=382476 warmo_reps_s=0.017530,0.017509,0.017477,0.017527,0.017516 entries_warmo=382476 coldo_reps_s=0.055533,0.054938
hf    chunk       0      3.91 MB/s   1.103 Mtok/s  1649970125 ns/call
REF tool=hf version=0.23.2 chunk=0 bytes=6443660 calls=1 ids=1820250 sha=17db1dab55b5f65c s=1.649970 reps=3
FIRSTDIFF none
REF tool=gigatoken chunk=0 ids=1820250 sha=17db1dab55b5f65c hf_nopp_ids=1820250 hf_nopp_sha=17db1dab55b5f65c same_as_hf_nopp=yes first_diff=none
tikt  chunk       0     24.41 MB/s   6.896 Mtok/s   263968167 ns/call  ids==hf(no post-processor): yes
REF tool=tiktoken version=0.14.0 chunk=0 bytes=6443660 calls=1 ids=1820250 sha=17db1dab55b5f65c s=0.263968 reps=3 hf_nopp_ids=1820250 hf_nopp_sha=17db1dab55b5f65c same_as_hf_nopp=yes
EXACT yes toks == hf (1820250 17db1dab55b5f65c)
LOAD after  1.72 1.87 1.97 
== nemotron3-4b cjk chunk 4096
LOAD before  1.72 1.87 1.97 
toks  chunk    4096  cold   144.5 MB/s  54.86 Mtok/s     29111 ns/call | pass   151.2 MB/s | warm   326.8 MB/s | floor  23460.2 MB/s (memcpy) x_floor    155 | neon
E2E tool=toks tier=neon chunk=4096 bytes=3129985 calls=744 ids=1188192 sha=15c2fc47b4b6ce84 cold_s=0.021659 pass_s=0.020702 warm_s=0.009578 lang_s=0.020517 warmo_s=0.010563 coldo_s=0.021894 floor_s=0.000133 floor_v=memcpy floor_xor_s=0.000230 floor_memcpy_s=0.000133 floor_nt_s=0.000224 ghz0=3.630 ghz1=3.655 load_ms=182 scratch_mib=6.37 cache_mib=0 memo_mib=4 reps=5 pass_after=other cold_reps_s=0.021659,0.021727,0.021968,0.021812,0.021790 pass_reps_s=0.020851,0.020912,0.021039,0.020899,0.020702 warm_reps_s=0.009734,0.009578,0.009728,0.009736,0.009737 lang_reps_s=0.020578,0.020538,0.020678,0.020517,0.020654 warmo_reps_s=0.010666,0.010695,0.010676,0.010703,0.010563 coldo_reps_s=0.022106,0.021894,0.022056,0.021956,0.021954
CTR pieces=285481 one=41241 over15=74895 cold=103396/35430/146655 lc=0/0 memo=7931200/0 pass=45807/112255/127419 lc=0/0 memo=4059200/0 warm=542/52555/54084 lc=0/0 memo=0/374 lang=43830/114516/127135 lc=0/0 memo=0/0 warmo=1724/43542/63940 lc=0/0 memo=3903616/371 coldo=103396/35430/146655 lc=0/0 memo=7931200/0
giga  chunk    4096  cold    31.3 MB/s | pass    45.2 MB/s | warm   213.0 MB/s | bpe
GIGA tool=gigatoken version=fac0114b37120ec8a76362e9ee8e1c742aaafaef kind=bpe chunk=4096 bytes=3129985 calls=744 ids=1188192 cold_s=0.099851 pass_s=0.069179 warm_s=0.014697 lang_s=0.067570 warmo_s=0.014009 coldo_s=0.100157 reps=5 cold_reps=2 load_ms=201 fresh_state_ms=5.296 cache_entries=250874 cache_mib=512 pass_after=other cold_reps_s=0.099851,0.100112 pass_reps_s=0.069937,0.069179,0.069615,0.069242,0.069209 entries_pass=250874 warm_reps_s=0.014895,0.014701,0.014793,0.014728,0.014697 entries_warm=250874 lang_reps_s=0.068128,0.067570,0.067690,0.067678,0.069655 entries_lang=382484 warmo_reps_s=0.014180,0.014009,0.014149,0.014088,0.014188 entries_warmo=382484 coldo_reps_s=0.100157,0.100828
hf    chunk    4096      5.76 MB/s   2.186 Mtok/s      730506 ns/call
REF tool=hf version=0.23.2 chunk=4096 bytes=3129985 calls=744 ids=1188192 sha=15c2fc47b4b6ce84 s=0.543496 reps=3
FIRSTDIFF none
REF tool=gigatoken chunk=4096 ids=1188192 sha=15c2fc47b4b6ce84 hf_nopp_ids=1188192 hf_nopp_sha=15c2fc47b4b6ce84 same_as_hf_nopp=yes first_diff=none
tikt  chunk    4096     22.94 MB/s   8.707 Mtok/s      183428 ns/call  ids==hf(no post-processor): yes
REF tool=tiktoken version=0.14.0 chunk=4096 bytes=3129985 calls=744 ids=1188192 sha=15c2fc47b4b6ce84 s=0.136471 reps=3 hf_nopp_ids=1188192 hf_nopp_sha=15c2fc47b4b6ce84 same_as_hf_nopp=yes
EXACT yes toks == hf (1188192 15c2fc47b4b6ce84)
LOAD after  1.66 1.85 1.96 
== nemotron3-4b cjk chunk 0
LOAD before  1.66 1.85 1.96 
toks  chunk       0  cold   155.9 MB/s  59.19 Mtok/s  20073458 ns/call | pass   153.1 MB/s | warm   167.3 MB/s | floor  18644.7 MB/s (memcpy) x_floor    122 | neon
E2E tool=toks tier=neon chunk=0 bytes=3129985 calls=1 ids=1188126 sha=96931260408ed6f2 cold_s=0.020073 pass_s=0.020440 warm_s=0.018705 lang_s=0.020330 warmo_s=0.020301 coldo_s=0.020430 floor_s=0.000168 floor_v=memcpy floor_xor_s=0.000226 floor_memcpy_s=0.000168 floor_nt_s=0.000223 ghz0=3.645 ghz1=3.642 load_ms=181 scratch_mib=113.46 cache_mib=0 memo_mib=4 reps=5 pass_after=other cold_reps_s=0.020073,0.020385,0.020299,0.020379,0.020517 pass_reps_s=0.020440,0.020603,0.020540,0.020643,0.020610 warm_reps_s=0.018705,0.018729,0.018719,0.018880,0.018709 lang_reps_s=0.020372,0.020522,0.020330,0.020364,0.020679 warmo_reps_s=0.020497,0.020322,0.020301,0.020458,0.020525 coldo_reps_s=0.020431,0.020439,0.020450,0.020430,0.020593
CTR pieces=285401 one=41175 over15=74895 cold=45732/112246/127423 lc=0/0 memo=0/0 pass=45732/112246/127423 lc=0/0 memo=0/0 warm=42029/136351/107021 lc=0/0 memo=0/0 lang=43764/114498/127139 lc=0/0 memo=0/0 warmo=43706/115574/126121 lc=0/0 memo=0/0 coldo=45732/112246/127423 lc=0/0 memo=0/0
giga  chunk       0  cold    45.9 MB/s | pass    45.6 MB/s | warm   215.0 MB/s | bpe
GIGA tool=gigatoken version=fac0114b37120ec8a76362e9ee8e1c742aaafaef kind=bpe chunk=0 bytes=3129985 calls=1 ids=1188126 cold_s=0.068265 pass_s=0.068587 warm_s=0.014556 lang_s=0.067264 warmo_s=0.013823 coldo_s=0.068492 reps=5 cold_reps=2 load_ms=199 fresh_state_ms=4.894 cache_entries=250874 cache_mib=512 pass_after=other cold_reps_s=0.069018,0.068265 pass_reps_s=0.068587,0.068935,0.068801,0.068672,0.068786 entries_pass=250874 warm_reps_s=0.015805,0.014661,0.014794,0.014768,0.014556 entries_warm=250874 lang_reps_s=0.067838,0.067348,0.067726,0.067314,0.067264 entries_lang=382484 warmo_reps_s=0.014068,0.013823,0.014058,0.013942,0.013881 entries_warmo=382484 coldo_reps_s=0.068510,0.068492
hf    chunk       0      4.47 MB/s   1.698 Mtok/s   699737000 ns/call
REF tool=hf version=0.23.2 chunk=0 bytes=3129985 calls=1 ids=1188126 sha=96931260408ed6f2 s=0.699737 reps=3
FIRSTDIFF none
REF tool=gigatoken chunk=0 ids=1188126 sha=96931260408ed6f2 hf_nopp_ids=1188126 hf_nopp_sha=96931260408ed6f2 same_as_hf_nopp=yes first_diff=none
tikt  chunk       0     22.23 MB/s   8.437 Mtok/s   140826000 ns/call  ids==hf(no post-processor): yes
REF tool=tiktoken version=0.14.0 chunk=0 bytes=3129985 calls=1 ids=1188126 sha=96931260408ed6f2 s=0.140826 reps=3 hf_nopp_ids=1188126 hf_nopp_sha=96931260408ed6f2 same_as_hf_nopp=yes
EXACT yes toks == hf (1188126 96931260408ed6f2)
LOAD after  1.64 1.83 1.95 
== llama4 en chunk 4096
LOAD before  1.64 1.83 1.95 
toks  chunk    4096  cold   231.3 MB/s  56.27 Mtok/s     17820 ns/call | pass   310.2 MB/s | warm  9591.8 MB/s | floor  29336.5 MB/s (memcpy) x_floor     95 | neon
E2E tool=toks tier=neon chunk=4096 bytes=2048653 calls=497 ids=498380 sha=9079d009bb8bbd41 cold_s=0.008857 pass_s=0.006605 warm_s=0.000214 lang_s=0.006066 warmo_s=0.000633 coldo_s=0.009304 floor_s=0.000070 floor_v=memcpy floor_xor_s=0.000125 floor_memcpy_s=0.000070 floor_nt_s=0.000128 ghz0=3.636 ghz1=3.575 load_ms=303 scratch_mib=6.37 cache_mib=0 memo_mib=4 reps=5 pass_after=other cold_reps_s=0.008857,0.008882,0.008972,0.008939,0.008956 pass_reps_s=0.007071,0.006640,0.006877,0.006634,0.006605 warm_reps_s=0.000229,0.000238,0.000233,0.000227,0.000214 lang_reps_s=0.006066,0.006402,0.006336,0.006480,0.006260 warmo_reps_s=0.000682,0.000633,0.000669,0.000640,0.000778 coldo_reps_s=0.009404,0.009963,0.009731,0.009304,0.009829
CTR pieces=437016 one=46245 over15=276 cold=384088/11046/41882 lc=0/0 memo=4073024/0 pass=62936/355910/18170 lc=0/0 memo=4057792/0 warm=720/5330/39 lc=0/0 memo=0/490 lang=58521/360582/17913 lc=0/0 memo=0/0 warmo=3874/11408/1294 lc=0/0 memo=139712/478 coldo=384088/11046/41882 lc=0/0 memo=4073024/0
giga  chunk    4096  cold    94.0 MB/s | pass   225.7 MB/s | warm   680.4 MB/s | bpe
GIGA tool=gigatoken version=fac0114b37120ec8a76362e9ee8e1c742aaafaef kind=bpe chunk=4096 bytes=2048653 calls=497 ids=497883 cold_s=0.021803 pass_s=0.009079 warm_s=0.003011 lang_s=0.007080 warmo_s=0.003110 coldo_s=0.021520 reps=5 cold_reps=2 load_ms=333 fresh_state_ms=6.718 cache_entries=210530 cache_mib=512 pass_after=other cold_reps_s=0.021818,0.021803 pass_reps_s=0.009096,0.009192,0.009162,0.009386,0.009079 entries_pass=210530 warm_reps_s=0.003042,0.003091,0.003011,0.003116,0.003092 entries_warm=210530 lang_reps_s=0.007182,0.007147,0.007197,0.007080,0.007139 entries_lang=442592 warmo_reps_s=0.003231,0.003168,0.003156,0.003164,0.003110 entries_warmo=442592 coldo_reps_s=0.021714,0.021520
hf    chunk    4096      5.21 MB/s   1.268 Mtok/s      791065 ns/call
REF tool=hf version=0.23.2 chunk=4096 bytes=2048653 calls=497 ids=498380 sha=9079d009bb8bbd41 s=0.393159 reps=3
FIRSTDIFF none
REF tool=gigatoken chunk=4096 ids=497883 sha=573ab59ae63a6835 hf_nopp_ids=497883 hf_nopp_sha=573ab59ae63a6835 same_as_hf_nopp=yes first_diff=none
tikt  chunk    4096     32.09 MB/s   7.798 Mtok/s      128458 ns/call  ids==hf(no post-processor): yes
REF tool=tiktoken version=0.14.0 chunk=4096 bytes=2048653 calls=497 ids=497883 sha=573ab59ae63a6835 s=0.063844 reps=3 hf_nopp_ids=497883 hf_nopp_sha=573ab59ae63a6835 same_as_hf_nopp=yes
EXACT yes toks == hf (498380 9079d009bb8bbd41)
LOAD after  1.56 1.80 1.93 
== llama4 en chunk 0
LOAD before  1.56 1.80 1.93 
toks  chunk       0  cold   366.3 MB/s  89.02 Mtok/s   5592375 ns/call | pass   330.9 MB/s | warm   624.7 MB/s | floor  31198.1 MB/s (memcpy) x_floor     94 | neon
E2E tool=toks tier=neon chunk=0 bytes=2048653 calls=1 ids=497821 sha=b2a475b357a1ae07 cold_s=0.005592 pass_s=0.006191 warm_s=0.003280 lang_s=0.006137 warmo_s=0.006017 coldo_s=0.006171 floor_s=0.000066 floor_v=memcpy floor_xor_s=0.000132 floor_memcpy_s=0.000066 floor_nt_s=0.000138 ghz0=3.653 ghz1=3.645 load_ms=302 scratch_mib=76.34 cache_mib=0 memo_mib=4 reps=5 pass_after=other cold_reps_s=0.005592,0.005828,0.005769,0.005752,0.005921 pass_reps_s=0.006191,0.007266,0.006218,0.006208,0.006220 warm_reps_s=0.003280,0.003549,0.003287,0.003296,0.003317 lang_reps_s=0.006177,0.007193,0.006137,0.006168,0.006145 warmo_reps_s=0.006017,0.006047,0.006046,0.006043,0.006057 coldo_reps_s=0.006206,0.006175,0.006179,0.006171,0.006190
CTR pieces=436950 one=46245 over15=276 cold=62883/355899/18168 lc=0/0 memo=0/0 pass=62883/355899/18168 lc=0/0 memo=0/0 warm=49632/382807/4511 lc=0/0 memo=0/0 lang=58521/360518/17911 lc=0/0 memo=0/0 warmo=58289/361208/17453 lc=0/0 memo=0/0 coldo=62883/355899/18168 lc=0/0 memo=0/0
giga  chunk       0  cold   227.1 MB/s | pass   225.7 MB/s | warm   688.9 MB/s | bpe
GIGA tool=gigatoken version=fac0114b37120ec8a76362e9ee8e1c742aaafaef kind=bpe chunk=0 bytes=2048653 calls=1 ids=497820 cold_s=0.009019 pass_s=0.009075 warm_s=0.002974 lang_s=0.007127 warmo_s=0.002941 coldo_s=0.009104 reps=5 cold_reps=2 load_ms=329 fresh_state_ms=6.834 cache_entries=210528 cache_mib=512 pass_after=other cold_reps_s=0.009252,0.009019 pass_reps_s=0.009130,0.009274,0.009075,0.009156,0.009109 entries_pass=210528 warm_reps_s=0.002993,0.002987,0.002980,0.002982,0.002974 entries_warm=210528 lang_reps_s=0.007203,0.007127,0.007190,0.007219,0.007197 entries_lang=442590 warmo_reps_s=0.003050,0.003032,0.003043,0.002941,0.003130 entries_warmo=442590 coldo_reps_s=0.009128,0.009104
hf    chunk       0      4.14 MB/s   1.007 Mtok/s   494318374 ns/call
REF tool=hf version=0.23.2 chunk=0 bytes=2048653 calls=1 ids=497821 sha=b2a475b357a1ae07 s=0.494318 reps=3
FIRSTDIFF none
REF tool=gigatoken chunk=0 ids=497820 sha=ca5aac1d602dae6d hf_nopp_ids=497820 hf_nopp_sha=ca5aac1d602dae6d same_as_hf_nopp=yes first_diff=none
tikt  chunk       0     32.05 MB/s   7.787 Mtok/s    63929291 ns/call  ids==hf(no post-processor): yes
REF tool=tiktoken version=0.14.0 chunk=0 bytes=2048653 calls=1 ids=497820 sha=ca5aac1d602dae6d s=0.063929 reps=3 hf_nopp_ids=497820 hf_nopp_sha=ca5aac1d602dae6d same_as_hf_nopp=yes
EXACT yes toks == hf (497821 b2a475b357a1ae07)
LOAD after  1.59 1.80 1.93 
== llama4 code chunk 4096
LOAD before  1.59 1.80 1.93 
toks  chunk    4096  cold   392.9 MB/s  95.26 Mtok/s     10501 ns/call | pass   374.9 MB/s | warm 11050.8 MB/s | floor  27118.7 MB/s (memcpy) x_floor     72 | neon
E2E tool=toks tier=neon chunk=4096 bytes=614699 calls=149 ids=149048 sha=eb4162072f25835b cold_s=0.001565 pass_s=0.001640 warm_s=0.000056 lang_s=0.001495 warmo_s=0.000154 coldo_s=0.001802 floor_s=0.000023 floor_v=memcpy floor_xor_s=0.000040 floor_memcpy_s=0.000023 floor_nt_s=0.000041 ghz0=3.648 ghz1=3.640 load_ms=300 scratch_mib=6.37 cache_mib=0 memo_mib=4 reps=5 pass_after=other cold_reps_s=0.001602,0.001571,0.001580,0.001565,0.001625 pass_reps_s=0.001640,0.001658,0.001661,0.001646,0.001703 warm_reps_s=0.000057,0.000061,0.000061,0.000056,0.000060 lang_reps_s=0.001580,0.001598,0.001599,0.001595,0.001495 warmo_reps_s=0.000155,0.000154,0.000156,0.000156,0.000156 coldo_reps_s=0.001802,0.001868,0.001897,0.001871,0.001871
CTR pieces=138813 one=19847 over15=1211 cold=128364/4299/6150 lc=0/0 memo=1219776/0 pass=29311/105661/3841 lc=0/0 memo=1219776/0 warm=0/0/0 lc=0/0 memo=0/149 lang=24837/110143/3833 lc=0/0 memo=0/0 warmo=1187/3733/221 lc=0/0 memo=30400/143 coldo=128364/4299/6150 lc=0/0 memo=1219776/0
giga  chunk    4096  cold   168.0 MB/s | pass   303.0 MB/s | warm   529.2 MB/s | bpe
GIGA tool=gigatoken version=fac0114b37120ec8a76362e9ee8e1c742aaafaef kind=bpe chunk=4096 bytes=614699 calls=149 ids=148899 cold_s=0.003658 pass_s=0.002028 warm_s=0.001161 lang_s=0.001772 warmo_s=0.001054 coldo_s=0.003611 reps=5 cold_reps=2 load_ms=323 fresh_state_ms=8.143 cache_entries=196132 cache_mib=512 pass_after=other cold_reps_s=0.003780,0.003658 pass_reps_s=0.002227,0.002028,0.002112,0.002127,0.002034 entries_pass=196132 warm_reps_s=0.001246,0.001204,0.001161,0.001200,0.001199 entries_warm=196132 lang_reps_s=0.001827,0.001772,0.001916,0.001783,0.001882 entries_lang=442592 warmo_reps_s=0.001062,0.001054,0.001057,0.001058,0.001062 entries_warmo=442592 coldo_reps_s=0.003712,0.003611
hf    chunk    4096      5.10 MB/s   1.236 Mtok/s      809205 ns/call
REF tool=hf version=0.23.2 chunk=4096 bytes=614699 calls=149 ids=149048 sha=eb4162072f25835b s=0.120572 reps=3
FIRSTDIFF none
REF tool=gigatoken chunk=4096 ids=148899 sha=7fc0cc47b07b32d4 hf_nopp_ids=148899 hf_nopp_sha=7fc0cc47b07b32d4 same_as_hf_nopp=yes first_diff=none
tikt  chunk    4096     28.03 MB/s   6.790 Mtok/s      147170 ns/call  ids==hf(no post-processor): yes
REF tool=tiktoken version=0.14.0 chunk=4096 bytes=614699 calls=149 ids=148899 sha=7fc0cc47b07b32d4 s=0.021928 reps=3 hf_nopp_ids=148899 hf_nopp_sha=7fc0cc47b07b32d4 same_as_hf_nopp=yes
EXACT yes toks == hf (149048 eb4162072f25835b)
LOAD after  1.57 1.79 1.93 
== llama4 code chunk 0
LOAD before  1.57 1.79 1.93 
toks  chunk       0  cold   468.9 MB/s 113.58 Mtok/s   1310834 ns/call | pass   388.1 MB/s | warm 11821.1 MB/s | floor  31456.9 MB/s (memcpy) x_floor     81 | neon
E2E tool=toks tier=neon chunk=0 bytes=614699 calls=1 ids=148879 sha=88f5f342bd7469a7 cold_s=0.001311 pass_s=0.001584 warm_s=0.000052 lang_s=0.001470 warmo_s=0.001518 coldo_s=0.001530 floor_s=0.000020 floor_v=memcpy floor_xor_s=0.000039 floor_memcpy_s=0.000020 floor_nt_s=0.000041 ghz0=3.637 ghz1=3.640 load_ms=302 scratch_mib=27.11 cache_mib=0 memo_mib=4 reps=5 pass_after=other cold_reps_s=0.001422,0.001353,0.001333,0.001311,0.001316 pass_reps_s=0.001585,0.001584,0.001623,0.001627,0.001626 warm_reps_s=0.000052,0.000052,0.000054,0.000057,0.000055 lang_reps_s=0.001470,0.001488,0.001546,0.001560,0.001587 warmo_reps_s=0.001518,0.001521,0.001788,0.001552,0.001565 coldo_reps_s=0.001614,0.001530,0.001616,0.001642,0.001574
CTR pieces=138789 one=19824 over15=1211 cold=29092/105855/3842 lc=0/0 memo=1210304/0 pass=29092/105855/3842 lc=0/0 memo=1210304/0 warm=0/0/0 lc=0/0 memo=0/1 lang=24814/110141/3834 lc=0/0 memo=0/0 warmo=24757/110274/3758 lc=0/0 memo=0/0 coldo=29092/105855/3842 lc=0/0 memo=1210304/0
giga  chunk       0  cold   310.6 MB/s | pass   317.0 MB/s | warm   549.7 MB/s | bpe
GIGA tool=gigatoken version=fac0114b37120ec8a76362e9ee8e1c742aaafaef kind=bpe chunk=0 bytes=614699 calls=1 ids=148878 cold_s=0.001979 pass_s=0.001939 warm_s=0.001118 lang_s=0.001751 warmo_s=0.000940 coldo_s=0.001935 reps=5 cold_reps=2 load_ms=324 fresh_state_ms=8.218 cache_entries=196133 cache_mib=512 pass_after=other cold_reps_s=0.002000,0.001979 pass_reps_s=0.001990,0.001939,0.002079,0.001961,0.001949 entries_pass=196133 warm_reps_s=0.001158,0.001154,0.001154,0.001118,0.001154 entries_warm=196133 lang_reps_s=0.001856,0.001763,0.001788,0.001777,0.001751 entries_lang=442593 warmo_reps_s=0.000949,0.000940,0.001024,0.001017,0.001015 entries_warmo=442593 coldo_reps_s=0.002158,0.001935
hf    chunk       0      4.47 MB/s   1.082 Mtok/s   137585708 ns/call
REF tool=hf version=0.23.2 chunk=0 bytes=614699 calls=1 ids=148879 sha=88f5f342bd7469a7 s=0.137586 reps=3
FIRSTDIFF none
REF tool=gigatoken chunk=0 ids=148878 sha=7ba4a42353a539c8 hf_nopp_ids=148878 hf_nopp_sha=7ba4a42353a539c8 same_as_hf_nopp=yes first_diff=none
tikt  chunk       0     28.16 MB/s   6.820 Mtok/s    21829208 ns/call  ids==hf(no post-processor): yes
REF tool=tiktoken version=0.14.0 chunk=0 bytes=614699 calls=1 ids=148878 sha=7ba4a42353a539c8 s=0.021829 reps=3 hf_nopp_ids=148878 hf_nopp_sha=7ba4a42353a539c8 same_as_hf_nopp=yes
EXACT yes toks == hf (148879 88f5f342bd7469a7)
LOAD after  1.64 1.80 1.93 
== llama4 ml chunk 4096
LOAD before  1.64 1.80 1.93 
toks  chunk    4096  cold   111.3 MB/s  28.78 Mtok/s     40130 ns/call | pass   150.7 MB/s | warm   287.0 MB/s | floor  31683.6 MB/s (memcpy) x_floor    210 | neon
E2E tool=toks tier=neon chunk=4096 bytes=6443660 calls=1443 ids=1666485 sha=32f1f5d2d19c9c4a cold_s=0.057908 pass_s=0.042752 warm_s=0.022450 lang_s=0.042575 warmo_s=0.025308 coldo_s=0.058144 floor_s=0.000203 floor_v=memcpy floor_xor_s=0.000427 floor_memcpy_s=0.000203 floor_nt_s=0.000409 ghz0=3.644 ghz1=3.645 load_ms=301 scratch_mib=6.37 cache_mib=0 memo_mib=4 reps=5 pass_after=other cold_reps_s=0.057908,0.058068,0.058265,0.058232,0.058234 pass_reps_s=0.042752,0.042847,0.042774,0.043123,0.042897 warm_reps_s=0.022455,0.022450,0.022535,0.022522,0.022591 lang_reps_s=0.042575,0.042623,0.042702,0.042747,0.042644 warmo_reps_s=0.025440,0.025308,0.027624,0.025313,0.025442 coldo_reps_s=0.058144,0.061021,0.059286,0.058149,0.058154
CTR pieces=1187496 one=149877 over15=39097 cold=875677/71389/240430 lc=0/0 memo=13199040/0 pass=177345/879114/131037 lc=0/0 memo=4071808/0 warm=113849/695548/54999 lc=0/0 memo=4052480/414 lang=173911/882775/130810 lc=0/0 memo=13312/0 warmo=117628/675538/71230 lc=0/0 memo=4052480/414 coldo=875677/71389/240430 lc=0/0 memo=13199040/0
giga  chunk    4096  cold    50.0 MB/s | pass   111.1 MB/s | warm   354.5 MB/s | bpe
GIGA tool=gigatoken version=fac0114b37120ec8a76362e9ee8e1c742aaafaef kind=bpe chunk=4096 bytes=6443660 calls=1443 ids=1665042 cold_s=0.128851 pass_s=0.058007 warm_s=0.018177 lang_s=0.056476 warmo_s=0.018680 coldo_s=0.130530 reps=5 cold_reps=2 load_ms=333 fresh_state_ms=6.954 cache_entries=303760 cache_mib=512 pass_after=other cold_reps_s=0.128851,0.135098 pass_reps_s=0.058634,0.058007,0.058293,0.058208,0.058265 entries_pass=303760 warm_reps_s=0.018328,0.018326,0.018177,0.018257,0.018322 entries_warm=303760 lang_reps_s=0.059387,0.056477,0.056478,0.056525,0.056476 entries_lang=442593 warmo_reps_s=0.018680,0.018730,0.018775,0.018727,0.018769 entries_warmo=442593 coldo_reps_s=0.130530,0.130646
hf    chunk    4096      4.77 MB/s   1.233 Mtok/s      936845 ns/call
REF tool=hf version=0.23.2 chunk=4096 bytes=6443660 calls=1443 ids=1666485 sha=32f1f5d2d19c9c4a s=1.351867 reps=3
FIRSTDIFF none
REF tool=gigatoken chunk=4096 ids=1665042 sha=5c9b5286eaf13c51 hf_nopp_ids=1665042 hf_nopp_sha=5c9b5286eaf13c51 same_as_hf_nopp=yes first_diff=none
tikt  chunk    4096     23.72 MB/s   6.129 Mtok/s      188273 ns/call  ids==hf(no post-processor): yes
REF tool=tiktoken version=0.14.0 chunk=4096 bytes=6443660 calls=1443 ids=1665042 sha=5c9b5286eaf13c51 s=0.271678 reps=3 hf_nopp_ids=1665042 hf_nopp_sha=5c9b5286eaf13c51 same_as_hf_nopp=yes
EXACT yes toks == hf (1666485 32f1f5d2d19c9c4a)
LOAD after  1.86 1.83 1.93 
== llama4 ml chunk 0
LOAD before  1.86 1.83 1.93 
toks  chunk       0  cold   154.6 MB/s  39.94 Mtok/s  41675584 ns/call | pass   152.5 MB/s | warm   163.0 MB/s | floor  22563.1 MB/s (memcpy) x_floor    148 | neon
E2E tool=toks tier=neon chunk=0 bytes=6443660 calls=1 ids=1664519 sha=c798b83040dd4c34 cold_s=0.041676 pass_s=0.042256 warm_s=0.039520 lang_s=0.042218 warmo_s=0.041775 coldo_s=0.042210 floor_s=0.000286 floor_v=memcpy floor_xor_s=0.000397 floor_memcpy_s=0.000286 floor_nt_s=0.000406 ghz0=3.649 ghz1=3.642 load_ms=299 scratch_mib=227.23 cache_mib=0 memo_mib=4 reps=5 pass_after=other cold_reps_s=0.041676,0.042152,0.042082,0.042155,0.042126 pass_reps_s=0.042615,0.042338,0.042256,0.045485,0.042379 warm_reps_s=0.039662,0.039520,0.039563,0.040397,0.039596 lang_reps_s=0.042253,0.042239,0.042218,0.042858,0.042290 warmo_reps_s=0.041820,0.041781,0.041801,0.041866,0.041775 coldo_reps_s=0.042210,0.042272,0.042378,0.042311,0.044328
CTR pieces=1186921 one=149377 over15=39097 cold=176801/879088/131032 lc=0/0 memo=0/0 pass=176801/879088/131032 lc=0/0 memo=0/0 warm=169850/900746/116325 lc=0/0 memo=0/0 lang=173408/882707/130806 lc=0/0 memo=0/0 warmo=172829/885841/128251 lc=0/0 memo=0/0 coldo=176801/879088/131032 lc=0/0 memo=0/0
giga  chunk       0  cold   111.6 MB/s | pass   113.1 MB/s | warm   360.5 MB/s | bpe
GIGA tool=gigatoken version=fac0114b37120ec8a76362e9ee8e1c742aaafaef kind=bpe chunk=0 bytes=6443660 calls=1 ids=1664518 cold_s=0.057727 pass_s=0.056987 warm_s=0.017876 lang_s=0.055977 warmo_s=0.018382 coldo_s=0.056967 reps=5 cold_reps=2 load_ms=324 fresh_state_ms=6.866 cache_entries=303758 cache_mib=512 pass_after=other cold_reps_s=0.059826,0.057727 pass_reps_s=0.056987,0.057856,0.057268,0.057385,0.057235 entries_pass=303758 warm_reps_s=0.017876,0.017973,0.017899,0.017904,0.017883 entries_warm=303758 lang_reps_s=0.056596,0.056201,0.056218,0.055977,0.056259 entries_lang=442591 warmo_reps_s=0.018382,0.018418,0.018416,0.018386,0.018404 entries_warmo=442591 coldo_reps_s=0.056967,0.057098
hf    chunk       0      3.81 MB/s   0.985 Mtok/s  1689845041 ns/call
REF tool=hf version=0.23.2 chunk=0 bytes=6443660 calls=1 ids=1664519 sha=c798b83040dd4c34 s=1.689845 reps=3
FIRSTDIFF none
REF tool=gigatoken chunk=0 ids=1664518 sha=5240318387f733e4 hf_nopp_ids=1664518 hf_nopp_sha=5240318387f733e4 same_as_hf_nopp=yes first_diff=none
tikt  chunk       0     23.32 MB/s   6.024 Mtok/s   276313125 ns/call  ids==hf(no post-processor): yes
REF tool=tiktoken version=0.14.0 chunk=0 bytes=6443660 calls=1 ids=1664518 sha=5240318387f733e4 s=0.276313 reps=3 hf_nopp_ids=1664518 hf_nopp_sha=5240318387f733e4 same_as_hf_nopp=yes
EXACT yes toks == hf (1664519 c798b83040dd4c34)
LOAD after  1.68 1.79 1.91 
== llama4 cjk chunk 4096
LOAD before  1.68 1.79 1.91 
toks  chunk    4096  cold   155.1 MB/s  47.22 Mtok/s     27116 ns/call | pass   160.8 MB/s | warm   435.8 MB/s | floor  26695.0 MB/s (memcpy) x_floor    166 | neon
E2E tool=toks tier=neon chunk=4096 bytes=3129985 calls=744 ids=952606 sha=9fa6ecbb427bdb77 cold_s=0.020174 pass_s=0.019468 warm_s=0.007183 lang_s=0.019340 warmo_s=0.008667 coldo_s=0.020634 floor_s=0.000117 floor_v=memcpy floor_xor_s=0.000218 floor_memcpy_s=0.000117 floor_nt_s=0.000207 ghz0=3.635 ghz1=3.643 load_ms=300 scratch_mib=6.37 cache_mib=0 memo_mib=4 reps=5 pass_after=other cold_reps_s=0.020174,0.020272,0.020281,0.020309,0.020472 pass_reps_s=0.019564,0.019539,0.019730,0.019468,0.019588 warm_reps_s=0.007199,0.007204,0.007233,0.007201,0.007183 lang_reps_s=0.019519,0.019340,0.019417,0.019467,0.019397 warmo_reps_s=0.008715,0.008710,0.008716,0.008667,0.008737 coldo_reps_s=0.022075,0.022623,0.020824,0.020634,0.020770
CTR pieces=270841 one=17410 over15=74895 cold=116630/14161/140050 lc=0/0 memo=6985472/0 pass=25251/122347/123243 lc=0/0 memo=4059456/0 warm=663/50957/41359 lc=0/0 memo=0/425 lang=21984/125807/123050 lc=0/0 memo=0/0 warmo=1939/39447/53910 lc=0/0 memo=2982464/420 coldo=116630/14161/140050 lc=0/0 memo=6985472/0
giga  chunk    4096  cold    25.2 MB/s | pass    39.9 MB/s | warm   229.9 MB/s | bpe
GIGA tool=gigatoken version=fac0114b37120ec8a76362e9ee8e1c742aaafaef kind=bpe chunk=4096 bytes=3129985 calls=744 ids=951862 cold_s=0.124435 pass_s=0.078451 warm_s=0.013615 lang_s=0.076330 warmo_s=0.013577 coldo_s=0.124560 reps=5 cold_reps=2 load_ms=328 fresh_state_ms=6.796 cache_entries=313738 cache_mib=512 pass_after=other cold_reps_s=0.130397,0.124435 pass_reps_s=0.078917,0.078451,0.078542,0.078739,0.078654 entries_pass=313738 warm_reps_s=0.013816,0.013639,0.013706,0.013778,0.013615 entries_warm=313738 lang_reps_s=0.077104,0.076330,0.076563,0.076583,0.076695 entries_lang=442593 warmo_reps_s=0.013695,0.013577,0.013644,0.013671,0.013710 entries_warmo=442593 coldo_reps_s=0.124560,0.125646
hf    chunk    4096      5.06 MB/s   1.539 Mtok/s      831921 ns/call
REF tool=hf version=0.23.2 chunk=4096 bytes=3129985 calls=744 ids=952606 sha=9fa6ecbb427bdb77 s=0.618949 reps=3
FIRSTDIFF none
REF tool=gigatoken chunk=4096 ids=951862 sha=be5c4273578ad37f hf_nopp_ids=951862 hf_nopp_sha=be5c4273578ad37f same_as_hf_nopp=yes first_diff=none
tikt  chunk    4096     18.41 MB/s   5.600 Mtok/s      228471 ns/call  ids==hf(no post-processor): yes
REF tool=tiktoken version=0.14.0 chunk=4096 bytes=3129985 calls=744 ids=951862 sha=be5c4273578ad37f s=0.169982 reps=3 hf_nopp_ids=951862 hf_nopp_sha=be5c4273578ad37f same_as_hf_nopp=yes
EXACT yes toks == hf (952606 9fa6ecbb427bdb77)
LOAD after  1.59 1.76 1.90 
== llama4 cjk chunk 0
LOAD before  1.59 1.76 1.90 
toks  chunk       0  cold   163.9 MB/s  49.85 Mtok/s  19093875 ns/call | pass   162.7 MB/s | warm   185.4 MB/s | floor  20913.0 MB/s (memcpy) x_floor    129 | neon
E2E tool=toks tier=neon chunk=0 bytes=3129985 calls=1 ids=951786 sha=88e479ba09edb167 cold_s=0.019094 pass_s=0.019237 warm_s=0.016882 lang_s=0.019116 warmo_s=0.019045 coldo_s=0.019199 floor_s=0.000150 floor_v=memcpy floor_xor_s=0.000213 floor_memcpy_s=0.000150 floor_nt_s=0.000207 ghz0=3.629 ghz1=3.645 load_ms=299 scratch_mib=113.46 cache_mib=0 memo_mib=4 reps=5 pass_after=other cold_reps_s=0.021374,0.019580,0.019246,0.019094,0.019229 pass_reps_s=0.019395,0.019237,0.021029,0.019270,0.019247 warm_reps_s=0.017074,0.016882,0.017326,0.017074,0.017054 lang_reps_s=0.019297,0.019305,0.019208,0.019116,0.019335 warmo_reps_s=0.019121,0.019045,0.019108,0.019096,0.019117 coldo_reps_s=0.019312,0.019199,0.019395,0.019240,0.019227
CTR pieces=270761 one=17344 over15=74895 cold=25117/122401/123243 lc=0/0 memo=0/0 pass=25117/122401/123243 lc=0/0 memo=0/0 warm=19522/151256/99983 lc=0/0 memo=0/0 lang=21918/125793/123050 lc=0/0 memo=0/0 warmo=21845/126883/122033 lc=0/0 memo=0/0 coldo=25117/122401/123243 lc=0/0 memo=0/0
giga  chunk       0  cold    39.7 MB/s | pass    39.6 MB/s | warm   234.9 MB/s | bpe
GIGA tool=gigatoken version=fac0114b37120ec8a76362e9ee8e1c742aaafaef kind=bpe chunk=0 bytes=3129985 calls=1 ids=951785 cold_s=0.078913 pass_s=0.079053 warm_s=0.013323 lang_s=0.077353 warmo_s=0.013524 coldo_s=0.079232 reps=5 cold_reps=2 load_ms=327 fresh_state_ms=6.741 cache_entries=313738 cache_mib=512 pass_after=other cold_reps_s=0.079350,0.078913 pass_reps_s=0.079092,0.079053,0.079191,0.079108,0.079551 entries_pass=313738 warm_reps_s=0.013573,0.013583,0.013323,0.013533,0.013335 entries_warm=313738 lang_reps_s=0.078151,0.077475,0.077353,0.077535,0.079408 entries_lang=442593 warmo_reps_s=0.013524,0.013603,0.013576,0.013864,0.013723 entries_warmo=442593 coldo_reps_s=0.079232,0.079314
hf    chunk       0      4.19 MB/s   1.274 Mtok/s   747239750 ns/call
REF tool=hf version=0.23.2 chunk=0 bytes=3129985 calls=1 ids=951786 sha=88e479ba09edb167 s=0.747240 reps=3
FIRSTDIFF none
REF tool=gigatoken chunk=0 ids=951785 sha=aa12f6e19c0d916b hf_nopp_ids=951785 hf_nopp_sha=aa12f6e19c0d916b same_as_hf_nopp=yes first_diff=none
tikt  chunk       0     18.10 MB/s   5.503 Mtok/s   172971375 ns/call  ids==hf(no post-processor): yes
REF tool=tiktoken version=0.14.0 chunk=0 bytes=3129985 calls=1 ids=951785 sha=aa12f6e19c0d916b s=0.172971 reps=3 hf_nopp_ids=951785 hf_nopp_sha=aa12f6e19c0d916b same_as_hf_nopp=yes
EXACT yes toks == hf (951786 88e479ba09edb167)
LOAD after  1.57 1.75 1.89 
== minimaxm2 en chunk 4096
LOAD before  1.57 1.75 1.89 
toks  chunk    4096  cold   281.7 MB/s  65.75 Mtok/s     14635 ns/call | pass   339.5 MB/s | warm  9869.1 MB/s | floor  34576.4 MB/s (memcpy) x_floor    102 | neon
E2E tool=toks tier=neon chunk=4096 bytes=2048653 calls=497 ids=478214 sha=dfdb245e73204235 cold_s=0.007274 pass_s=0.006034 warm_s=0.000208 lang_s=0.005804 warmo_s=0.000291 coldo_s=0.007750 floor_s=0.000059 floor_v=memcpy floor_xor_s=0.000133 floor_memcpy_s=0.000059 floor_nt_s=0.000136 ghz0=3.634 ghz1=3.641 load_ms=206 scratch_mib=7.15 cache_mib=0 memo_mib=4 reps=5 pass_after=other cold_reps_s=0.007274,0.007595,0.007634,0.007551,0.007692 pass_reps_s=0.006034,0.006034,0.006098,0.006078,0.006059 warm_reps_s=0.000209,0.000209,0.000208,0.000208,0.000208 lang_reps_s=0.005831,0.005990,0.005804,0.006125,0.005831 warmo_reps_s=0.000292,0.000293,0.000291,0.000292,0.000291 coldo_reps_s=0.007839,0.007750,0.008686,0.007823,0.007781
CTR pieces=437016 one=46245 over15=276 cold=401421/5380/30215 lc=0/0 memo=3994304/0 pass=65753/355783/15480 lc=0/0 memo=3994304/0 warm=340/2401/15 lc=0/0 memo=24512/494 lang=61165/360561/15290 lc=0/0 memo=0/0 warmo=1297/2722/276 lc=0/0 memo=24512/492 coldo=401421/5380/30215 lc=0/0 memo=3994304/0
giga  chunk    4096  cold   177.9 MB/s | pass   294.7 MB/s | warm   503.9 MB/s | bpe
GIGA tool=gigatoken version=fac0114b37120ec8a76362e9ee8e1c742aaafaef kind=bpe chunk=4096 bytes=2048653 calls=497 ids=478214 cold_s=0.011518 pass_s=0.006952 warm_s=0.004066 lang_s=0.007097 warmo_s=0.004042 coldo_s=0.011174 reps=5 cold_reps=2 load_ms=257 fresh_state_ms=29.626 cache_entries=212428 cache_mib=512 pass_after=other cold_reps_s=0.011594,0.011518 pass_reps_s=0.007025,0.006961,0.006952,0.006995,0.006988 entries_pass=212428 warm_reps_s=0.004416,0.004111,0.004066,0.004112,0.004138 entries_warm=212428 lang_reps_s=0.007135,0.007152,0.007274,0.007201,0.007097 entries_lang=443795 warmo_reps_s=0.004061,0.004330,0.004195,0.004062,0.004042 entries_warmo=443795 coldo_reps_s=0.011174,0.011195
hf    chunk    4096      4.46 MB/s   1.041 Mtok/s      924115 ns/call
REF tool=hf version=0.23.2 chunk=4096 bytes=2048653 calls=497 ids=478214 sha=dfdb245e73204235 s=0.459285 reps=3
FIRSTDIFF none
REF tool=gigatoken chunk=4096 ids=478214 sha=dfdb245e73204235 hf_nopp_ids=478214 hf_nopp_sha=dfdb245e73204235 same_as_hf_nopp=yes first_diff=none
tikt  chunk    4096     34.14 MB/s   7.970 Mtok/s      120726 ns/call  ids==hf(no post-processor): yes
REF tool=tiktoken version=0.14.0 chunk=4096 bytes=2048653 calls=497 ids=478214 sha=dfdb245e73204235 s=0.060001 reps=3 hf_nopp_ids=478214 hf_nopp_sha=dfdb245e73204235 same_as_hf_nopp=yes
EXACT yes toks == hf (478214 dfdb245e73204235)
LOAD after  1.98 1.84 1.91 
== minimaxm2 en chunk 0
LOAD before  1.98 1.84 1.91 
toks  chunk       0  cold   364.2 MB/s  85.01 Mtok/s   5624542 ns/call | pass   353.8 MB/s | warm   595.3 MB/s | floor  33379.3 MB/s (memcpy) x_floor     94 | neon
E2E tool=toks tier=neon chunk=0 bytes=2048653 calls=1 ids=478149 sha=3fb60fb926645464 cold_s=0.005625 pass_s=0.005791 warm_s=0.003441 lang_s=0.005715 warmo_s=0.005665 coldo_s=0.005769 floor_s=0.000061 floor_v=memcpy floor_xor_s=0.000128 floor_memcpy_s=0.000061 floor_nt_s=0.000136 ghz0=3.519 ghz1=3.643 load_ms=206 scratch_mib=222.87 cache_mib=0 memo_mib=4 reps=5 pass_after=other cold_reps_s=0.006163,0.005678,0.005834,0.005625,0.005799 pass_reps_s=0.005810,0.005796,0.005836,0.005800,0.005791 warm_reps_s=0.003514,0.003441,0.003513,0.003521,0.003537 lang_reps_s=0.005715,0.005764,0.005723,0.005761,0.005762 warmo_reps_s=0.005668,0.005665,0.005713,0.005670,0.005687 coldo_reps_s=0.005824,0.005800,0.005769,0.005772,0.005935
CTR pieces=436950 one=46245 over15=276 cold=65696/355776/15478 lc=0/0 memo=0/0 pass=65696/355776/15478 lc=0/0 memo=0/0 warm=50269/382801/3880 lc=0/0 memo=0/0 lang=61165/360497/15288 lc=0/0 memo=0/0 warmo=60844/361230/14876 lc=0/0 memo=0/0 coldo=65696/355776/15478 lc=0/0 memo=0/0
giga  chunk       0  cold   298.1 MB/s | pass   298.0 MB/s | warm   541.4 MB/s | bpe
GIGA tool=gigatoken version=fac0114b37120ec8a76362e9ee8e1c742aaafaef kind=bpe chunk=0 bytes=2048653 calls=1 ids=478149 cold_s=0.006874 pass_s=0.006874 warm_s=0.003784 lang_s=0.007131 warmo_s=0.003844 coldo_s=0.006887 reps=5 cold_reps=2 load_ms=259 fresh_state_ms=29.229 cache_entries=212426 cache_mib=512 pass_after=other cold_reps_s=0.006874,0.006916 pass_reps_s=0.007071,0.006963,0.006909,0.006904,0.006874 entries_pass=212426 warm_reps_s=0.003827,0.003885,0.003784,0.003873,0.003916 entries_warm=212426 lang_reps_s=0.007385,0.007222,0.007200,0.007131,0.007293 entries_lang=443793 warmo_reps_s=0.003939,0.003852,0.004050,0.003844,0.003856 entries_warmo=443793 coldo_reps_s=0.006887,0.006897
hf    chunk       0      3.63 MB/s   0.848 Mtok/s   563616083 ns/call
REF tool=hf version=0.23.2 chunk=0 bytes=2048653 calls=1 ids=478149 sha=3fb60fb926645464 s=0.563616 reps=3
FIRSTDIFF none
REF tool=gigatoken chunk=0 ids=478149 sha=3fb60fb926645464 hf_nopp_ids=478149 hf_nopp_sha=3fb60fb926645464 same_as_hf_nopp=yes first_diff=none
tikt  chunk       0     34.15 MB/s   7.970 Mtok/s    59996333 ns/call  ids==hf(no post-processor): yes
REF tool=tiktoken version=0.14.0 chunk=0 bytes=2048653 calls=1 ids=478149 sha=3fb60fb926645464 s=0.059996 reps=3 hf_nopp_ids=478149 hf_nopp_sha=3fb60fb926645464 same_as_hf_nopp=yes
EXACT yes toks == hf (478149 3fb60fb926645464)
LOAD after  1.98 1.84 1.92 
== minimaxm2 code chunk 4096
LOAD before  1.98 1.84 1.92 
toks  chunk    4096  cold   364.3 MB/s  89.26 Mtok/s     11325 ns/call | pass   397.5 MB/s | warm  7281.7 MB/s | floor  32931.5 MB/s (memcpy) x_floor     83 | neon
E2E tool=toks tier=neon chunk=4096 bytes=614699 calls=149 ids=150613 sha=0bbe1b26586d9769 cold_s=0.001687 pass_s=0.001546 warm_s=0.000084 lang_s=0.001556 warmo_s=0.000140 coldo_s=0.001803 floor_s=0.000019 floor_v=memcpy floor_xor_s=0.000040 floor_memcpy_s=0.000019 floor_nt_s=0.000042 ghz0=3.542 ghz1=3.642 load_ms=205 scratch_mib=7.15 cache_mib=0 memo_mib=4 reps=5 pass_after=other cold_reps_s=0.002097,0.001702,0.001689,0.001687,0.001789 pass_reps_s=0.001601,0.001546,0.001633,0.001636,0.001554 warm_reps_s=0.000085,0.000085,0.000092,0.000092,0.000084 lang_reps_s=0.001556,0.001561,0.001587,0.001565,0.001573 warmo_reps_s=0.000141,0.000141,0.000140,0.000140,0.000141 coldo_reps_s=0.001907,0.001907,0.001912,0.001907,0.001803
CTR pieces=138813 one=19847 over15=1211 cold=127063/4970/6780 lc=0/0 memo=1227008/0 pass=29082/105682/4049 lc=0/0 memo=1227008/0 warm=0/0/0 lc=0/0 memo=0/149 lang=24664/110107/4042 lc=0/0 memo=0/0 warmo=686/1810/127 lc=0/0 memo=7104/146 coldo=127063/4970/6780 lc=0/0 memo=1227008/0
giga  chunk    4096  cold   198.9 MB/s | pass   351.2 MB/s | warm   559.0 MB/s | bpe
GIGA tool=gigatoken version=fac0114b37120ec8a76362e9ee8e1c742aaafaef kind=bpe chunk=4096 bytes=614699 calls=149 ids=150613 cold_s=0.003090 pass_s=0.001750 warm_s=0.001100 lang_s=0.001823 warmo_s=0.001157 coldo_s=0.003026 reps=5 cold_reps=2 load_ms=258 fresh_state_ms=29.016 cache_entries=200859 cache_mib=512 pass_after=other cold_reps_s=0.003090,0.003208 pass_reps_s=0.001766,0.001750,0.001863,0.001860,0.001782 entries_pass=200859 warm_reps_s=0.001100,0.001112,0.001127,0.001130,0.001126 entries_warm=200859 lang_reps_s=0.001874,0.001938,0.001862,0.001823,0.001839 entries_lang=443795 warmo_reps_s=0.001157,0.001160,0.001158,0.001159,0.001164 entries_warmo=443795 coldo_reps_s=0.003036,0.003026
hf    chunk    4096      4.87 MB/s   1.192 Mtok/s      847892 ns/call
REF tool=hf version=0.23.2 chunk=4096 bytes=614699 calls=149 ids=150613 sha=0bbe1b26586d9769 s=0.126336 reps=3
FIRSTDIFF none
REF tool=gigatoken chunk=4096 ids=150613 sha=0bbe1b26586d9769 hf_nopp_ids=150613 hf_nopp_sha=0bbe1b26586d9769 same_as_hf_nopp=yes first_diff=none
tikt  chunk    4096     27.65 MB/s   6.774 Mtok/s      149219 ns/call  ids==hf(no post-processor): yes
REF tool=tiktoken version=0.14.0 chunk=4096 bytes=614699 calls=149 ids=150613 sha=0bbe1b26586d9769 s=0.022234 reps=3 hf_nopp_ids=150613 hf_nopp_sha=0bbe1b26586d9769 same_as_hf_nopp=yes
EXACT yes toks == hf (150613 0bbe1b26586d9769)
LOAD after  1.91 1.84 1.91 
== minimaxm2 code chunk 0
LOAD before  1.91 1.84 1.91 
toks  chunk       0  cold   447.6 MB/s 109.65 Mtok/s   1373416 ns/call | pass   413.6 MB/s | warm  7884.9 MB/s | floor  37925.7 MB/s (memcpy) x_floor     92 | neon
E2E tool=toks tier=neon chunk=0 bytes=614699 calls=1 ids=150591 sha=6894f78ea9255abc cold_s=0.001373 pass_s=0.001486 warm_s=0.000078 lang_s=0.001462 warmo_s=0.001479 coldo_s=0.001504 floor_s=0.000016 floor_v=memcpy floor_xor_s=0.000039 floor_memcpy_s=0.000016 floor_nt_s=0.000041 ghz0=3.651 ghz1=3.643 load_ms=210 scratch_mib=71.07 cache_mib=0 memo_mib=4 reps=5 pass_after=other cold_reps_s=0.001448,0.001411,0.001382,0.001373,0.001479 pass_reps_s=0.001486,0.001602,0.001552,0.001507,0.001527 warm_reps_s=0.000079,0.000085,0.000079,0.000078,0.000079 lang_reps_s=0.001543,0.001483,0.001575,0.001462,0.001465 warmo_reps_s=0.001479,0.001558,0.001555,0.001480,0.001575 coldo_reps_s=0.001547,0.001504,0.001598,0.001529,0.001600
CTR pieces=138789 one=19824 over15=1211 cold=28863/105876/4050 lc=0/0 memo=1217152/0 pass=28863/105876/4050 lc=0/0 memo=1217152/0 warm=0/0/0 lc=0/0 memo=0/1 lang=24641/110105/4043 lc=0/0 memo=0/0 warmo=24582/110248/3959 lc=0/0 memo=0/0 coldo=28863/105876/4050 lc=0/0 memo=1217152/0
giga  chunk       0  cold   326.4 MB/s | pass   333.5 MB/s | warm   485.7 MB/s | bpe
GIGA tool=gigatoken version=fac0114b37120ec8a76362e9ee8e1c742aaafaef kind=bpe chunk=0 bytes=614699 calls=1 ids=150591 cold_s=0.001883 pass_s=0.001843 warm_s=0.001265 lang_s=0.001966 warmo_s=0.001215 coldo_s=0.001923 reps=5 cold_reps=2 load_ms=266 fresh_state_ms=29.048 cache_entries=200860 cache_mib=512 pass_after=other cold_reps_s=0.002045,0.001883 pass_reps_s=0.002012,0.001843,0.001852,0.001951,0.002003 entries_pass=200860 warm_reps_s=0.001266,0.001269,0.001267,0.001265,0.001336 entries_warm=200860 lang_reps_s=0.001966,0.002079,0.002077,0.002075,0.002089 entries_lang=443796 warmo_reps_s=0.001305,0.001274,0.001296,0.001297,0.001215 entries_warmo=443796 coldo_reps_s=0.001923,0.001998
hf    chunk       0      4.16 MB/s   1.018 Mtok/s   147879292 ns/call
REF tool=hf version=0.23.2 chunk=0 bytes=614699 calls=1 ids=150591 sha=6894f78ea9255abc s=0.147879 reps=3
FIRSTDIFF none
REF tool=gigatoken chunk=0 ids=150591 sha=6894f78ea9255abc hf_nopp_ids=150591 hf_nopp_sha=6894f78ea9255abc same_as_hf_nopp=yes first_diff=none
tikt  chunk       0     27.85 MB/s   6.824 Mtok/s    22068375 ns/call  ids==hf(no post-processor): yes
REF tool=tiktoken version=0.14.0 chunk=0 bytes=614699 calls=1 ids=150591 sha=6894f78ea9255abc s=0.022068 reps=3 hf_nopp_ids=150591 hf_nopp_sha=6894f78ea9255abc same_as_hf_nopp=yes
EXACT yes toks == hf (150591 6894f78ea9255abc)
LOAD after  1.84 1.83 1.91 
== minimaxm2 ml chunk 4096
LOAD before  1.84 1.83 1.91 
toks  chunk    4096  cold   119.2 MB/s  33.99 Mtok/s     37471 ns/call | pass   155.5 MB/s | warm   265.1 MB/s | floor  32924.7 MB/s (memcpy) x_floor    212 | neon
E2E tool=toks tier=neon chunk=4096 bytes=6443660 calls=1443 ids=1838026 sha=8dca2283ee36dc92 cold_s=0.054071 pass_s=0.041426 warm_s=0.024309 lang_s=0.041079 warmo_s=0.027101 coldo_s=0.054197 floor_s=0.000196 floor_v=memcpy floor_xor_s=0.000439 floor_memcpy_s=0.000196 floor_nt_s=0.000455 ghz0=3.641 ghz1=3.639 load_ms=206 scratch_mib=7.15 cache_mib=0 memo_mib=4 reps=5 pass_after=other cold_reps_s=0.054123,0.054071,0.054179,0.054277,0.054298 pass_reps_s=0.041518,0.041572,0.041642,0.041682,0.041426 warm_reps_s=0.024309,0.024313,0.024338,0.024329,0.024398 lang_reps_s=0.041079,0.041297,0.041366,0.041356,0.041294 warmo_reps_s=0.027159,0.027101,0.027178,0.027169,0.029142 coldo_reps_s=0.054244,0.054250,0.054197,0.054356,0.054299
CTR pieces=1187496 one=149877 over15=39097 cold=890739/61557/235200 lc=0/0 memo=13888704/0 pass=177812/871964/137720 lc=0/0 memo=4071616/0 warm=120592/714671/63169 lc=0/0 memo=4051136/363 lang=174038/875912/137546 lc=0/0 memo=22144/0 warmo=124542/694375/79515 lc=0/0 memo=4051136/363 coldo=890739/61557/235200 lc=0/0 memo=13888704/0
giga  chunk    4096  cold    69.3 MB/s | pass   105.2 MB/s | warm   225.8 MB/s | bpe
GIGA tool=gigatoken version=fac0114b37120ec8a76362e9ee8e1c742aaafaef kind=bpe chunk=4096 bytes=6443660 calls=1443 ids=1838026 cold_s=0.093007 pass_s=0.061250 warm_s=0.028540 lang_s=0.062246 warmo_s=0.028790 coldo_s=0.091336 reps=5 cold_reps=2 load_ms=256 fresh_state_ms=29.761 cache_entries=308292 cache_mib=512 pass_after=other cold_reps_s=0.093741,0.093007 pass_reps_s=0.063356,0.061264,0.061529,0.063619,0.061250 entries_pass=308292 warm_reps_s=0.028958,0.028564,0.028631,0.028658,0.028540 entries_warm=308292 lang_reps_s=0.062354,0.062262,0.062288,0.062821,0.062246 entries_lang=443796 warmo_reps_s=0.029045,0.029249,0.028790,0.028901,0.028861 entries_warmo=443796 coldo_reps_s=0.091336,0.091418
hf    chunk    4096      3.73 MB/s   1.065 Mtok/s     1195669 ns/call
REF tool=hf version=0.23.2 chunk=4096 bytes=6443660 calls=1443 ids=1838026 sha=8dca2283ee36dc92 s=1.725351 reps=3
FIRSTDIFF none
REF tool=gigatoken chunk=4096 ids=1838026 sha=8dca2283ee36dc92 hf_nopp_ids=1838026 hf_nopp_sha=8dca2283ee36dc92 same_as_hf_nopp=yes first_diff=none
tikt  chunk    4096     24.18 MB/s   6.896 Mtok/s      184697 ns/call  ids==hf(no post-processor): yes
REF tool=tiktoken version=0.14.0 chunk=4096 bytes=6443660 calls=1443 ids=1838026 sha=8dca2283ee36dc92 s=0.266518 reps=3 hf_nopp_ids=1838026 hf_nopp_sha=8dca2283ee36dc92 same_as_hf_nopp=yes
EXACT yes toks == hf (1838026 8dca2283ee36dc92)
LOAD after  1.95 1.86 1.90 
== minimaxm2 ml chunk 0
LOAD before  1.95 1.86 1.90 
toks  chunk       0  cold   158.4 MB/s  45.17 Mtok/s  40683334 ns/call | pass   157.7 MB/s | warm   168.8 MB/s | floor  28944.0 MB/s (memcpy) x_floor    184 | neon
E2E tool=toks tier=neon chunk=0 bytes=6443660 calls=1 ids=1837530 sha=2ec2c44a269a407e cold_s=0.040683 pass_s=0.040871 warm_s=0.038180 lang_s=0.040804 warmo_s=0.040351 coldo_s=0.040901 floor_s=0.000223 floor_v=memcpy floor_xor_s=0.000431 floor_memcpy_s=0.000223 floor_nt_s=0.000420 ghz0=3.643 ghz1=3.640 load_ms=205 scratch_mib=688.11 cache_mib=0 memo_mib=4 reps=5 pass_after=other cold_reps_s=0.040743,0.040683,0.040769,0.040767,0.040684 pass_reps_s=0.040926,0.040871,0.042931,0.040957,0.040921 warm_reps_s=0.038180,0.038225,0.038984,0.038237,0.038411 lang_reps_s=0.040804,0.040841,0.041711,0.040955,0.040843 warmo_reps_s=0.040445,0.040351,0.040532,0.040474,0.040552 coldo_reps_s=0.043178,0.041023,0.040933,0.040916,0.040901
CTR pieces=1186921 one=149377 over15=39097 cold=177260/871945/137716 lc=0/0 memo=0/0 pass=177260/871945/137716 lc=0/0 memo=0/0 warm=169286/895315/122320 lc=0/0 memo=0/0 lang=173536/875843/137542 lc=0/0 memo=0/0 warmo=172901/878992/135028 lc=0/0 memo=0/0 coldo=177260/871945/137716 lc=0/0 memo=0/0
giga  chunk       0  cold   105.9 MB/s | pass   106.1 MB/s | warm   231.6 MB/s | bpe
GIGA tool=gigatoken version=fac0114b37120ec8a76362e9ee8e1c742aaafaef kind=bpe chunk=0 bytes=6443660 calls=1 ids=1837530 cold_s=0.060834 pass_s=0.060712 warm_s=0.027823 lang_s=0.061428 warmo_s=0.028154 coldo_s=0.060577 reps=5 cold_reps=2 load_ms=262 fresh_state_ms=29.576 cache_entries=308290 cache_mib=512 pass_after=other cold_reps_s=0.061477,0.060834 pass_reps_s=0.060883,0.060712,0.060850,0.060816,0.060852 entries_pass=308290 warm_reps_s=0.028079,0.027936,0.027910,0.027823,0.027849 entries_warm=308290 lang_reps_s=0.061428,0.061558,0.061508,0.064627,0.061512 entries_lang=443794 warmo_reps_s=0.028280,0.028154,0.028235,0.028313,0.028188 entries_warmo=443794 coldo_reps_s=0.060577,0.060629
hf    chunk       0      3.08 MB/s   0.878 Mtok/s  2093670376 ns/call
REF tool=hf version=0.23.2 chunk=0 bytes=6443660 calls=1 ids=1837530 sha=2ec2c44a269a407e s=2.093670 reps=3
FIRSTDIFF none
REF tool=gigatoken chunk=0 ids=1837530 sha=2ec2c44a269a407e hf_nopp_ids=1837530 hf_nopp_sha=2ec2c44a269a407e same_as_hf_nopp=yes first_diff=none
tikt  chunk       0     23.84 MB/s   6.800 Mtok/s   270237417 ns/call  ids==hf(no post-processor): yes
REF tool=tiktoken version=0.14.0 chunk=0 bytes=6443660 calls=1 ids=1837530 sha=2ec2c44a269a407e s=0.270237 reps=3 hf_nopp_ids=1837530 hf_nopp_sha=2ec2c44a269a407e same_as_hf_nopp=yes
EXACT yes toks == hf (1837530 2ec2c44a269a407e)
LOAD after  2.12 1.90 1.92 
== minimaxm2 cjk chunk 4096
LOAD before  2.12 1.90 1.92 
toks  chunk    4096  cold   137.2 MB/s  38.31 Mtok/s     30663 ns/call | pass   141.3 MB/s | warm   402.9 MB/s | floor  32047.8 MB/s (memcpy) x_floor    227 | neon
E2E tool=toks tier=neon chunk=4096 bytes=3129985 calls=744 ids=874060 sha=16e7a9ccfcf7ed66 cold_s=0.022814 pass_s=0.022157 warm_s=0.007769 lang_s=0.021995 warmo_s=0.008975 coldo_s=0.023193 floor_s=0.000098 floor_v=memcpy floor_xor_s=0.000213 floor_memcpy_s=0.000098 floor_nt_s=0.000220 ghz0=3.648 ghz1=3.644 load_ms=205 scratch_mib=7.15 cache_mib=0 memo_mib=4 reps=5 pass_after=other cold_reps_s=0.022895,0.022848,0.022896,0.022814,0.022983 pass_reps_s=0.022325,0.022157,0.022342,0.022291,0.022345 warm_reps_s=0.007949,0.007919,0.007769,0.007956,0.007955 lang_reps_s=0.022086,0.021995,0.022070,0.022219,0.022028 warmo_reps_s=0.009109,0.009099,0.008975,0.009011,0.009034 coldo_reps_s=0.023193,0.023319,0.023310,0.023250,0.023221
CTR pieces=270841 one=17410 over15=74895 cold=121266/12258/137317 lc=0/0 memo=6674880/0 pass=26566/122523/121752 lc=0/0 memo=4063168/0 warm=995/49529/37449 lc=0/0 memo=0/444 lang=23126/126116/121599 lc=0/0 memo=0/0 warmo=2137/36810/49026 lc=0/0 memo=0/444 coldo=121266/12258/137317 lc=0/0 memo=6674880/0
giga  chunk    4096  cold    35.6 MB/s | pass    43.3 MB/s | warm   166.5 MB/s | bpe
GIGA tool=gigatoken version=fac0114b37120ec8a76362e9ee8e1c742aaafaef kind=bpe chunk=4096 bytes=3129985 calls=744 ids=874060 cold_s=0.087938 pass_s=0.072259 warm_s=0.018802 lang_s=0.072913 warmo_s=0.018989 coldo_s=0.088246 reps=5 cold_reps=2 load_ms=259 fresh_state_ms=29.595 cache_entries=317102 cache_mib=512 pass_after=other cold_reps_s=0.089140,0.087938 pass_reps_s=0.072835,0.072736,0.072354,0.072259,0.072419 entries_pass=317102 warm_reps_s=0.019219,0.018802,0.018978,0.018947,0.019091 entries_warm=317102 lang_reps_s=0.073476,0.072913,0.073452,0.073538,0.073520 entries_lang=443796 warmo_reps_s=0.019240,0.019149,0.019094,0.019286,0.018989 entries_warmo=443796 coldo_reps_s=0.088246,0.088948
hf    chunk    4096      4.43 MB/s   1.238 Mtok/s      949129 ns/call
REF tool=hf version=0.23.2 chunk=4096 bytes=3129985 calls=744 ids=874060 sha=16e7a9ccfcf7ed66 s=0.706152 reps=3
FIRSTDIFF none
REF tool=gigatoken chunk=4096 ids=874060 sha=16e7a9ccfcf7ed66 hf_nopp_ids=874060 hf_nopp_sha=16e7a9ccfcf7ed66 same_as_hf_nopp=yes first_diff=none
tikt  chunk    4096     18.12 MB/s   5.059 Mtok/s      232215 ns/call  ids==hf(no post-processor): yes
REF tool=tiktoken version=0.14.0 chunk=4096 bytes=3129985 calls=744 ids=874060 sha=16e7a9ccfcf7ed66 s=0.172768 reps=3 hf_nopp_ids=874060 hf_nopp_sha=16e7a9ccfcf7ed66 same_as_hf_nopp=yes
EXACT yes toks == hf (874060 16e7a9ccfcf7ed66)
LOAD after  2.01 1.91 1.92 
== minimaxm2 cjk chunk 0
LOAD before  2.01 1.91 1.92 
toks  chunk       0  cold   144.1 MB/s  40.23 Mtok/s  21722500 ns/call | pass   143.4 MB/s | warm   159.7 MB/s | floor  22544.8 MB/s (memcpy) x_floor    157 | neon
E2E tool=toks tier=neon chunk=0 bytes=3129985 calls=1 ids=873980 sha=2001df591d095148 cold_s=0.021723 pass_s=0.021831 warm_s=0.019597 lang_s=0.021829 warmo_s=0.021689 coldo_s=0.021876 floor_s=0.000139 floor_v=memcpy floor_xor_s=0.000206 floor_memcpy_s=0.000139 floor_nt_s=0.000202 ghz0=3.643 ghz1=3.649 load_ms=205 scratch_mib=337.34 cache_mib=0 memo_mib=4 reps=5 pass_after=other cold_reps_s=0.021723,0.021788,0.023404,0.022762,0.022785 pass_reps_s=0.021890,0.022067,0.021884,0.021831,0.021908 warm_reps_s=0.019597,0.019611,0.019632,0.019626,0.019614 lang_reps_s=0.021885,0.021833,0.022699,0.021829,0.021859 warmo_reps_s=0.021742,0.021740,0.021760,0.021689,0.021769 coldo_reps_s=0.021997,0.021888,0.021877,0.021876,0.021914
CTR pieces=270761 one=17344 over15=74895 cold=26430/122579/121752 lc=0/0 memo=0/0 pass=26430/122579/121752 lc=0/0 memo=0/0 warm=20158/152170/98433 lc=0/0 memo=0/0 lang=23060/126102/121599 lc=0/0 memo=0/0 warmo=22955/127380/120426 lc=0/0 memo=0/0 coldo=26430/122579/121752 lc=0/0 memo=0/0
giga  chunk       0  cold    43.2 MB/s | pass    42.9 MB/s | warm   166.6 MB/s | bpe
GIGA tool=gigatoken version=fac0114b37120ec8a76362e9ee8e1c742aaafaef kind=bpe chunk=0 bytes=3129985 calls=1 ids=873980 cold_s=0.072457 pass_s=0.072977 warm_s=0.018786 lang_s=0.073621 warmo_s=0.018997 coldo_s=0.072909 reps=5 cold_reps=2 load_ms=264 fresh_state_ms=29.663 cache_entries=317102 cache_mib=512 pass_after=other cold_reps_s=0.073220,0.072457 pass_reps_s=0.072977,0.073652,0.074454,0.073086,0.073022 entries_pass=317102 warm_reps_s=0.018977,0.018906,0.018797,0.018786,0.019042 entries_warm=317102 lang_reps_s=0.074153,0.073621,0.074262,0.074613,0.074210 entries_lang=443796 warmo_reps_s=0.018997,0.019276,0.019037,0.019275,0.019008 entries_warmo=443796 coldo_reps_s=0.072981,0.072909
hf    chunk       0      3.84 MB/s   1.072 Mtok/s   815643292 ns/call
REF tool=hf version=0.23.2 chunk=0 bytes=3129985 calls=1 ids=873980 sha=2001df591d095148 s=0.815643 reps=3
FIRSTDIFF none
REF tool=gigatoken chunk=0 ids=873980 sha=2001df591d095148 hf_nopp_ids=873980 hf_nopp_sha=2001df591d095148 same_as_hf_nopp=yes first_diff=none
tikt  chunk       0     17.92 MB/s   5.003 Mtok/s   174700084 ns/call  ids==hf(no post-processor): yes
REF tool=tiktoken version=0.14.0 chunk=0 bytes=3129985 calls=1 ids=873980 sha=2001df591d095148 s=0.174700 reps=3 hf_nopp_ids=873980 hf_nopp_sha=2001df591d095148 same_as_hf_nopp=yes
EXACT yes toks == hf (873980 2001df591d095148)
LOAD after  1.92 1.90 1.91 
== dsv4 en chunk 4096
LOAD before  1.92 1.90 1.91 
toks  chunk    4096  cold   234.3 MB/s  61.86 Mtok/s     17596 ns/call | pass   329.2 MB/s | warm  6532.2 MB/s | floor  35094.7 MB/s (memcpy) x_floor    107 | neon
E2E tool=toks tier=neon chunk=4096 bytes=2048653 calls=497 ids=540943 sha=c8d43dc136f81ba5 cold_s=0.008745 pass_s=0.006224 warm_s=0.000314 lang_s=0.006099 warmo_s=0.000567 coldo_s=0.008961 floor_s=0.000058 floor_v=memcpy floor_xor_s=0.000126 floor_memcpy_s=0.000058 floor_nt_s=0.000130 ghz0=3.647 ghz1=3.650 load_ms=154 scratch_mib=6.37 cache_mib=0 memo_mib=4 reps=5 pass_after=other cold_reps_s=0.008745,0.008916,0.008960,0.008884,0.008905 pass_reps_s=0.006359,0.006252,0.006343,0.006224,0.006360 warm_reps_s=0.000314,0.000316,0.000314,0.000314,0.000315 lang_reps_s=0.006481,0.006099,0.006134,0.006119,0.006133 warmo_reps_s=0.000571,0.000567,0.000568,0.000572,0.000567 coldo_reps_s=0.008995,0.009044,0.008984,0.009055,0.008961
CTR pieces=443241 one=49362 over15=273 cold=371960/28944/42337 lc=0/0 memo=4245440/0 pass=65815/354750/22676 lc=0/0 memo=4063168/0 warm=2444/17298/257 lc=0/0 memo=0/474 lang=61707/359111/22423 lc=0/0 memo=0/0 warmo=4307/14245/1447 lc=0/0 memo=0/474 coldo=371960/28944/42337 lc=0/0 memo=4245440/0
giga  chunk    4096  cold   144.1 MB/s | pass   202.0 MB/s | warm   290.3 MB/s | bpe
GIGA tool=gigatoken version=fac0114b37120ec8a76362e9ee8e1c742aaafaef kind=bpe chunk=4096 bytes=2048653 calls=497 ids=540943 cold_s=0.014219 pass_s=0.010142 warm_s=0.007057 lang_s=0.009941 warmo_s=0.006634 coldo_s=0.013849 reps=5 cold_reps=2 load_ms=163 fresh_state_ms=17.497 cache_entries=142738 cache_mib=512 pass_after=other cold_reps_s=0.014288,0.014219 pass_reps_s=0.010261,0.010182,0.010142,0.010170,0.010159 entries_pass=142738 warm_reps_s=0.007082,0.007084,0.007067,0.007072,0.007057 entries_warm=142738 lang_reps_s=0.010104,0.010041,0.009941,0.010121,0.010176 entries_lang=377558 warmo_reps_s=0.006723,0.006638,0.006709,0.006634,0.006665 entries_warmo=377558 coldo_reps_s=0.014275,0.013849
hf    chunk    4096      4.53 MB/s   1.197 Mtok/s      909262 ns/call
REF tool=hf version=0.23.2 chunk=4096 bytes=2048653 calls=497 ids=540943 sha=c8d43dc136f81ba5 s=0.451903 reps=3
FIRSTDIFF none
REF tool=gigatoken chunk=4096 ids=540943 sha=c8d43dc136f81ba5 hf_nopp_ids=540943 hf_nopp_sha=c8d43dc136f81ba5 same_as_hf_nopp=yes first_diff=none
REF tool=tiktoken chunk=4096 na=not_one_split_pattern_plus_bytelevel
EXACT yes toks == hf (540943 c8d43dc136f81ba5)
LOAD after  1.77 1.86 1.90 
== dsv4 en chunk 0
LOAD before  1.77 1.86 1.90 
toks  chunk       0  cold   353.8 MB/s  93.41 Mtok/s   5790875 ns/call | pass   340.2 MB/s | warm   566.7 MB/s | floor  38776.0 MB/s (memcpy) x_floor    114 | neon
E2E tool=toks tier=neon chunk=0 bytes=2048653 calls=1 ids=540943 sha=c8d43dc136f81ba5 cold_s=0.005791 pass_s=0.006022 warm_s=0.003615 lang_s=0.005903 warmo_s=0.005833 coldo_s=0.005962 floor_s=0.000053 floor_v=memcpy floor_xor_s=0.000131 floor_memcpy_s=0.000053 floor_nt_s=0.000130 ghz0=3.649 ghz1=3.647 load_ms=153 scratch_mib=76.34 cache_mib=0 memo_mib=4 reps=5 pass_after=other cold_reps_s=0.005791,0.005916,0.005933,0.006085,0.005932 pass_reps_s=0.006035,0.006041,0.006022,0.006117,0.006041 warm_reps_s=0.003615,0.003669,0.003626,0.003689,0.003671 lang_reps_s=0.005903,0.006034,0.006055,0.006050,0.006043 warmo_reps_s=0.005833,0.005898,0.005997,0.005920,0.006017 coldo_reps_s=0.006139,0.006158,0.005962,0.006117,0.006109
CTR pieces=443175 one=49362 over15=273 cold=65759/354679/22737 lc=0/0 memo=0/0 pass=65759/354679/22737 lc=0/0 memo=0/0 warm=52606/380992/9577 lc=0/0 memo=0/0 lang=61707/358984/22484 lc=0/0 memo=0/0 warmo=61530/359512/22133 lc=0/0 memo=0/0 coldo=65759/354679/22737 lc=0/0 memo=0/0
giga  chunk       0  cold   203.0 MB/s | pass   202.3 MB/s | warm   293.5 MB/s | bpe
GIGA tool=gigatoken version=fac0114b37120ec8a76362e9ee8e1c742aaafaef kind=bpe chunk=0 bytes=2048653 calls=1 ids=540943 cold_s=0.010093 pass_s=0.010129 warm_s=0.006979 lang_s=0.010064 warmo_s=0.006582 coldo_s=0.010144 reps=5 cold_reps=2 load_ms=164 fresh_state_ms=17.339 cache_entries=142736 cache_mib=512 pass_after=other cold_reps_s=0.010093,0.010134 pass_reps_s=0.010513,0.010183,0.010187,0.010129,0.010175 entries_pass=142736 warm_reps_s=0.006979,0.007003,0.007106,0.007011,0.007055 entries_warm=142736 lang_reps_s=0.010167,0.010176,0.010151,0.010064,0.010110 entries_lang=377556 warmo_reps_s=0.006626,0.006615,0.006582,0.006641,0.006648 entries_warmo=377556 coldo_reps_s=0.010144,0.010164
hf    chunk       0      3.57 MB/s   0.942 Mtok/s   574075166 ns/call
REF tool=hf version=0.23.2 chunk=0 bytes=2048653 calls=1 ids=540943 sha=c8d43dc136f81ba5 s=0.574075 reps=3
FIRSTDIFF none
REF tool=gigatoken chunk=0 ids=540943 sha=c8d43dc136f81ba5 hf_nopp_ids=540943 hf_nopp_sha=c8d43dc136f81ba5 same_as_hf_nopp=yes first_diff=none
REF tool=tiktoken chunk=0 na=not_one_split_pattern_plus_bytelevel
EXACT yes toks == hf (540943 c8d43dc136f81ba5)
LOAD after  1.79 1.86 1.90 
== dsv4 code chunk 4096
LOAD before  1.79 1.86 1.90 
toks  chunk    4096  cold   270.4 MB/s  69.23 Mtok/s     15256 ns/call | pass   327.1 MB/s | warm 11244.4 MB/s | floor  32929.7 MB/s (memcpy) x_floor    101 | neon
E2E tool=toks tier=neon chunk=4096 bytes=614699 calls=149 ids=157370 sha=e9e961123b7f58a2 cold_s=0.002273 pass_s=0.001879 warm_s=0.000055 lang_s=0.001808 warmo_s=0.000217 coldo_s=0.002502 floor_s=0.000019 floor_v=memcpy floor_xor_s=0.000040 floor_memcpy_s=0.000019 floor_nt_s=0.000042 ghz0=3.633 ghz1=3.642 load_ms=154 scratch_mib=6.37 cache_mib=0 memo_mib=4 reps=5 pass_after=other cold_reps_s=0.002313,0.002273,0.002279,0.002421,0.002490 pass_reps_s=0.001900,0.001890,0.001879,0.001887,0.001882 warm_reps_s=0.000059,0.000060,0.000055,0.000059,0.000060 lang_reps_s=0.001827,0.001816,0.001819,0.001816,0.001808 warmo_reps_s=0.000218,0.000217,0.000218,0.000221,0.000218 coldo_reps_s=0.002582,0.002511,0.002503,0.002502,0.002511
CTR pieces=136772 one=19306 over15=1591 cold=118001/8512/10259 lc=0/0 memo=1253568/0 pass=27108/104224/5440 lc=0/0 memo=1253568/0 warm=0/0/0 lc=0/0 memo=0/149 lang=23197/108142/5433 lc=0/0 memo=0/0 warmo=1475/4467/522 lc=0/0 memo=43392/142 coldo=118001/8512/10259 lc=0/0 memo=1253568/0
giga  chunk    4096  cold   134.6 MB/s | pass   201.6 MB/s | warm   278.5 MB/s | bpe
GIGA tool=gigatoken version=fac0114b37120ec8a76362e9ee8e1c742aaafaef kind=bpe chunk=4096 bytes=614699 calls=149 ids=157370 cold_s=0.004566 pass_s=0.003049 warm_s=0.002207 lang_s=0.003127 warmo_s=0.002108 coldo_s=0.004573 reps=5 cold_reps=2 load_ms=163 fresh_state_ms=17.271 cache_entries=130759 cache_mib=512 pass_after=other cold_reps_s=0.004624,0.004566 pass_reps_s=0.003057,0.003049,0.003114,0.003133,0.003345 entries_pass=130759 warm_reps_s=0.002238,0.002209,0.002207,0.002215,0.002374 entries_warm=130759 lang_reps_s=0.003144,0.003144,0.003127,0.003128,0.003140 entries_lang=377558 warmo_reps_s=0.002117,0.002108,0.002114,0.002108,0.002141 entries_warmo=377558 coldo_reps_s=0.004573,0.004595
hf    chunk    4096      4.48 MB/s   1.148 Mtok/s      919869 ns/call
REF tool=hf version=0.23.2 chunk=4096 bytes=614699 calls=149 ids=157370 sha=e9e961123b7f58a2 s=0.137061 reps=3
FIRSTDIFF none
REF tool=gigatoken chunk=4096 ids=157370 sha=e9e961123b7f58a2 hf_nopp_ids=157370 hf_nopp_sha=e9e961123b7f58a2 same_as_hf_nopp=yes first_diff=none
REF tool=tiktoken chunk=4096 na=not_one_split_pattern_plus_bytelevel
EXACT yes toks == hf (157370 e9e961123b7f58a2)
LOAD after  1.93 1.89 1.90 
== dsv4 code chunk 0
LOAD before  1.93 1.89 1.90 
toks  chunk       0  cold   377.1 MB/s  96.54 Mtok/s   1629958 ns/call | pass   337.5 MB/s | warm 12718.0 MB/s | floor  31255.4 MB/s (memcpy) x_floor     93 | neon
E2E tool=toks tier=neon chunk=0 bytes=614699 calls=1 ids=157348 sha=25cb4ffde76f2078 cold_s=0.001630 pass_s=0.001822 warm_s=0.000048 lang_s=0.001787 warmo_s=0.001692 coldo_s=0.001788 floor_s=0.000020 floor_v=memcpy floor_xor_s=0.000040 floor_memcpy_s=0.000020 floor_nt_s=0.000044 ghz0=3.646 ghz1=3.590 load_ms=153 scratch_mib=27.11 cache_mib=0 memo_mib=4 reps=5 pass_after=other cold_reps_s=0.001692,0.001646,0.001646,0.001630,0.001743 pass_reps_s=0.001843,0.001822,0.001830,0.001831,0.001843 warm_reps_s=0.000051,0.000055,0.000048,0.000051,0.000051 lang_reps_s=0.001787,0.001788,0.001788,0.001787,0.001787 warmo_reps_s=0.001803,0.001772,0.001772,0.001692,0.001950 coldo_reps_s=0.001836,0.001830,0.001818,0.001841,0.001788
CTR pieces=136748 one=19282 over15=1591 cold=27000/104307/5441 lc=0/0 memo=1244160/0 pass=27000/104307/5441 lc=0/0 memo=1244160/0 warm=0/0/0 lc=0/0 memo=0/1 lang=23173/108141/5434 lc=0/0 memo=0/0 warmo=23146/108245/5357 lc=0/0 memo=0/0 coldo=27000/104307/5441 lc=0/0 memo=1244160/0
giga  chunk       0  cold   202.7 MB/s | pass   206.5 MB/s | warm   283.7 MB/s | bpe
GIGA tool=gigatoken version=fac0114b37120ec8a76362e9ee8e1c742aaafaef kind=bpe chunk=0 bytes=614699 calls=1 ids=157348 cold_s=0.003033 pass_s=0.002977 warm_s=0.002167 lang_s=0.003101 warmo_s=0.002062 coldo_s=0.003084 reps=5 cold_reps=2 load_ms=163 fresh_state_ms=17.358 cache_entries=130760 cache_mib=512 pass_after=other cold_reps_s=0.003033,0.003034 pass_reps_s=0.003093,0.002977,0.003085,0.003098,0.003041 entries_pass=130760 warm_reps_s=0.002184,0.002172,0.002167,0.002216,0.002179 entries_warm=130760 lang_reps_s=0.003104,0.003120,0.003118,0.003101,0.003180 entries_lang=377559 warmo_reps_s=0.002079,0.002071,0.002062,0.002079,0.002092 entries_warmo=377559 coldo_reps_s=0.003097,0.003084
hf    chunk       0      3.93 MB/s   1.005 Mtok/s   156507875 ns/call
REF tool=hf version=0.23.2 chunk=0 bytes=614699 calls=1 ids=157348 sha=25cb4ffde76f2078 s=0.156508 reps=3
FIRSTDIFF none
REF tool=gigatoken chunk=0 ids=157348 sha=25cb4ffde76f2078 hf_nopp_ids=157348 hf_nopp_sha=25cb4ffde76f2078 same_as_hf_nopp=yes first_diff=none
REF tool=tiktoken chunk=0 na=not_one_split_pattern_plus_bytelevel
EXACT yes toks == hf (157348 25cb4ffde76f2078)
LOAD after  2.02 1.90 1.91 
== dsv4 ml chunk 4096
LOAD before  2.02 1.90 1.91 
toks  chunk    4096  cold   102.0 MB/s  30.60 Mtok/s     43765 ns/call | pass   158.7 MB/s | warm   282.1 MB/s | floor  31932.2 MB/s (memcpy) x_floor    201 | neon
E2E tool=toks tier=neon chunk=4096 bytes=6443660 calls=1443 ids=1932262 sha=bbdd4bb359dc9798 cold_s=0.063152 pass_s=0.040593 warm_s=0.022844 lang_s=0.040368 warmo_s=0.025696 coldo_s=0.063270 floor_s=0.000202 floor_v=memcpy floor_xor_s=0.000411 floor_memcpy_s=0.000202 floor_nt_s=0.000461 ghz0=3.646 ghz1=3.646 load_ms=154 scratch_mib=6.37 cache_mib=0 memo_mib=4 reps=5 pass_after=other cold_reps_s=0.063152,0.063237,0.063208,0.063317,0.063366 pass_reps_s=0.040593,0.040735,0.040706,0.040652,0.040760 warm_reps_s=0.022985,0.022987,0.022889,0.022844,0.022994 lang_reps_s=0.040410,0.040457,0.040438,0.040392,0.040368 warmo_reps_s=0.025890,0.025956,0.025696,0.025790,0.025906 coldo_reps_s=0.064011,0.063270,0.063397,0.063322,0.063372
CTR pieces=1201522 one=161551 over15=39087 cold=753853/127809/319860 lc=0/0 memo=14267904/0 pass=177813/873777/149932 lc=0/0 memo=4072704/0 warm=119594/702323/72987 lc=0/0 memo=4047808/384 lang=174750/877099/149673 lc=0/0 memo=0/0 warmo=121577/680995/92332 lc=0/0 memo=4047808/384 coldo=753853/127809/319860 lc=0/0 memo=14267904/0
giga  chunk    4096  cold    65.2 MB/s | pass   103.5 MB/s | warm   268.4 MB/s | bpe
GIGA tool=gigatoken version=fac0114b37120ec8a76362e9ee8e1c742aaafaef kind=bpe chunk=4096 bytes=6443660 calls=1443 ids=1932262 cold_s=0.098839 pass_s=0.062239 warm_s=0.024004 lang_s=0.061059 warmo_s=0.024037 coldo_s=0.099114 reps=5 cold_reps=2 load_ms=162 fresh_state_ms=16.759 cache_entries=244655 cache_mib=512 pass_after=other cold_reps_s=0.100338,0.098839 pass_reps_s=0.063773,0.062239,0.062311,0.062270,0.064586 entries_pass=244655 warm_reps_s=0.024174,0.024036,0.024004,0.024157,0.024107 entries_warm=244655 lang_reps_s=0.062352,0.061173,0.061515,0.061059,0.061473 entries_lang=377559 warmo_reps_s=0.024363,0.024242,0.024352,0.024037,0.024390 entries_warmo=377559 coldo_reps_s=0.099317,0.099114
hf    chunk    4096      3.95 MB/s   1.185 Mtok/s     1130105 ns/call
REF tool=hf version=0.23.2 chunk=4096 bytes=6443660 calls=1443 ids=1932262 sha=bbdd4bb359dc9798 s=1.630741 reps=3
FIRSTDIFF none
REF tool=gigatoken chunk=4096 ids=1932262 sha=bbdd4bb359dc9798 hf_nopp_ids=1932262 hf_nopp_sha=bbdd4bb359dc9798 same_as_hf_nopp=yes first_diff=none
REF tool=tiktoken chunk=4096 na=not_one_split_pattern_plus_bytelevel
EXACT yes toks == hf (1932262 bbdd4bb359dc9798)
LOAD after  2.00 1.94 1.92 
== dsv4 ml chunk 0
LOAD before  2.00 1.94 1.92 
toks  chunk       0  cold   161.0 MB/s  48.25 Mtok/s  40031916 ns/call | pass   161.1 MB/s | warm   172.5 MB/s | floor  30005.4 MB/s (memcpy) x_floor    186 | neon
E2E tool=toks tier=neon chunk=0 bytes=6443660 calls=1 ids=1931712 sha=5ee0fed40b510caf cold_s=0.040032 pass_s=0.040006 warm_s=0.037344 lang_s=0.040055 warmo_s=0.039647 coldo_s=0.040143 floor_s=0.000215 floor_v=memcpy floor_xor_s=0.000405 floor_memcpy_s=0.000215 floor_nt_s=0.000460 ghz0=3.646 ghz1=3.642 load_ms=155 scratch_mib=227.23 cache_mib=0 memo_mib=4 reps=5 pass_after=other cold_reps_s=0.040032,0.040347,0.040211,0.040248,0.040232 pass_reps_s=0.041745,0.040206,0.040006,0.040188,0.040350 warm_reps_s=0.039968,0.037344,0.037539,0.037404,0.037381 lang_reps_s=0.040281,0.040133,0.040055,0.040139,0.040055 warmo_reps_s=0.039739,0.039719,0.039647,0.040235,0.039690 coldo_reps_s=0.040169,0.040169,0.040208,0.040211,0.040143
CTR pieces=1200947 one=161051 over15=39087 cold=177233/873701/150013 lc=0/0 memo=0/0 pass=177233/873701/150013 lc=0/0 memo=0/0 warm=172269/895882/132796 lc=0/0 memo=0/0 lang=174253/876940/149754 lc=0/0 memo=0/0 warmo=174089/879472/147386 lc=0/0 memo=0/0 coldo=177233/873701/150013 lc=0/0 memo=0/0
giga  chunk       0  cold   102.3 MB/s | pass   102.9 MB/s | warm   273.4 MB/s | bpe
GIGA tool=gigatoken version=fac0114b37120ec8a76362e9ee8e1c742aaafaef kind=bpe chunk=0 bytes=6443660 calls=1 ids=1931712 cold_s=0.063004 pass_s=0.062619 warm_s=0.023565 lang_s=0.061725 warmo_s=0.023909 coldo_s=0.062951 reps=5 cold_reps=2 load_ms=162 fresh_state_ms=16.820 cache_entries=244649 cache_mib=512 pass_after=other cold_reps_s=0.064304,0.063004 pass_reps_s=0.062619,0.063136,0.063181,0.064960,0.063119 entries_pass=244649 warm_reps_s=0.023723,0.023662,0.023565,0.023720,0.023605 entries_warm=244649 lang_reps_s=0.063121,0.062855,0.062006,0.062300,0.061725 entries_lang=377553 warmo_reps_s=0.023960,0.023984,0.023939,0.023909,0.024856 entries_warmo=377553 coldo_reps_s=0.063134,0.062951
hf    chunk       0      3.19 MB/s   0.958 Mtok/s  2016898875 ns/call
REF tool=hf version=0.23.2 chunk=0 bytes=6443660 calls=1 ids=1931712 sha=5ee0fed40b510caf s=2.016899 reps=3
FIRSTDIFF none
REF tool=gigatoken chunk=0 ids=1931712 sha=5ee0fed40b510caf hf_nopp_ids=1931712 hf_nopp_sha=5ee0fed40b510caf same_as_hf_nopp=yes first_diff=none
REF tool=tiktoken chunk=0 na=not_one_split_pattern_plus_bytelevel
EXACT yes toks == hf (1931712 5ee0fed40b510caf)
LOAD after  1.85 1.91 1.91 
== dsv4 cjk chunk 4096
LOAD before  1.85 1.91 1.91 
toks  chunk    4096  cold   155.9 MB/s  45.07 Mtok/s     26990 ns/call | pass   164.8 MB/s | warm   460.8 MB/s | floor  33356.6 MB/s (memcpy) x_floor    202 | neon
E2E tool=toks tier=neon chunk=4096 bytes=3129985 calls=744 ids=905061 sha=c3fa620ad88e6857 cold_s=0.020081 pass_s=0.018994 warm_s=0.006792 lang_s=0.018766 warmo_s=0.008309 coldo_s=0.020197 floor_s=0.000094 floor_v=memcpy floor_xor_s=0.000198 floor_memcpy_s=0.000094 floor_nt_s=0.000219 ghz0=3.641 ghz1=3.646 load_ms=153 scratch_mib=6.37 cache_mib=0 memo_mib=4 reps=5 pass_after=other cold_reps_s=0.020081,0.020137,0.020147,0.020161,0.020346 pass_reps_s=0.019169,0.019025,0.019022,0.019162,0.018994 warm_reps_s=0.006819,0.006877,0.006792,0.006872,0.006863 lang_reps_s=0.018804,0.018947,0.018851,0.018766,0.018867 warmo_reps_s=0.008309,0.008315,0.008385,0.008322,0.008309 coldo_reps_s=0.020433,0.020575,0.020367,0.020363,0.020197
CTR pieces=354810 one=27484 over15=65132 cold=182289/36517/136004 lc=0/0 memo=6799296/0 pass=36032/201743/117035 lc=0/0 memo=4057984/0 warm=5043/88598/34352 lc=0/0 memo=0/433 lang=32949/205069/116792 lc=0/0 memo=0/0 warmo=6925/74374/49764 lc=0/0 memo=2795776/428 coldo=182289/36517/136004 lc=0/0 memo=6799296/0
giga  chunk    4096  cold    39.4 MB/s | pass    44.7 MB/s | warm   163.3 MB/s | bpe
GIGA tool=gigatoken version=fac0114b37120ec8a76362e9ee8e1c742aaafaef kind=bpe chunk=4096 bytes=3129985 calls=744 ids=905061 cold_s=0.079483 pass_s=0.069951 warm_s=0.019162 lang_s=0.069363 warmo_s=0.018515 coldo_s=0.079780 reps=5 cold_reps=2 load_ms=162 fresh_state_ms=17.492 cache_entries=241528 cache_mib=512 pass_after=other cold_reps_s=0.080521,0.079483 pass_reps_s=0.070841,0.072310,0.070096,0.070125,0.069951 entries_pass=241528 warm_reps_s=0.019555,0.019647,0.019162,0.019187,0.019171 entries_warm=241528 lang_reps_s=0.070321,0.069675,0.069363,0.069460,0.070108 entries_lang=377559 warmo_reps_s=0.018726,0.018697,0.018553,0.018515,0.018772 entries_warmo=377559 coldo_reps_s=0.079862,0.079780
hf    chunk    4096      4.34 MB/s   1.256 Mtok/s      968607 ns/call
REF tool=hf version=0.23.2 chunk=4096 bytes=3129985 calls=744 ids=905061 sha=c3fa620ad88e6857 s=0.720643 reps=3
FIRSTDIFF none
REF tool=gigatoken chunk=4096 ids=905061 sha=c3fa620ad88e6857 hf_nopp_ids=905061 hf_nopp_sha=c3fa620ad88e6857 same_as_hf_nopp=yes first_diff=none
REF tool=tiktoken chunk=4096 na=not_one_split_pattern_plus_bytelevel
EXACT yes toks == hf (905061 c3fa620ad88e6857)
LOAD after  2.12 1.98 1.94 
== dsv4 cjk chunk 0
LOAD before  2.12 1.98 1.94 
toks  chunk       0  cold   169.3 MB/s  48.96 Mtok/s  18484292 ns/call | pass   167.6 MB/s | warm   187.3 MB/s | floor  28814.6 MB/s (memcpy) x_floor    172 | neon
E2E tool=toks tier=neon chunk=0 bytes=3129985 calls=1 ids=904995 sha=2b9b1ca43a12a325 cold_s=0.018484 pass_s=0.018673 warm_s=0.016713 lang_s=0.018600 warmo_s=0.018548 coldo_s=0.018685 floor_s=0.000109 floor_v=memcpy floor_xor_s=0.000204 floor_memcpy_s=0.000109 floor_nt_s=0.000212 ghz0=3.645 ghz1=3.643 load_ms=153 scratch_mib=113.46 cache_mib=0 memo_mib=4 reps=5 pass_after=other cold_reps_s=0.018484,0.018622,0.018666,0.018672,0.018665 pass_reps_s=0.018691,0.018673,0.018905,0.018675,0.018863 warm_reps_s=0.016739,0.016724,0.016726,0.016713,0.016717 lang_reps_s=0.018631,0.018757,0.018600,0.018807,0.018801 warmo_reps_s=0.018548,0.019746,0.018751,0.018733,0.018559 coldo_reps_s=0.018690,0.018836,0.018692,0.018704,0.018685
CTR pieces=354730 one=27418 over15=65132 cold=35894/201797/117039 lc=0/0 memo=0/0 pass=35894/201797/117039 lc=0/0 memo=0/0 warm=30454/231857/92419 lc=0/0 memo=0/0 lang=32883/205051/116796 lc=0/0 memo=0/0 warmo=32804/206238/115688 lc=0/0 memo=0/0 coldo=35894/201797/117039 lc=0/0 memo=0/0
giga  chunk       0  cold    44.3 MB/s | pass    44.5 MB/s | warm   165.1 MB/s | bpe
GIGA tool=gigatoken version=fac0114b37120ec8a76362e9ee8e1c742aaafaef kind=bpe chunk=0 bytes=3129985 calls=1 ids=904995 cold_s=0.070591 pass_s=0.070347 warm_s=0.018957 lang_s=0.069814 warmo_s=0.018524 coldo_s=0.070406 reps=5 cold_reps=2 load_ms=164 fresh_state_ms=17.651 cache_entries=241528 cache_mib=512 pass_after=other cold_reps_s=0.071448,0.070591 pass_reps_s=0.070531,0.070926,0.072733,0.070347,0.070500 entries_pass=241528 warm_reps_s=0.019321,0.019334,0.019182,0.018957,0.019099 entries_warm=241528 lang_reps_s=0.070786,0.070685,0.070220,0.069814,0.070184 entries_lang=377559 warmo_reps_s=0.018622,0.018634,0.018678,0.018524,0.018691 entries_warmo=377559 coldo_reps_s=0.070620,0.070406
hf    chunk       0      3.60 MB/s   1.040 Mtok/s   869816458 ns/call
REF tool=hf version=0.23.2 chunk=0 bytes=3129985 calls=1 ids=904995 sha=2b9b1ca43a12a325 s=0.869816 reps=3
FIRSTDIFF none
REF tool=gigatoken chunk=0 ids=904995 sha=2b9b1ca43a12a325 hf_nopp_ids=904995 hf_nopp_sha=2b9b1ca43a12a325 same_as_hf_nopp=yes first_diff=none
REF tool=tiktoken chunk=0 na=not_one_split_pattern_plus_bytelevel
EXACT yes toks == hf (904995 2b9b1ca43a12a325)
LOAD after  2.02 1.97 1.93 
== kimik3 en chunk 4096
LOAD before  2.02 1.97 1.93 
toks  chunk    4096  cold   246.6 MB/s  59.27 Mtok/s     16713 ns/call | pass   341.9 MB/s | warm  9550.8 MB/s | floor  24400.9 MB/s (memcpy) x_floor     71 | neon
E2E tool=toks tier=neon chunk=4096 bytes=2048653 calls=497 ids=492283 sha=b643e0af84f265d8 cold_s=0.008306 pass_s=0.005993 warm_s=0.000215 lang_s=0.005791 warmo_s=0.000549 coldo_s=0.008547 floor_s=0.000084 floor_v=memcpy floor_xor_s=0.000124 floor_memcpy_s=0.000084 floor_nt_s=0.000137 ghz0=3.622 ghz1=3.642 load_ms=190 scratch_mib=6.37 cache_mib=0 memo_mib=4 reps=5 pass_after=other cold_reps_s=0.008306,0.008372,0.008518,0.008345,0.008482 pass_reps_s=0.006025,0.006087,0.006036,0.006016,0.005993 warm_reps_s=0.000235,0.000234,0.000215,0.000232,0.000233 lang_reps_s=0.005791,0.005838,0.005819,0.005967,0.005802 warmo_reps_s=0.000553,0.000589,0.000589,0.000594,0.000549 coldo_reps_s=0.008547,0.008658,0.008564,0.008950,0.008564
CTR pieces=437016 one=46245 over15=276 cold=391588/7005/38423 lc=0/0 memo=4050432/0 pass=63416/355853/17747 lc=0/0 memo=4050432/0 warm=671/5314/54 lc=0/0 memo=8000/490 lang=58934/360563/17519 lc=0/0 memo=0/0 warmo=3918/12005/1253 lc=0/0 memo=145344/477 coldo=391588/7005/38423 lc=0/0 memo=4050432/0
giga  chunk    4096  cold   169.2 MB/s | pass   302.4 MB/s | warm   564.9 MB/s | tiktoken
GIGA tool=gigatoken version=fac0114b37120ec8a76362e9ee8e1c742aaafaef kind=tiktoken chunk=4096 bytes=2048653 calls=497 ids=492283 cold_s=0.012110 pass_s=0.006774 warm_s=0.003627 lang_s=0.006471 warmo_s=0.003017 coldo_s=0.012237 reps=5 cold_reps=2 load_ms=114 fresh_state_ms=24.017 cache_entries=179515 cache_mib=512 pass_after=other cold_reps_s=0.012110,0.012138 pass_reps_s=0.006928,0.006890,0.006846,0.006830,0.006774 entries_pass=179515 warm_reps_s=0.003643,0.003630,0.003627,0.003633,0.003730 entries_warm=179515 lang_reps_s=0.006627,0.006523,0.006497,0.006909,0.006471 entries_lang=418390 warmo_reps_s=0.003055,0.003017,0.003022,0.003030,0.003017 entries_warmo=418390 coldo_reps_s=0.012237,0.012278
ref   chunk    4096      3.77 MB/s   0.906 Mtok/s     1093315 ns/call  (transformers TikTokenTokenizer, serving)
REF tool=hf version=transformers-5.18.0+tiktoken-0.14.0 impl=kimi-serving chunk=4096 bytes=2048653 calls=497 ids=492283 sha=b643e0af84f265d8 s=0.543378 reps=3
FIRSTDIFF none
REF tool=gigatoken chunk=4096 ids=492283 sha=b643e0af84f265d8 hf_nopp_ids=492283 hf_nopp_sha=b643e0af84f265d8 same_as_hf_nopp=yes first_diff=none
tikt  chunk    4096     29.12 MB/s   6.998 Mtok/s      141545 ns/call  ids==reference: yes
REF tool=tiktoken version=0.14.0 chunk=4096 bytes=2048653 calls=497 ids=492283 sha=b643e0af84f265d8 s=0.070348 reps=3 hf_nopp_ids=492283 hf_nopp_sha=b643e0af84f265d8 same_as_hf_nopp=yes
EXACT yes toks == hf (492283 b643e0af84f265d8)
LOAD after  1.79 1.91 1.91 
== kimik3 en chunk 0
LOAD before  1.79 1.91 1.91 
toks  chunk       0  cold   332.6 MB/s  79.92 Mtok/s   6158834 ns/call | pass   310.7 MB/s | warm   523.7 MB/s | floor  21784.4 MB/s (memcpy) x_floor     70 | neon
E2E tool=toks tier=neon chunk=0 bytes=2048653 calls=1 ids=492222 sha=efcb5fe76b4f9af7 cold_s=0.006159 pass_s=0.006594 warm_s=0.003912 lang_s=0.006602 warmo_s=0.006447 coldo_s=0.006511 floor_s=0.000094 floor_v=memcpy floor_xor_s=0.000122 floor_memcpy_s=0.000094 floor_nt_s=0.000127 ghz0=3.612 ghz1=3.408 load_ms=186 scratch_mib=76.34 cache_mib=0 memo_mib=4 reps=5 pass_after=other cold_reps_s=0.006311,0.006159,0.006419,0.006468,0.006323 pass_reps_s=0.006703,0.006640,0.006689,0.006594,0.006653 warm_reps_s=0.004050,0.004016,0.003912,0.004187,0.004004 lang_reps_s=0.006602,0.006700,0.006602,0.006605,0.006915 warmo_reps_s=0.006447,0.006463,0.006468,0.006558,0.007077 coldo_reps_s=0.006655,0.006511,0.006648,0.006644,0.006518
CTR pieces=436953 one=46246 over15=276 cold=63364/355843/17746 lc=0/0 memo=0/0 pass=63364/355843/17746 lc=0/0 memo=0/0 warm=49742/382801/4410 lc=0/0 memo=0/0 lang=58937/360498/17518 lc=0/0 memo=0/0 warmo=58689/361199/17065 lc=0/0 memo=0/0 coldo=63364/355843/17746 lc=0/0 memo=0/0
giga  chunk       0  cold   315.7 MB/s | pass   308.1 MB/s | warm   602.2 MB/s | tiktoken
GIGA tool=gigatoken version=fac0114b37120ec8a76362e9ee8e1c742aaafaef kind=tiktoken chunk=0 bytes=2048653 calls=1 ids=492218 cold_s=0.006489 pass_s=0.006650 warm_s=0.003402 lang_s=0.006374 warmo_s=0.002827 coldo_s=0.006926 reps=5 cold_reps=2 load_ms=110 fresh_state_ms=25.043 cache_entries=179513 cache_mib=512 pass_after=other cold_reps_s=0.006489,0.006798 pass_reps_s=0.006650,0.006879,0.006717,0.006795,0.006776 entries_pass=179513 warm_reps_s=0.003562,0.003402,0.003693,0.003544,0.003512 entries_warm=179513 lang_reps_s=0.006381,0.006586,0.006442,0.006374,0.006546 entries_lang=418388 warmo_reps_s=0.002827,0.002918,0.002910,0.002981,0.002951 entries_warmo=418388 coldo_reps_s=0.006926,0.006937
ref   chunk       0      3.84 MB/s   0.922 Mtok/s   533666791 ns/call  (transformers TikTokenTokenizer, serving)
REF tool=hf version=transformers-5.18.0+tiktoken-0.14.0 impl=kimi-serving chunk=0 bytes=2048653 calls=1 ids=492222 sha=efcb5fe76b4f9af7 s=0.533667 reps=3
FIRSTDIFF none
REF tool=gigatoken chunk=0 ids=492218 sha=6a6dbdf95c2a935a hf_nopp_ids=492222 hf_nopp_sha=efcb5fe76b4f9af7 same_as_hf_nopp=no first_diff=chunk_0_id_188047_(stream_pos_188047):_got_[462,84635,5528,67294,473,3410,17553]_ref_[462,84635,5528,2609,2025,473,3410]
tikt  chunk       0     28.80 MB/s   6.920 Mtok/s    71130333 ns/call  ids==reference: no
REF tool=tiktoken version=0.14.0 chunk=0 bytes=2048653 calls=1 ids=492218 sha=6a6dbdf95c2a935a s=0.071130 reps=3 hf_nopp_ids=492222 hf_nopp_sha=efcb5fe76b4f9af7 same_as_hf_nopp=no
EXACT yes toks == hf (492222 efcb5fe76b4f9af7)
LOAD after  1.83 1.91 1.91 
== kimik3 code chunk 4096
LOAD before  1.83 1.91 1.91 
toks  chunk    4096  cold   390.1 MB/s  94.45 Mtok/s     10576 ns/call | pass   398.1 MB/s | warm  8547.3 MB/s | floor  33606.6 MB/s (memcpy) x_floor     84 | neon
E2E tool=toks tier=neon chunk=4096 bytes=614699 calls=149 ids=148828 sha=07d804c51e9f7c89 cold_s=0.001576 pass_s=0.001544 warm_s=0.000072 lang_s=0.001431 warmo_s=0.000156 coldo_s=0.001652 floor_s=0.000018 floor_v=memcpy floor_xor_s=0.000040 floor_memcpy_s=0.000018 floor_nt_s=0.000041 ghz0=3.639 ghz1=3.513 load_ms=186 scratch_mib=6.37 cache_mib=0 memo_mib=4 reps=5 pass_after=other cold_reps_s=0.001612,0.001589,0.001586,0.001582,0.001576 pass_reps_s=0.001544,0.001610,0.001608,0.001615,0.001559 warm_reps_s=0.000072,0.000078,0.000078,0.000078,0.000072 lang_reps_s=0.001440,0.001443,0.001431,0.001519,0.001432 warmo_reps_s=0.000170,0.000156,0.000156,0.000156,0.000168 coldo_reps_s=0.001670,0.001679,0.001791,0.001652,0.001653
CTR pieces=138813 one=19748 over15=1211 cold=128859/4061/5893 lc=0/0 memo=1219840/0 pass=29322/105761/3730 lc=0/0 memo=1219840/0 warm=0/0/0 lc=0/0 memo=0/149 lang=24855/110235/3723 lc=0/0 memo=0/0 warmo=1288/3302/196 lc=0/0 memo=0/144 coldo=128859/4061/5893 lc=0/0 memo=1219840/0
giga  chunk    4096  cold   221.8 MB/s | pass   368.5 MB/s | warm   558.7 MB/s | tiktoken
GIGA tool=gigatoken version=fac0114b37120ec8a76362e9ee8e1c742aaafaef kind=tiktoken chunk=4096 bytes=614699 calls=149 ids=148828 cold_s=0.002772 pass_s=0.001668 warm_s=0.001100 lang_s=0.001626 warmo_s=0.000939 coldo_s=0.002774 reps=5 cold_reps=2 load_ms=108 fresh_state_ms=23.721 cache_entries=165304 cache_mib=512 pass_after=other cold_reps_s=0.002817,0.002772 pass_reps_s=0.001735,0.001668,0.001696,0.001708,0.001729 entries_pass=165304 warm_reps_s=0.001100,0.001102,0.001100,0.001123,0.001132 entries_warm=165304 lang_reps_s=0.001748,0.001626,0.001686,0.001675,0.001736 entries_lang=418390 warmo_reps_s=0.000939,0.001023,0.001015,0.001017,0.001015 entries_warmo=418390 coldo_reps_s=0.002786,0.002774
ref   chunk    4096      3.76 MB/s   0.910 Mtok/s     1097707 ns/call  (transformers TikTokenTokenizer, serving)
REF tool=hf version=transformers-5.18.0+tiktoken-0.14.0 impl=kimi-serving chunk=4096 bytes=614699 calls=149 ids=148828 sha=07d804c51e9f7c89 s=0.163558 reps=3
FIRSTDIFF none
REF tool=gigatoken chunk=4096 ids=148828 sha=07d804c51e9f7c89 hf_nopp_ids=148828 hf_nopp_sha=07d804c51e9f7c89 same_as_hf_nopp=yes first_diff=none
tikt  chunk    4096     24.73 MB/s   5.987 Mtok/s      166845 ns/call  ids==reference: yes
REF tool=tiktoken version=0.14.0 chunk=4096 bytes=614699 calls=149 ids=148828 sha=07d804c51e9f7c89 s=0.024860 reps=3 hf_nopp_ids=148828 hf_nopp_sha=07d804c51e9f7c89 same_as_hf_nopp=yes
EXACT yes toks == hf (148828 07d804c51e9f7c89)
LOAD after  1.97 1.94 1.92 
== kimik3 code chunk 0
LOAD before  1.97 1.94 1.92 
toks  chunk       0  cold   381.9 MB/s  92.46 Mtok/s   1609375 ns/call | pass   351.8 MB/s | warm  8823.5 MB/s | floor  36426.6 MB/s (memcpy) x_floor    104 | neon
E2E tool=toks tier=neon chunk=0 bytes=614699 calls=1 ids=148809 sha=1978a6b81c4a11e8 cold_s=0.001609 pass_s=0.001747 warm_s=0.000070 lang_s=0.001703 warmo_s=0.001706 coldo_s=0.001742 floor_s=0.000017 floor_v=memcpy floor_xor_s=0.000039 floor_memcpy_s=0.000017 floor_nt_s=0.000041 ghz0=3.644 ghz1=3.639 load_ms=189 scratch_mib=27.11 cache_mib=0 memo_mib=4 reps=5 pass_after=other cold_reps_s=0.001703,0.001629,0.001609,0.001622,0.001738 pass_reps_s=0.001758,0.001747,0.001756,0.001817,0.002186 warm_reps_s=0.000070,0.000079,0.000070,0.000070,0.000079 lang_reps_s=0.001785,0.001713,0.001703,0.001821,0.001827 warmo_reps_s=0.001801,0.001706,0.001801,0.001719,0.001807 coldo_reps_s=0.001742,0.001802,0.001776,0.001856,0.001870
CTR pieces=138790 one=19725 over15=1211 cold=29103/105955/3732 lc=0/0 memo=1209984/0 pass=29103/105955/3732 lc=0/0 memo=1209984/0 warm=0/0/0 lc=0/0 memo=0/1 lang=24833/110232/3725 lc=0/0 memo=0/0 warmo=24751/110398/3641 lc=0/0 memo=0/0 coldo=29103/105955/3732 lc=0/0 memo=1209984/0
giga  chunk       0  cold   376.4 MB/s | pass   377.3 MB/s | warm   579.2 MB/s | tiktoken
GIGA tool=gigatoken version=fac0114b37120ec8a76362e9ee8e1c742aaafaef kind=tiktoken chunk=0 bytes=614699 calls=1 ids=148807 cold_s=0.001633 pass_s=0.001629 warm_s=0.001061 lang_s=0.001570 warmo_s=0.000924 coldo_s=0.001630 reps=5 cold_reps=2 load_ms=107 fresh_state_ms=23.822 cache_entries=165305 cache_mib=512 pass_after=other cold_reps_s=0.001633,0.001717 pass_reps_s=0.001675,0.001629,0.001673,0.001657,0.001654 entries_pass=165305 warm_reps_s=0.001067,0.001062,0.001061,0.001066,0.001077 entries_warm=165305 lang_reps_s=0.001727,0.001655,0.001695,0.001570,0.001691 entries_lang=418391 warmo_reps_s=0.001033,0.000973,0.000975,0.000924,0.000974 entries_warmo=418391 coldo_reps_s=0.001630,0.001690
ref   chunk       0      3.72 MB/s   0.900 Mtok/s   165305832 ns/call  (transformers TikTokenTokenizer, serving)
REF tool=hf version=transformers-5.18.0+tiktoken-0.14.0 impl=kimi-serving chunk=0 bytes=614699 calls=1 ids=148809 sha=1978a6b81c4a11e8 s=0.165306 reps=3
FIRSTDIFF none
REF tool=gigatoken chunk=0 ids=148807 sha=967acf7835f36a86 hf_nopp_ids=148809 hf_nopp_sha=1978a6b81c4a11e8 same_as_hf_nopp=no first_diff=chunk_0_id_87150_(stream_pos_87150):_got_[5799,327,555,42644,1222,410,5799]_ref_[5799,327,555,9894,9883,82,1222]
tikt  chunk       0     24.47 MB/s   5.924 Mtok/s    25118708 ns/call  ids==reference: no
REF tool=tiktoken version=0.14.0 chunk=0 bytes=614699 calls=1 ids=148807 sha=967acf7835f36a86 s=0.025119 reps=3 hf_nopp_ids=148809 hf_nopp_sha=1978a6b81c4a11e8 same_as_hf_nopp=no
EXACT yes toks == hf (148809 1978a6b81c4a11e8)
LOAD after  1.90 1.92 1.91 
== kimik3 ml chunk 4096
LOAD before  1.90 1.92 1.91 
toks  chunk    4096  cold   101.1 MB/s  32.28 Mtok/s     44154 ns/call | pass   162.1 MB/s | warm   277.4 MB/s | floor  30763.5 MB/s (memcpy) x_floor    190 | neon
E2E tool=toks tier=neon chunk=4096 bytes=6443660 calls=1443 ids=2056824 sha=5196d2d52ec65b55 cold_s=0.063714 pass_s=0.039763 warm_s=0.023231 lang_s=0.039547 warmo_s=0.025960 coldo_s=0.064089 floor_s=0.000209 floor_v=memcpy floor_xor_s=0.000414 floor_memcpy_s=0.000209 floor_nt_s=0.000455 ghz0=3.631 ghz1=3.646 load_ms=191 scratch_mib=6.37 cache_mib=0 memo_mib=4 reps=5 pass_after=other cold_reps_s=0.063714,0.063985,0.063954,0.063983,0.064080 pass_reps_s=0.040056,0.039763,0.039808,0.042116,0.039959 warm_reps_s=0.023371,0.023231,0.023311,0.023357,0.023264 lang_reps_s=0.039660,0.039547,0.039691,0.039847,0.039574 warmo_reps_s=0.025960,0.026119,0.026015,0.026092,0.026066 coldo_reps_s=0.064184,0.064089,0.064116,0.064308,0.064335
CTR pieces=1187501 one=149879 over15=39097 cold=732447/102828/352226 lc=0/0 memo=14765632/0 pass=163854/875446/148201 lc=0/0 memo=4072640/0 warm=114136/713480/70139 lc=0/0 memo=4049792/363 lang=160715/878834/147952 lc=0/0 memo=15424/0 warmo=115385/693199/89171 lc=0/0 memo=4049792/363 coldo=732447/102828/352226 lc=0/0 memo=14765632/0
giga  chunk    4096  cold    62.4 MB/s | pass   116.7 MB/s | warm   345.5 MB/s | tiktoken
GIGA tool=gigatoken version=fac0114b37120ec8a76362e9ee8e1c742aaafaef kind=tiktoken chunk=4096 bytes=6443660 calls=1443 ids=2056824 cold_s=0.103315 pass_s=0.055238 warm_s=0.018652 lang_s=0.053810 warmo_s=0.019058 coldo_s=0.103645 reps=5 cold_reps=2 load_ms=105 fresh_state_ms=23.291 cache_entries=285284 cache_mib=512 pass_after=other cold_reps_s=0.106040,0.103315 pass_reps_s=0.055856,0.055650,0.055280,0.055441,0.055238 entries_pass=285284 warm_reps_s=0.018710,0.018745,0.018652,0.018849,0.018673 entries_warm=285284 lang_reps_s=0.054246,0.053966,0.054377,0.053933,0.053810 entries_lang=418391 warmo_reps_s=0.019390,0.019058,0.019244,0.019069,0.019119 entries_warmo=418391 coldo_reps_s=0.103645,0.106132
ref   chunk    4096      3.66 MB/s   1.167 Mtok/s     1220915 ns/call  (transformers TikTokenTokenizer, serving)
REF tool=hf version=transformers-5.18.0+tiktoken-0.14.0 impl=kimi-serving chunk=4096 bytes=6443660 calls=1443 ids=2056824 sha=5196d2d52ec65b55 s=1.761780 reps=3
FIRSTDIFF none
REF tool=gigatoken chunk=4096 ids=2056824 sha=5196d2d52ec65b55 hf_nopp_ids=2056824 hf_nopp_sha=5196d2d52ec65b55 same_as_hf_nopp=yes first_diff=none
tikt  chunk    4096     20.11 MB/s   6.419 Mtok/s      222060 ns/call  ids==reference: yes
REF tool=tiktoken version=0.14.0 chunk=4096 bytes=6443660 calls=1443 ids=2056824 sha=5196d2d52ec65b55 s=0.320433 reps=3 hf_nopp_ids=2056824 hf_nopp_sha=5196d2d52ec65b55 same_as_hf_nopp=yes
EXACT yes toks == hf (2056824 5196d2d52ec65b55)
LOAD after  1.62 1.83 1.88 
== kimik3 ml chunk 0
LOAD before  1.62 1.83 1.88 
toks  chunk       0  cold   140.4 MB/s  44.79 Mtok/s  45907791 ns/call | pass   140.6 MB/s | warm   149.9 MB/s | floor  26562.7 MB/s (memcpy) x_floor    189 | neon
E2E tool=toks tier=neon chunk=0 bytes=6443660 calls=1 ids=2056254 sha=3cd09354678db03b cold_s=0.045908 pass_s=0.045816 warm_s=0.042983 lang_s=0.045748 warmo_s=0.045221 coldo_s=0.045730 floor_s=0.000243 floor_v=memcpy floor_xor_s=0.000421 floor_memcpy_s=0.000243 floor_nt_s=0.000433 ghz0=3.626 ghz1=3.640 load_ms=192 scratch_mib=227.23 cache_mib=0 memo_mib=4 reps=5 pass_after=other cold_reps_s=0.046069,0.045948,0.045989,0.046005,0.045908 pass_reps_s=0.045847,0.045816,0.045889,0.045845,0.045907 warm_reps_s=0.043071,0.043144,0.043080,0.042983,0.043084 lang_reps_s=0.045777,0.046338,0.045778,0.045748,0.048368 warmo_reps_s=0.045221,0.045371,0.045436,0.045384,0.045577 coldo_reps_s=0.046025,0.046659,0.046161,0.045730,0.045956
CTR pieces=1186934 one=149381 over15=39096 cold=163324/875409/148201 lc=0/0 memo=0/0 pass=163324/875409/148201 lc=0/0 memo=0/0 warm=158925/898093/129916 lc=0/0 memo=0/0 lang=160220/878762/147952 lc=0/0 memo=0/0 warmo=160087/881913/144934 lc=0/0 memo=0/0 coldo=163324/875409/148201 lc=0/0 memo=0/0
giga  chunk       0  cold   117.7 MB/s | pass   117.3 MB/s | warm   351.3 MB/s | tiktoken
GIGA tool=gigatoken version=fac0114b37120ec8a76362e9ee8e1c742aaafaef kind=tiktoken chunk=0 bytes=6443660 calls=1 ids=2056247 cold_s=0.054738 pass_s=0.054913 warm_s=0.018342 lang_s=0.053497 warmo_s=0.018746 coldo_s=0.054574 reps=5 cold_reps=2 load_ms=105 fresh_state_ms=23.402 cache_entries=285280 cache_mib=512 pass_after=other cold_reps_s=0.056243,0.054738 pass_reps_s=0.055017,0.055065,0.055361,0.054913,0.055072 entries_pass=285280 warm_reps_s=0.018397,0.018409,0.018493,0.018342,0.018348 entries_warm=285280 lang_reps_s=0.054103,0.053859,0.053967,0.053705,0.053497 entries_lang=418387 warmo_reps_s=0.018923,0.019189,0.018746,0.018814,0.018818 entries_warmo=418387 coldo_reps_s=0.054574,0.054777
ref   chunk       0      3.71 MB/s   1.185 Mtok/s  1735496208 ns/call  (transformers TikTokenTokenizer, serving)
REF tool=hf version=transformers-5.18.0+tiktoken-0.14.0 impl=kimi-serving chunk=0 bytes=6443660 calls=1 ids=2056254 sha=3cd09354678db03b s=1.735496 reps=3
FIRSTDIFF none
REF tool=gigatoken chunk=0 ids=2056247 sha=c5ed7716374f8c6e hf_nopp_ids=2056254 hf_nopp_sha=3cd09354678db03b same_as_hf_nopp=no first_diff=chunk_0_id_156046_(stream_pos_156046):_got_[9684,3654,1027,7161,70,21810,1010]_ref_[9684,3654,1027,14667,4510,70,21810]
tikt  chunk       0     20.08 MB/s   6.409 Mtok/s   320828416 ns/call  ids==reference: no
REF tool=tiktoken version=0.14.0 chunk=0 bytes=6443660 calls=1 ids=2056247 sha=c5ed7716374f8c6e s=0.320828 reps=3 hf_nopp_ids=2056254 hf_nopp_sha=3cd09354678db03b same_as_hf_nopp=no
EXACT yes toks == hf (2056254 3cd09354678db03b)
LOAD after  1.56 1.81 1.87 
== kimik3 cjk chunk 4096
LOAD before  1.56 1.81 1.87 
toks  chunk    4096  cold   127.4 MB/s  41.09 Mtok/s     33023 ns/call | pass   130.5 MB/s | warm   317.3 MB/s | floor  30486.8 MB/s (memcpy) x_floor    234 | neon
E2E tool=toks tier=neon chunk=4096 bytes=3129985 calls=744 ids=1009485 sha=52bca7da6b23093a cold_s=0.024569 pass_s=0.023988 warm_s=0.009864 lang_s=0.023828 warmo_s=0.011347 coldo_s=0.024922 floor_s=0.000103 floor_v=memcpy floor_xor_s=0.000221 floor_memcpy_s=0.000103 floor_nt_s=0.000229 ghz0=3.650 ghz1=3.647 load_ms=188 scratch_mib=6.37 cache_mib=0 memo_mib=4 reps=5 pass_after=other cold_reps_s=0.024569,0.024802,0.024927,0.024793,0.024845 pass_reps_s=0.024088,0.024178,0.023988,0.024061,0.024167 warm_reps_s=0.009864,0.009890,0.010028,0.009949,0.009879 lang_reps_s=0.023865,0.025787,0.023937,0.023913,0.023828 warmo_reps_s=0.011454,0.011500,0.011473,0.011347,0.011461 coldo_reps_s=0.025020,0.025110,0.025047,0.025120,0.024922
CTR pieces=364482 one=27120 over15=63976 cold=211450/15726/137306 lc=0/0 memo=7217152/0 pass=36462/209047/118973 lc=0/0 memo=4061824/0 warm=5157/92481/40973 lc=0/0 memo=0/409 lang=33067/212646/118769 lc=0/0 memo=0/0 warmo=7142/80395/54142 lc=0/0 memo=3213376/404 coldo=211450/15726/137306 lc=0/0 memo=7217152/0
giga  chunk    4096  cold    43.8 MB/s | pass    54.0 MB/s | warm   231.6 MB/s | tiktoken
GIGA tool=gigatoken version=fac0114b37120ec8a76362e9ee8e1c742aaafaef kind=tiktoken chunk=4096 bytes=3129985 calls=744 ids=1009485 cold_s=0.071515 pass_s=0.058012 warm_s=0.013513 lang_s=0.056116 warmo_s=0.013958 coldo_s=0.069957 reps=5 cold_reps=2 load_ms=115 fresh_state_ms=23.346 cache_entries=277654 cache_mib=512 pass_after=other cold_reps_s=0.071639,0.071515 pass_reps_s=0.058433,0.058436,0.058012,0.058388,0.058065 entries_pass=277654 warm_reps_s=0.013851,0.013875,0.013513,0.013746,0.013619 entries_warm=277654 lang_reps_s=0.056741,0.056116,0.056180,0.056199,0.058721 entries_lang=418391 warmo_reps_s=0.014070,0.013984,0.015052,0.013958,0.013991 entries_warmo=418391 coldo_reps_s=0.070925,0.069957
ref   chunk    4096      4.98 MB/s   1.606 Mtok/s      844746 ns/call  (transformers TikTokenTokenizer, serving)
REF tool=hf version=transformers-5.18.0+tiktoken-0.14.0 impl=kimi-serving chunk=4096 bytes=3129985 calls=744 ids=1009485 sha=52bca7da6b23093a s=0.628491 reps=3
FIRSTDIFF none
REF tool=gigatoken chunk=4096 ids=1009485 sha=52bca7da6b23093a hf_nopp_ids=1009485 hf_nopp_sha=52bca7da6b23093a same_as_hf_nopp=yes first_diff=none
tikt  chunk    4096     20.30 MB/s   6.548 Mtok/s      207218 ns/call  ids==reference: yes
REF tool=tiktoken version=0.14.0 chunk=4096 bytes=3129985 calls=744 ids=1009485 sha=52bca7da6b23093a s=0.154171 reps=3 hf_nopp_ids=1009485 hf_nopp_sha=52bca7da6b23093a same_as_hf_nopp=yes
EXACT yes toks == hf (1009485 52bca7da6b23093a)
LOAD after  2.02 1.88 1.89 
== kimik3 cjk chunk 0
LOAD before  2.02 1.88 1.89 
toks  chunk       0  cold   117.4 MB/s  37.86 Mtok/s  26660500 ns/call | pass   116.7 MB/s | warm   127.2 MB/s | floor  17065.0 MB/s (memcpy) x_floor    146 | neon
E2E tool=toks tier=neon chunk=0 bytes=3129985 calls=1 ids=1009405 sha=3862c5fad7cd06bb cold_s=0.026661 pass_s=0.026813 warm_s=0.024605 lang_s=0.026778 warmo_s=0.026691 coldo_s=0.026819 floor_s=0.000183 floor_v=memcpy floor_xor_s=0.000203 floor_memcpy_s=0.000183 floor_nt_s=0.000211 ghz0=3.645 ghz1=3.644 load_ms=188 scratch_mib=113.46 cache_mib=0 memo_mib=4 reps=5 pass_after=other cold_reps_s=0.026810,0.026772,0.026661,0.026779,0.026800 pass_reps_s=0.026924,0.026813,0.026856,0.026878,0.026995 warm_reps_s=0.024743,0.024785,0.024605,0.024777,0.024787 lang_reps_s=0.026778,0.026839,0.026859,0.027020,0.026872 warmo_reps_s=0.026797,0.026935,0.026691,0.026735,0.026850 coldo_reps_s=0.026864,0.026819,0.027348,0.026914,0.026875
CTR pieces=364405 one=27054 over15=63975 cold=36305/209125/118975 lc=0/0 memo=0/0 pass=36305/209125/118975 lc=0/0 memo=0/0 warm=29840/238538/96027 lc=0/0 memo=0/0 lang=33001/212633/118771 lc=0/0 memo=0/0 warmo=32899/213864/117642 lc=0/0 memo=0/0 coldo=36305/209125/118975 lc=0/0 memo=0/0
giga  chunk       0  cold    53.0 MB/s | pass    53.2 MB/s | warm   236.5 MB/s | tiktoken
GIGA tool=gigatoken version=fac0114b37120ec8a76362e9ee8e1c742aaafaef kind=tiktoken chunk=0 bytes=3129985 calls=1 ids=1009405 cold_s=0.059049 pass_s=0.058856 warm_s=0.013233 lang_s=0.056997 warmo_s=0.013683 coldo_s=0.059024 reps=5 cold_reps=2 load_ms=106 fresh_state_ms=23.355 cache_entries=277654 cache_mib=512 pass_after=other cold_reps_s=0.059764,0.059049 pass_reps_s=0.058856,0.059560,0.059263,0.059253,0.058937 entries_pass=277654 warm_reps_s=0.013776,0.013642,0.013773,0.013233,0.013742 entries_warm=277654 lang_reps_s=0.057685,0.061441,0.056997,0.057102,0.057098 entries_lang=418391 warmo_reps_s=0.013683,0.013750,0.013742,0.013849,0.013760 entries_warmo=418391 coldo_reps_s=0.059066,0.059024
ref   chunk       0      5.22 MB/s   1.685 Mtok/s   599204835 ns/call  (transformers TikTokenTokenizer, serving)
REF tool=hf version=transformers-5.18.0+tiktoken-0.14.0 impl=kimi-serving chunk=0 bytes=3129985 calls=1 ids=1009405 sha=3862c5fad7cd06bb s=0.599205 reps=3
FIRSTDIFF none
REF tool=gigatoken chunk=0 ids=1009405 sha=3862c5fad7cd06bb hf_nopp_ids=1009405 hf_nopp_sha=3862c5fad7cd06bb same_as_hf_nopp=yes first_diff=none
tikt  chunk       0     20.00 MB/s   6.450 Mtok/s   156502958 ns/call  ids==reference: yes
REF tool=tiktoken version=0.14.0 chunk=0 bytes=3129985 calls=1 ids=1009405 sha=3862c5fad7cd06bb s=0.156503 reps=3 hf_nopp_ids=1009405 hf_nopp_sha=3862c5fad7cd06bb same_as_hf_nopp=yes
EXACT yes toks == hf (1009405 3862c5fad7cd06bb)
LOAD after  2.02 1.88 1.89 
UPTIME  0:28  up 86 days, 11 hrs, 0 users, load averages: 2.02 1.88 1.89
PASS 82294846 compared e2e exact (88 cells, toks == hf)
