/* toks: per-code-point unicode property flags as oniguruma (hf tokenizers
 * 0.23.2's regex engine) sees them.  GENERATED FILE -- DO NOT EDIT.
 * Regenerate with: uv run tools/gen/unicode.py
 * table data sha256: 14ade6123d97ec55c668bd2ec93f44bce842ab8a22342658de6311d68f94abff  (n_blocks 155)
 */

#include "ucd_flags.h"

/* stage 1: block id per 256 code points; block 0 is U+0000..U+00FF */
const uint16_t toks_ucd_stage1[0x1100] = {
    0x0000, 0x0001, 0x0002, 0x0003, 0x0004, 0x0005, 0x0006, 0x0007, 0x0008, 0x0009, 0x000A, 0x000B, 0x000C, 0x000D, 0x000E, 0x000F,
    0x0010, 0x0011, 0x0012, 0x0013, 0x0014, 0x0011, 0x0015, 0x0016, 0x0017, 0x0018, 0x0019, 0x001A, 0x001B, 0x001C, 0x001D, 0x001E,
    0x001F, 0x0020, 0x0021, 0x0022, 0x0023, 0x0021, 0x0021, 0x0024, 0x0021, 0x0025, 0x0021, 0x0026, 0x0027, 0x0028, 0x0029, 0x002A,
    0x002B, 0x002C, 0x002D, 0x0021, 0x0011, 0x0011, 0x0011, 0x0011, 0x0011, 0x0011, 0x0011, 0x0011, 0x0011, 0x0011, 0x0011, 0x0011,
    0x0011, 0x0011, 0x0011, 0x0011, 0x0011, 0x0011, 0x0011, 0x0011, 0x0011, 0x0011, 0x0011, 0x0011, 0x0011, 0x002E, 0x0011, 0x0011,
    0x0011, 0x0011, 0x0011, 0x0011, 0x0011, 0x0011, 0x0011, 0x0011, 0x0011, 0x0011, 0x0011, 0x0011, 0x0011, 0x0011, 0x0011, 0x0011,
    0x0011, 0x0011, 0x0011, 0x0011, 0x0011, 0x0011, 0x0011, 0x0011, 0x0011, 0x0011, 0x0011, 0x0011, 0x0011, 0x0011, 0x0011, 0x0011,
    0x0011, 0x0011, 0x0011, 0x0011, 0x0011, 0x0011, 0x0011, 0x0011, 0x0011, 0x0011, 0x0011, 0x0011, 0x0011, 0x0011, 0x0011, 0x0011,
    0x0011, 0x0011, 0x0011, 0x0011, 0x0011, 0x0011, 0x0011, 0x0011, 0x0011, 0x0011, 0x0011, 0x0011, 0x0011, 0x0011, 0x0011, 0x0011,
    0x0011, 0x0011, 0x0011, 0x0011, 0x0011, 0x0011, 0x0011, 0x0011, 0x0011, 0x0011, 0x0011, 0x0011, 0x0011, 0x0011, 0x0011, 0x0011,
    0x002F, 0x0011, 0x0011, 0x0011, 0x0030, 0x0011, 0x0031, 0x0032, 0x0033, 0x0034, 0x0035, 0x0036, 0x0011, 0x0011, 0x0011, 0x0011,
    0x0011, 0x0011, 0x0011, 0x0011, 0x0011, 0x0011, 0x0011, 0x0011, 0x0011, 0x0011, 0x0011, 0x0011, 0x0011, 0x0011, 0x0011, 0x0011,
    0x0011, 0x0011, 0x0011, 0x0011, 0x0011, 0x0011, 0x0011, 0x0011, 0x0011, 0x0011, 0x0011, 0x0011, 0x0011, 0x0011, 0x0011, 0x0011,
    0x0011, 0x0011, 0x0011, 0x0011, 0x0011, 0x0011, 0x0011, 0x0037, 0x0038, 0x0038, 0x0038, 0x0038, 0x0038, 0x0038, 0x0038, 0x0038,
    0x0038, 0x0038, 0x0038, 0x0038, 0x0038, 0x0038, 0x0038, 0x0038, 0x0038, 0x0038, 0x0038, 0x0038, 0x0038, 0x0038, 0x0038, 0x0038,
    0x0038, 0x0038, 0x0038, 0x0038, 0x0038, 0x0038, 0x0038, 0x0038, 0x0038, 0x0011, 0x0039, 0x003A, 0x0011, 0x003B, 0x003C, 0x003D,
    0x003E, 0x003F, 0x0040, 0x0041, 0x0042, 0x0043, 0x0011, 0x0044, 0x0045, 0x0046, 0x0047, 0x0048, 0x0049, 0x004A, 0x004B, 0x004C,
    0x004D, 0x004E, 0x004F, 0x0050, 0x0051, 0x0052, 0x0053, 0x0054, 0x0055, 0x0056, 0x0057, 0x0058, 0x0059, 0x005A, 0x005B, 0x005C,
    0x0011, 0x0011, 0x0011, 0x005D, 0x005E, 0x005F, 0x0038, 0x0038, 0x0038, 0x0038, 0x0038, 0x0038, 0x0038, 0x0038, 0x0038, 0x0060,
    0x0011, 0x0011, 0x0011, 0x0011, 0x0061, 0x0011, 0x0011, 0x0011, 0x0011, 0x0011, 0x0011, 0x0011, 0x0011, 0x0011, 0x0011, 0x0011,
    0x0011, 0x0011, 0x0011, 0x0062, 0x0011, 0x0011, 0x0063, 0x0038, 0x0038, 0x0038, 0x0038, 0x0038, 0x0038, 0x0038, 0x0038, 0x0038,
    0x0038, 0x0038, 0x0038, 0x0038, 0x0038, 0x0038, 0x0038, 0x0038, 0x0038, 0x0038, 0x0038, 0x0038, 0x0038, 0x0038, 0x0038, 0x0038,
    0x0038, 0x0064, 0x0038, 0x0038, 0x0038, 0x0038, 0x0038, 0x0038, 0x0011, 0x0011, 0x0065, 0x0066, 0x0038, 0x0067, 0x0068, 0x0069,
    0x0011, 0x0011, 0x0011, 0x0011, 0x0011, 0x0011, 0x0011, 0x0011, 0x0011, 0x0011, 0x0011, 0x0011, 0x0011, 0x0011, 0x0011, 0x0011,
    0x0011, 0x0011, 0x0011, 0x0011, 0x0011, 0x0011, 0x0011, 0x006A, 0x0011, 0x0011, 0x0011, 0x0011, 0x006B, 0x006C, 0x0038, 0x0038,
    0x0038, 0x0038, 0x0038, 0x0038, 0x0038, 0x0038, 0x0038, 0x0038, 0x0038, 0x0038, 0x0038, 0x0038, 0x0038, 0x0038, 0x0038, 0x0038,
    0x0038, 0x0038, 0x0038, 0x0038, 0x0038, 0x0038, 0x0038, 0x0038, 0x0038, 0x0038, 0x0038, 0x0038, 0x0038, 0x0038, 0x0038, 0x006D,
    0x0011, 0x006E, 0x006F, 0x0038, 0x0038, 0x0038, 0x0038, 0x0038, 0x0038, 0x0038, 0x0038, 0x0038, 0x0070, 0x0038, 0x0038, 0x0038,
    0x0038, 0x0038, 0x0038, 0x0038, 0x0038, 0x0038, 0x0038, 0x0038, 0x0038, 0x0038, 0x0038, 0x0038, 0x0071, 0x0021, 0x0072, 0x0073,
    0x0074, 0x0075, 0x0076, 0x0077, 0x0078, 0x0079, 0x007A, 0x007B, 0x0021, 0x0021, 0x007C, 0x0038, 0x0038, 0x0038, 0x0038, 0x007D,
    0x007E, 0x007F, 0x0080, 0x0038, 0x0081, 0x0082, 0x0038, 0x0083, 0x0084, 0x0085, 0x0038, 0x0038, 0x0086, 0x0087, 0x0088, 0x0038,
    0x0089, 0x008A, 0x008B, 0x0021, 0x0021, 0x0021, 0x008C, 0x008D, 0x008E, 0x0021, 0x008F, 0x0090, 0x0038, 0x0038, 0x0038, 0x0038,
    0x0011, 0x0011, 0x0011, 0x0011, 0x0011, 0x0011, 0x0011, 0x0011, 0x0011, 0x0011, 0x0011, 0x0011, 0x0011, 0x0011, 0x0011, 0x0011,
    0x0011, 0x0011, 0x0011, 0x0011, 0x0011, 0x0011, 0x0011, 0x0011, 0x0011, 0x0011, 0x0011, 0x0011, 0x0011, 0x0011, 0x0011, 0x0011,
    0x0011, 0x0011, 0x0011, 0x0011, 0x0011, 0x0011, 0x0011, 0x0011, 0x0011, 0x0011, 0x0011, 0x0011, 0x0011, 0x0011, 0x0011, 0x0011,
    0x0011, 0x0011, 0x0011, 0x0011, 0x0011, 0x0011, 0x0011, 0x0011, 0x0011, 0x0011, 0x0011, 0x0011, 0x0011, 0x0011, 0x0011, 0x0011,
    0x0011, 0x0011, 0x0011, 0x0011, 0x0011, 0x0011, 0x0011, 0x0011, 0x0011, 0x0011, 0x0011, 0x0011, 0x0011, 0x0011, 0x0011, 0x0011,
    0x0011, 0x0011, 0x0011, 0x0011, 0x0011, 0x0011, 0x0011, 0x0011, 0x0011, 0x0011, 0x0011, 0x0011, 0x0011, 0x0011, 0x0011, 0x0011,
    0x0011, 0x0011, 0x0011, 0x0011, 0x0011, 0x0011, 0x0011, 0x0011, 0x0011, 0x0011, 0x0011, 0x0011, 0x0011, 0x0011, 0x0011, 0x0011,
    0x0011, 0x0011, 0x0011, 0x0011, 0x0011, 0x0011, 0x0011, 0x0011, 0x0011, 0x0011, 0x0011, 0x0011, 0x0011, 0x0011, 0x0011, 0x0011,
    0x0011, 0x0011, 0x0011, 0x0011, 0x0011, 0x0011, 0x0011, 0x0011, 0x0011, 0x0011, 0x0011, 0x0011, 0x0011, 0x0011, 0x0011, 0x0011,
    0x0011, 0x0011, 0x0011, 0x0011, 0x0011, 0x0011, 0x0011, 0x0011, 0x0011, 0x0011, 0x0011, 0x0011, 0x0011, 0x0011, 0x0011, 0x0011,
    0x0011, 0x0011, 0x0011, 0x0011, 0x0011, 0x0011, 0x0091, 0x0011, 0x0011, 0x0011, 0x0011, 0x0011, 0x0011, 0x0011, 0x0011, 0x0011,
    0x0011, 0x0011, 0x0011, 0x0011, 0x0011, 0x0011, 0x0011, 0x0092, 0x0093, 0x0011, 0x0011, 0x0011, 0x0011, 0x0011, 0x0011, 0x0011,
    0x0011, 0x0011, 0x0011, 0x0011, 0x0011, 0x0011, 0x0011, 0x0011, 0x0011, 0x0011, 0x0011, 0x0011, 0x0011, 0x0011, 0x0094, 0x0011,
    0x0011, 0x0011, 0x0011, 0x0011, 0x0011, 0x0011, 0x0011, 0x0011, 0x0011, 0x0011, 0x0011, 0x0011, 0x0011, 0x0011, 0x0011, 0x0011,
    0x0011, 0x0011, 0x0011, 0x0011, 0x0011, 0x0011, 0x0011, 0x0011, 0x0011, 0x0011, 0x0011, 0x0095, 0x0011, 0x0011, 0x0096, 0x0038,
    0x0038, 0x0038, 0x0038, 0x0038, 0x0038, 0x0038, 0x0038, 0x0038, 0x0011, 0x0011, 0x0097, 0x0038, 0x0038, 0x0038, 0x0038, 0x0038,
    0x0011, 0x0011, 0x0011, 0x0011, 0x0011, 0x0011, 0x0011, 0x0011, 0x0011, 0x0011, 0x0011, 0x0011, 0x0011, 0x0011, 0x0011, 0x0011,
    0x0011, 0x0011, 0x0011, 0x0098, 0x0011, 0x0011, 0x0011, 0x0011, 0x0011, 0x0011, 0x0011, 0x0011, 0x0011, 0x0011, 0x0011, 0x0011,
    0x0011, 0x0011, 0x0011, 0x0099, 0x0038, 0x0038, 0x0038, 0x0038, 0x0038, 0x0038, 0x0038, 0x0038, 0x0038, 0x0038, 0x0038, 0x0038,
    0x0038, 0x0038, 0x0038, 0x0038, 0x0038, 0x0038, 0x0038, 0x0038, 0x0038, 0x0038, 0x0038, 0x0038, 0x0038, 0x0038, 0x0038, 0x0038,
    0x0038, 0x0038, 0x0038, 0x0038, 0x0038, 0x0038, 0x0038, 0x0038, 0x0038, 0x0038, 0x0038, 0x0038, 0x0038, 0x0038, 0x0038, 0x0038,
    0x0038, 0x0038, 0x0038, 0x0038, 0x0038, 0x0038, 0x0038, 0x0038, 0x0038, 0x0038, 0x0038, 0x0038, 0x0038, 0x0038, 0x0038, 0x0038,
    0x0038, 0x0038, 0x0038, 0x0038, 0x0038, 0x0038, 0x0038, 0x0038, 0x0038, 0x0038, 0x0038, 0x0038, 0x0038, 0x0038, 0x0038, 0x0038,
    0x0038, 0x0038, 0x0038, 0x0038, 0x0038, 0x0038, 0x0038, 0x0038, 0x0038, 0x0038, 0x0038, 0x0038, 0x0038, 0x0038, 0x0038, 0x0038,
    0x0038, 0x0038, 0x0038, 0x0038, 0x0038, 0x0038, 0x0038, 0x0038, 0x0038, 0x0038, 0x0038, 0x0038, 0x0038, 0x0038, 0x0038, 0x0038,
    0x0038, 0x0038, 0x0038, 0x0038, 0x0038, 0x0038, 0x0038, 0x0038, 0x0038, 0x0038, 0x0038, 0x0038, 0x0038, 0x0038, 0x0038, 0x0038,
    0x0038, 0x0038, 0x0038, 0x0038, 0x0038, 0x0038, 0x0038, 0x0038, 0x0038, 0x0038, 0x0038, 0x0038, 0x0038, 0x0038, 0x0038, 0x0038,
    0x0038, 0x0038, 0x0038, 0x0038, 0x0038, 0x0038, 0x0038, 0x0038, 0x0038, 0x0038, 0x0038, 0x0038, 0x0038, 0x0038, 0x0038, 0x0038,
    0x0038, 0x0038, 0x0038, 0x0038, 0x0038, 0x0038, 0x0038, 0x0038, 0x0038, 0x0038, 0x0038, 0x0038, 0x0038, 0x0038, 0x0038, 0x0038,
    0x0038, 0x0038, 0x0038, 0x0038, 0x0038, 0x0038, 0x0038, 0x0038, 0x0038, 0x0038, 0x0038, 0x0038, 0x0038, 0x0038, 0x0038, 0x0038,
    0x0038, 0x0038, 0x0038, 0x0038, 0x0038, 0x0038, 0x0038, 0x0038, 0x0038, 0x0038, 0x0038, 0x0038, 0x0038, 0x0038, 0x0038, 0x0038,
    0x0038, 0x0038, 0x0038, 0x0038, 0x0038, 0x0038, 0x0038, 0x0038, 0x0038, 0x0038, 0x0038, 0x0038, 0x0038, 0x0038, 0x0038, 0x0038,
    0x0038, 0x0038, 0x0038, 0x0038, 0x0038, 0x0038, 0x0038, 0x0038, 0x0038, 0x0038, 0x0038, 0x0038, 0x0038, 0x0038, 0x0038, 0x0038,
    0x0038, 0x0038, 0x0038, 0x0038, 0x0038, 0x0038, 0x0038, 0x0038, 0x0038, 0x0038, 0x0038, 0x0038, 0x0038, 0x0038, 0x0038, 0x0038,
    0x0038, 0x0038, 0x0038, 0x0038, 0x0038, 0x0038, 0x0038, 0x0038, 0x0038, 0x0038, 0x0038, 0x0038, 0x0038, 0x0038, 0x0038, 0x0038,
    0x0038, 0x0038, 0x0038, 0x0038, 0x0038, 0x0038, 0x0038, 0x0038, 0x0038, 0x0038, 0x0038, 0x0038, 0x0038, 0x0038, 0x0038, 0x0038,
    0x0038, 0x0038, 0x0038, 0x0038, 0x0038, 0x0038, 0x0038, 0x0038, 0x0038, 0x0038, 0x0038, 0x0038, 0x0038, 0x0038, 0x0038, 0x0038,
    0x0038, 0x0038, 0x0038, 0x0038, 0x0038, 0x0038, 0x0038, 0x0038, 0x0038, 0x0038, 0x0038, 0x0038, 0x0038, 0x0038, 0x0038, 0x0038,
    0x0038, 0x0038, 0x0038, 0x0038, 0x0038, 0x0038, 0x0038, 0x0038, 0x0038, 0x0038, 0x0038, 0x0038, 0x0038, 0x0038, 0x0038, 0x0038,
    0x0038, 0x0038, 0x0038, 0x0038, 0x0038, 0x0038, 0x0038, 0x0038, 0x0038, 0x0038, 0x0038, 0x0038, 0x0038, 0x0038, 0x0038, 0x0038,
    0x0038, 0x0038, 0x0038, 0x0038, 0x0038, 0x0038, 0x0038, 0x0038, 0x0038, 0x0038, 0x0038, 0x0038, 0x0038, 0x0038, 0x0038, 0x0038,
    0x0038, 0x0038, 0x0038, 0x0038, 0x0038, 0x0038, 0x0038, 0x0038, 0x0038, 0x0038, 0x0038, 0x0038, 0x0038, 0x0038, 0x0038, 0x0038,
    0x0038, 0x0038, 0x0038, 0x0038, 0x0038, 0x0038, 0x0038, 0x0038, 0x0038, 0x0038, 0x0038, 0x0038, 0x0038, 0x0038, 0x0038, 0x0038,
    0x0038, 0x0038, 0x0038, 0x0038, 0x0038, 0x0038, 0x0038, 0x0038, 0x0038, 0x0038, 0x0038, 0x0038, 0x0038, 0x0038, 0x0038, 0x0038,
    0x0038, 0x0038, 0x0038, 0x0038, 0x0038, 0x0038, 0x0038, 0x0038, 0x0038, 0x0038, 0x0038, 0x0038, 0x0038, 0x0038, 0x0038, 0x0038,
    0x0038, 0x0038, 0x0038, 0x0038, 0x0038, 0x0038, 0x0038, 0x0038, 0x0038, 0x0038, 0x0038, 0x0038, 0x0038, 0x0038, 0x0038, 0x0038,
    0x0038, 0x0038, 0x0038, 0x0038, 0x0038, 0x0038, 0x0038, 0x0038, 0x0038, 0x0038, 0x0038, 0x0038, 0x0038, 0x0038, 0x0038, 0x0038,
    0x0038, 0x0038, 0x0038, 0x0038, 0x0038, 0x0038, 0x0038, 0x0038, 0x0038, 0x0038, 0x0038, 0x0038, 0x0038, 0x0038, 0x0038, 0x0038,
    0x0038, 0x0038, 0x0038, 0x0038, 0x0038, 0x0038, 0x0038, 0x0038, 0x0038, 0x0038, 0x0038, 0x0038, 0x0038, 0x0038, 0x0038, 0x0038,
    0x0038, 0x0038, 0x0038, 0x0038, 0x0038, 0x0038, 0x0038, 0x0038, 0x0038, 0x0038, 0x0038, 0x0038, 0x0038, 0x0038, 0x0038, 0x0038,
    0x0038, 0x0038, 0x0038, 0x0038, 0x0038, 0x0038, 0x0038, 0x0038, 0x0038, 0x0038, 0x0038, 0x0038, 0x0038, 0x0038, 0x0038, 0x0038,
    0x0038, 0x0038, 0x0038, 0x0038, 0x0038, 0x0038, 0x0038, 0x0038, 0x0038, 0x0038, 0x0038, 0x0038, 0x0038, 0x0038, 0x0038, 0x0038,
    0x0038, 0x0038, 0x0038, 0x0038, 0x0038, 0x0038, 0x0038, 0x0038, 0x0038, 0x0038, 0x0038, 0x0038, 0x0038, 0x0038, 0x0038, 0x0038,
    0x0038, 0x0038, 0x0038, 0x0038, 0x0038, 0x0038, 0x0038, 0x0038, 0x0038, 0x0038, 0x0038, 0x0038, 0x0038, 0x0038, 0x0038, 0x0038,
    0x0038, 0x0038, 0x0038, 0x0038, 0x0038, 0x0038, 0x0038, 0x0038, 0x0038, 0x0038, 0x0038, 0x0038, 0x0038, 0x0038, 0x0038, 0x0038,
    0x0038, 0x0038, 0x0038, 0x0038, 0x0038, 0x0038, 0x0038, 0x0038, 0x0038, 0x0038, 0x0038, 0x0038, 0x0038, 0x0038, 0x0038, 0x0038,
    0x0038, 0x0038, 0x0038, 0x0038, 0x0038, 0x0038, 0x0038, 0x0038, 0x0038, 0x0038, 0x0038, 0x0038, 0x0038, 0x0038, 0x0038, 0x0038,
    0x0038, 0x0038, 0x0038, 0x0038, 0x0038, 0x0038, 0x0038, 0x0038, 0x0038, 0x0038, 0x0038, 0x0038, 0x0038, 0x0038, 0x0038, 0x0038,
    0x0038, 0x0038, 0x0038, 0x0038, 0x0038, 0x0038, 0x0038, 0x0038, 0x0038, 0x0038, 0x0038, 0x0038, 0x0038, 0x0038, 0x0038, 0x0038,
    0x0038, 0x0038, 0x0038, 0x0038, 0x0038, 0x0038, 0x0038, 0x0038, 0x0038, 0x0038, 0x0038, 0x0038, 0x0038, 0x0038, 0x0038, 0x0038,
    0x0038, 0x0038, 0x0038, 0x0038, 0x0038, 0x0038, 0x0038, 0x0038, 0x0038, 0x0038, 0x0038, 0x0038, 0x0038, 0x0038, 0x0038, 0x0038,
    0x0038, 0x0038, 0x0038, 0x0038, 0x0038, 0x0038, 0x0038, 0x0038, 0x0038, 0x0038, 0x0038, 0x0038, 0x0038, 0x0038, 0x0038, 0x0038,
    0x0038, 0x0038, 0x0038, 0x0038, 0x0038, 0x0038, 0x0038, 0x0038, 0x0038, 0x0038, 0x0038, 0x0038, 0x0038, 0x0038, 0x0038, 0x0038,
    0x0038, 0x0038, 0x0038, 0x0038, 0x0038, 0x0038, 0x0038, 0x0038, 0x0038, 0x0038, 0x0038, 0x0038, 0x0038, 0x0038, 0x0038, 0x0038,
    0x0038, 0x0038, 0x0038, 0x0038, 0x0038, 0x0038, 0x0038, 0x0038, 0x0038, 0x0038, 0x0038, 0x0038, 0x0038, 0x0038, 0x0038, 0x0038,
    0x0038, 0x0038, 0x0038, 0x0038, 0x0038, 0x0038, 0x0038, 0x0038, 0x0038, 0x0038, 0x0038, 0x0038, 0x0038, 0x0038, 0x0038, 0x0038,
    0x0038, 0x0038, 0x0038, 0x0038, 0x0038, 0x0038, 0x0038, 0x0038, 0x0038, 0x0038, 0x0038, 0x0038, 0x0038, 0x0038, 0x0038, 0x0038,
    0x0038, 0x0038, 0x0038, 0x0038, 0x0038, 0x0038, 0x0038, 0x0038, 0x0038, 0x0038, 0x0038, 0x0038, 0x0038, 0x0038, 0x0038, 0x0038,
    0x0038, 0x0038, 0x0038, 0x0038, 0x0038, 0x0038, 0x0038, 0x0038, 0x0038, 0x0038, 0x0038, 0x0038, 0x0038, 0x0038, 0x0038, 0x0038,
    0x0038, 0x0038, 0x0038, 0x0038, 0x0038, 0x0038, 0x0038, 0x0038, 0x0038, 0x0038, 0x0038, 0x0038, 0x0038, 0x0038, 0x0038, 0x0038,
    0x0038, 0x0038, 0x0038, 0x0038, 0x0038, 0x0038, 0x0038, 0x0038, 0x0038, 0x0038, 0x0038, 0x0038, 0x0038, 0x0038, 0x0038, 0x0038,
    0x0038, 0x0038, 0x0038, 0x0038, 0x0038, 0x0038, 0x0038, 0x0038, 0x0038, 0x0038, 0x0038, 0x0038, 0x0038, 0x0038, 0x0038, 0x0038,
    0x0038, 0x0038, 0x0038, 0x0038, 0x0038, 0x0038, 0x0038, 0x0038, 0x0038, 0x0038, 0x0038, 0x0038, 0x0038, 0x0038, 0x0038, 0x0038,
    0x0038, 0x0038, 0x0038, 0x0038, 0x0038, 0x0038, 0x0038, 0x0038, 0x0038, 0x0038, 0x0038, 0x0038, 0x0038, 0x0038, 0x0038, 0x0038,
    0x0038, 0x0038, 0x0038, 0x0038, 0x0038, 0x0038, 0x0038, 0x0038, 0x0038, 0x0038, 0x0038, 0x0038, 0x0038, 0x0038, 0x0038, 0x0038,
    0x0038, 0x0038, 0x0038, 0x0038, 0x0038, 0x0038, 0x0038, 0x0038, 0x0038, 0x0038, 0x0038, 0x0038, 0x0038, 0x0038, 0x0038, 0x0038,
    0x0038, 0x0038, 0x0038, 0x0038, 0x0038, 0x0038, 0x0038, 0x0038, 0x0038, 0x0038, 0x0038, 0x0038, 0x0038, 0x0038, 0x0038, 0x0038,
    0x0038, 0x0038, 0x0038, 0x0038, 0x0038, 0x0038, 0x0038, 0x0038, 0x0038, 0x0038, 0x0038, 0x0038, 0x0038, 0x0038, 0x0038, 0x0038,
    0x0038, 0x0038, 0x0038, 0x0038, 0x0038, 0x0038, 0x0038, 0x0038, 0x0038, 0x0038, 0x0038, 0x0038, 0x0038, 0x0038, 0x0038, 0x0038,
    0x0038, 0x0038, 0x0038, 0x0038, 0x0038, 0x0038, 0x0038, 0x0038, 0x0038, 0x0038, 0x0038, 0x0038, 0x0038, 0x0038, 0x0038, 0x0038,
    0x0038, 0x0038, 0x0038, 0x0038, 0x0038, 0x0038, 0x0038, 0x0038, 0x0038, 0x0038, 0x0038, 0x0038, 0x0038, 0x0038, 0x0038, 0x0038,
    0x0038, 0x0038, 0x0038, 0x0038, 0x0038, 0x0038, 0x0038, 0x0038, 0x0038, 0x0038, 0x0038, 0x0038, 0x0038, 0x0038, 0x0038, 0x0038,
    0x0038, 0x0038, 0x0038, 0x0038, 0x0038, 0x0038, 0x0038, 0x0038, 0x0038, 0x0038, 0x0038, 0x0038, 0x0038, 0x0038, 0x0038, 0x0038,
    0x0038, 0x0038, 0x0038, 0x0038, 0x0038, 0x0038, 0x0038, 0x0038, 0x0038, 0x0038, 0x0038, 0x0038, 0x0038, 0x0038, 0x0038, 0x0038,
    0x0038, 0x0038, 0x0038, 0x0038, 0x0038, 0x0038, 0x0038, 0x0038, 0x0038, 0x0038, 0x0038, 0x0038, 0x0038, 0x0038, 0x0038, 0x0038,
    0x0038, 0x0038, 0x0038, 0x0038, 0x0038, 0x0038, 0x0038, 0x0038, 0x0038, 0x0038, 0x0038, 0x0038, 0x0038, 0x0038, 0x0038, 0x0038,
    0x0038, 0x0038, 0x0038, 0x0038, 0x0038, 0x0038, 0x0038, 0x0038, 0x0038, 0x0038, 0x0038, 0x0038, 0x0038, 0x0038, 0x0038, 0x0038,
    0x0038, 0x0038, 0x0038, 0x0038, 0x0038, 0x0038, 0x0038, 0x0038, 0x0038, 0x0038, 0x0038, 0x0038, 0x0038, 0x0038, 0x0038, 0x0038,
    0x0038, 0x0038, 0x0038, 0x0038, 0x0038, 0x0038, 0x0038, 0x0038, 0x0038, 0x0038, 0x0038, 0x0038, 0x0038, 0x0038, 0x0038, 0x0038,
    0x0038, 0x0038, 0x0038, 0x0038, 0x0038, 0x0038, 0x0038, 0x0038, 0x0038, 0x0038, 0x0038, 0x0038, 0x0038, 0x0038, 0x0038, 0x0038,
    0x0038, 0x0038, 0x0038, 0x0038, 0x0038, 0x0038, 0x0038, 0x0038, 0x0038, 0x0038, 0x0038, 0x0038, 0x0038, 0x0038, 0x0038, 0x0038,
    0x0038, 0x0038, 0x0038, 0x0038, 0x0038, 0x0038, 0x0038, 0x0038, 0x0038, 0x0038, 0x0038, 0x0038, 0x0038, 0x0038, 0x0038, 0x0038,
    0x0038, 0x0038, 0x0038, 0x0038, 0x0038, 0x0038, 0x0038, 0x0038, 0x0038, 0x0038, 0x0038, 0x0038, 0x0038, 0x0038, 0x0038, 0x0038,
    0x0038, 0x0038, 0x0038, 0x0038, 0x0038, 0x0038, 0x0038, 0x0038, 0x0038, 0x0038, 0x0038, 0x0038, 0x0038, 0x0038, 0x0038, 0x0038,
    0x0038, 0x0038, 0x0038, 0x0038, 0x0038, 0x0038, 0x0038, 0x0038, 0x0038, 0x0038, 0x0038, 0x0038, 0x0038, 0x0038, 0x0038, 0x0038,
    0x0038, 0x0038, 0x0038, 0x0038, 0x0038, 0x0038, 0x0038, 0x0038, 0x0038, 0x0038, 0x0038, 0x0038, 0x0038, 0x0038, 0x0038, 0x0038,
    0x0038, 0x0038, 0x0038, 0x0038, 0x0038, 0x0038, 0x0038, 0x0038, 0x0038, 0x0038, 0x0038, 0x0038, 0x0038, 0x0038, 0x0038, 0x0038,
    0x0038, 0x0038, 0x0038, 0x0038, 0x0038, 0x0038, 0x0038, 0x0038, 0x0038, 0x0038, 0x0038, 0x0038, 0x0038, 0x0038, 0x0038, 0x0038,
    0x0038, 0x0038, 0x0038, 0x0038, 0x0038, 0x0038, 0x0038, 0x0038, 0x0038, 0x0038, 0x0038, 0x0038, 0x0038, 0x0038, 0x0038, 0x0038,
    0x0038, 0x0038, 0x0038, 0x0038, 0x0038, 0x0038, 0x0038, 0x0038, 0x0038, 0x0038, 0x0038, 0x0038, 0x0038, 0x0038, 0x0038, 0x0038,
    0x0038, 0x0038, 0x0038, 0x0038, 0x0038, 0x0038, 0x0038, 0x0038, 0x0038, 0x0038, 0x0038, 0x0038, 0x0038, 0x0038, 0x0038, 0x0038,
    0x0038, 0x0038, 0x0038, 0x0038, 0x0038, 0x0038, 0x0038, 0x0038, 0x0038, 0x0038, 0x0038, 0x0038, 0x0038, 0x0038, 0x0038, 0x0038,
    0x0038, 0x0038, 0x0038, 0x0038, 0x0038, 0x0038, 0x0038, 0x0038, 0x0038, 0x0038, 0x0038, 0x0038, 0x0038, 0x0038, 0x0038, 0x0038,
    0x0038, 0x0038, 0x0038, 0x0038, 0x0038, 0x0038, 0x0038, 0x0038, 0x0038, 0x0038, 0x0038, 0x0038, 0x0038, 0x0038, 0x0038, 0x0038,
    0x0038, 0x0038, 0x0038, 0x0038, 0x0038, 0x0038, 0x0038, 0x0038, 0x0038, 0x0038, 0x0038, 0x0038, 0x0038, 0x0038, 0x0038, 0x0038,
    0x0038, 0x0038, 0x0038, 0x0038, 0x0038, 0x0038, 0x0038, 0x0038, 0x0038, 0x0038, 0x0038, 0x0038, 0x0038, 0x0038, 0x0038, 0x0038,
    0x0038, 0x0038, 0x0038, 0x0038, 0x0038, 0x0038, 0x0038, 0x0038, 0x0038, 0x0038, 0x0038, 0x0038, 0x0038, 0x0038, 0x0038, 0x0038,
    0x0038, 0x0038, 0x0038, 0x0038, 0x0038, 0x0038, 0x0038, 0x0038, 0x0038, 0x0038, 0x0038, 0x0038, 0x0038, 0x0038, 0x0038, 0x0038,
    0x0038, 0x0038, 0x0038, 0x0038, 0x0038, 0x0038, 0x0038, 0x0038, 0x0038, 0x0038, 0x0038, 0x0038, 0x0038, 0x0038, 0x0038, 0x0038,
    0x0038, 0x0038, 0x0038, 0x0038, 0x0038, 0x0038, 0x0038, 0x0038, 0x0038, 0x0038, 0x0038, 0x0038, 0x0038, 0x0038, 0x0038, 0x0038,
    0x0038, 0x0038, 0x0038, 0x0038, 0x0038, 0x0038, 0x0038, 0x0038, 0x0038, 0x0038, 0x0038, 0x0038, 0x0038, 0x0038, 0x0038, 0x0038,
    0x0038, 0x0038, 0x0038, 0x0038, 0x0038, 0x0038, 0x0038, 0x0038, 0x0038, 0x0038, 0x0038, 0x0038, 0x0038, 0x0038, 0x0038, 0x0038,
    0x0038, 0x0038, 0x0038, 0x0038, 0x0038, 0x0038, 0x0038, 0x0038, 0x0038, 0x0038, 0x0038, 0x0038, 0x0038, 0x0038, 0x0038, 0x0038,
    0x0038, 0x0038, 0x0038, 0x0038, 0x0038, 0x0038, 0x0038, 0x0038, 0x0038, 0x0038, 0x0038, 0x0038, 0x0038, 0x0038, 0x0038, 0x0038,
    0x0038, 0x0038, 0x0038, 0x0038, 0x0038, 0x0038, 0x0038, 0x0038, 0x0038, 0x0038, 0x0038, 0x0038, 0x0038, 0x0038, 0x0038, 0x0038,
    0x0038, 0x0038, 0x0038, 0x0038, 0x0038, 0x0038, 0x0038, 0x0038, 0x0038, 0x0038, 0x0038, 0x0038, 0x0038, 0x0038, 0x0038, 0x0038,
    0x0038, 0x0038, 0x0038, 0x0038, 0x0038, 0x0038, 0x0038, 0x0038, 0x0038, 0x0038, 0x0038, 0x0038, 0x0038, 0x0038, 0x0038, 0x0038,
    0x0038, 0x0038, 0x0038, 0x0038, 0x0038, 0x0038, 0x0038, 0x0038, 0x0038, 0x0038, 0x0038, 0x0038, 0x0038, 0x0038, 0x0038, 0x0038,
    0x0038, 0x0038, 0x0038, 0x0038, 0x0038, 0x0038, 0x0038, 0x0038, 0x0038, 0x0038, 0x0038, 0x0038, 0x0038, 0x0038, 0x0038, 0x0038,
    0x0038, 0x0038, 0x0038, 0x0038, 0x0038, 0x0038, 0x0038, 0x0038, 0x0038, 0x0038, 0x0038, 0x0038, 0x0038, 0x0038, 0x0038, 0x0038,
    0x0038, 0x0038, 0x0038, 0x0038, 0x0038, 0x0038, 0x0038, 0x0038, 0x0038, 0x0038, 0x0038, 0x0038, 0x0038, 0x0038, 0x0038, 0x0038,
    0x0038, 0x0038, 0x0038, 0x0038, 0x0038, 0x0038, 0x0038, 0x0038, 0x0038, 0x0038, 0x0038, 0x0038, 0x0038, 0x0038, 0x0038, 0x0038,
    0x0038, 0x0038, 0x0038, 0x0038, 0x0038, 0x0038, 0x0038, 0x0038, 0x0038, 0x0038, 0x0038, 0x0038, 0x0038, 0x0038, 0x0038, 0x0038,
    0x0038, 0x0038, 0x0038, 0x0038, 0x0038, 0x0038, 0x0038, 0x0038, 0x0038, 0x0038, 0x0038, 0x0038, 0x0038, 0x0038, 0x0038, 0x0038,
    0x0038, 0x0038, 0x0038, 0x0038, 0x0038, 0x0038, 0x0038, 0x0038, 0x0038, 0x0038, 0x0038, 0x0038, 0x0038, 0x0038, 0x0038, 0x0038,
    0x0038, 0x0038, 0x0038, 0x0038, 0x0038, 0x0038, 0x0038, 0x0038, 0x0038, 0x0038, 0x0038, 0x0038, 0x0038, 0x0038, 0x0038, 0x0038,
    0x0038, 0x0038, 0x0038, 0x0038, 0x0038, 0x0038, 0x0038, 0x0038, 0x0038, 0x0038, 0x0038, 0x0038, 0x0038, 0x0038, 0x0038, 0x0038,
    0x0038, 0x0038, 0x0038, 0x0038, 0x0038, 0x0038, 0x0038, 0x0038, 0x0038, 0x0038, 0x0038, 0x0038, 0x0038, 0x0038, 0x0038, 0x0038,
    0x0038, 0x0038, 0x0038, 0x0038, 0x0038, 0x0038, 0x0038, 0x0038, 0x0038, 0x0038, 0x0038, 0x0038, 0x0038, 0x0038, 0x0038, 0x0038,
    0x0038, 0x0038, 0x0038, 0x0038, 0x0038, 0x0038, 0x0038, 0x0038, 0x0038, 0x0038, 0x0038, 0x0038, 0x0038, 0x0038, 0x0038, 0x0038,
    0x0038, 0x0038, 0x0038, 0x0038, 0x0038, 0x0038, 0x0038, 0x0038, 0x0038, 0x0038, 0x0038, 0x0038, 0x0038, 0x0038, 0x0038, 0x0038,
    0x0038, 0x0038, 0x0038, 0x0038, 0x0038, 0x0038, 0x0038, 0x0038, 0x0038, 0x0038, 0x0038, 0x0038, 0x0038, 0x0038, 0x0038, 0x0038,
    0x0038, 0x0038, 0x0038, 0x0038, 0x0038, 0x0038, 0x0038, 0x0038, 0x0038, 0x0038, 0x0038, 0x0038, 0x0038, 0x0038, 0x0038, 0x0038,
    0x0038, 0x0038, 0x0038, 0x0038, 0x0038, 0x0038, 0x0038, 0x0038, 0x0038, 0x0038, 0x0038, 0x0038, 0x0038, 0x0038, 0x0038, 0x0038,
    0x0038, 0x0038, 0x0038, 0x0038, 0x0038, 0x0038, 0x0038, 0x0038, 0x0038, 0x0038, 0x0038, 0x0038, 0x0038, 0x0038, 0x0038, 0x0038,
    0x0038, 0x0038, 0x0038, 0x0038, 0x0038, 0x0038, 0x0038, 0x0038, 0x0038, 0x0038, 0x0038, 0x0038, 0x0038, 0x0038, 0x0038, 0x0038,
    0x0038, 0x0038, 0x0038, 0x0038, 0x0038, 0x0038, 0x0038, 0x0038, 0x0038, 0x0038, 0x0038, 0x0038, 0x0038, 0x0038, 0x0038, 0x0038,
    0x0038, 0x0038, 0x0038, 0x0038, 0x0038, 0x0038, 0x0038, 0x0038, 0x0038, 0x0038, 0x0038, 0x0038, 0x0038, 0x0038, 0x0038, 0x0038,
    0x0038, 0x0038, 0x0038, 0x0038, 0x0038, 0x0038, 0x0038, 0x0038, 0x0038, 0x0038, 0x0038, 0x0038, 0x0038, 0x0038, 0x0038, 0x0038,
    0x0038, 0x0038, 0x0038, 0x0038, 0x0038, 0x0038, 0x0038, 0x0038, 0x0038, 0x0038, 0x0038, 0x0038, 0x0038, 0x0038, 0x0038, 0x0038,
    0x0038, 0x0038, 0x0038, 0x0038, 0x0038, 0x0038, 0x0038, 0x0038, 0x0038, 0x0038, 0x0038, 0x0038, 0x0038, 0x0038, 0x0038, 0x0038,
    0x0038, 0x0038, 0x0038, 0x0038, 0x0038, 0x0038, 0x0038, 0x0038, 0x0038, 0x0038, 0x0038, 0x0038, 0x0038, 0x0038, 0x0038, 0x0038,
    0x0038, 0x0038, 0x0038, 0x0038, 0x0038, 0x0038, 0x0038, 0x0038, 0x0038, 0x0038, 0x0038, 0x0038, 0x0038, 0x0038, 0x0038, 0x0038,
    0x0038, 0x0038, 0x0038, 0x0038, 0x0038, 0x0038, 0x0038, 0x0038, 0x0038, 0x0038, 0x0038, 0x0038, 0x0038, 0x0038, 0x0038, 0x0038,
    0x0038, 0x0038, 0x0038, 0x0038, 0x0038, 0x0038, 0x0038, 0x0038, 0x0038, 0x0038, 0x0038, 0x0038, 0x0038, 0x0038, 0x0038, 0x0038,
    0x0038, 0x0038, 0x0038, 0x0038, 0x0038, 0x0038, 0x0038, 0x0038, 0x0038, 0x0038, 0x0038, 0x0038, 0x0038, 0x0038, 0x0038, 0x0038,
    0x0038, 0x0038, 0x0038, 0x0038, 0x0038, 0x0038, 0x0038, 0x0038, 0x0038, 0x0038, 0x0038, 0x0038, 0x0038, 0x0038, 0x0038, 0x0038,
    0x0038, 0x0038, 0x0038, 0x0038, 0x0038, 0x0038, 0x0038, 0x0038, 0x0038, 0x0038, 0x0038, 0x0038, 0x0038, 0x0038, 0x0038, 0x0038,
    0x0038, 0x0038, 0x0038, 0x0038, 0x0038, 0x0038, 0x0038, 0x0038, 0x0038, 0x0038, 0x0038, 0x0038, 0x0038, 0x0038, 0x0038, 0x0038,
    0x0038, 0x0038, 0x0038, 0x0038, 0x0038, 0x0038, 0x0038, 0x0038, 0x0038, 0x0038, 0x0038, 0x0038, 0x0038, 0x0038, 0x0038, 0x0038,
    0x0038, 0x0038, 0x0038, 0x0038, 0x0038, 0x0038, 0x0038, 0x0038, 0x0038, 0x0038, 0x0038, 0x0038, 0x0038, 0x0038, 0x0038, 0x0038,
    0x0038, 0x0038, 0x0038, 0x0038, 0x0038, 0x0038, 0x0038, 0x0038, 0x0038, 0x0038, 0x0038, 0x0038, 0x0038, 0x0038, 0x0038, 0x0038,
    0x0038, 0x0038, 0x0038, 0x0038, 0x0038, 0x0038, 0x0038, 0x0038, 0x0038, 0x0038, 0x0038, 0x0038, 0x0038, 0x0038, 0x0038, 0x0038,
    0x0038, 0x0038, 0x0038, 0x0038, 0x0038, 0x0038, 0x0038, 0x0038, 0x0038, 0x0038, 0x0038, 0x0038, 0x0038, 0x0038, 0x0038, 0x0038,
    0x0038, 0x0038, 0x0038, 0x0038, 0x0038, 0x0038, 0x0038, 0x0038, 0x0038, 0x0038, 0x0038, 0x0038, 0x0038, 0x0038, 0x0038, 0x0038,
    0x0038, 0x0038, 0x0038, 0x0038, 0x0038, 0x0038, 0x0038, 0x0038, 0x0038, 0x0038, 0x0038, 0x0038, 0x0038, 0x0038, 0x0038, 0x0038,
    0x0038, 0x0038, 0x0038, 0x0038, 0x0038, 0x0038, 0x0038, 0x0038, 0x0038, 0x0038, 0x0038, 0x0038, 0x0038, 0x0038, 0x0038, 0x0038,
    0x0038, 0x0038, 0x0038, 0x0038, 0x0038, 0x0038, 0x0038, 0x0038, 0x0038, 0x0038, 0x0038, 0x0038, 0x0038, 0x0038, 0x0038, 0x0038,
    0x0038, 0x0038, 0x0038, 0x0038, 0x0038, 0x0038, 0x0038, 0x0038, 0x0038, 0x0038, 0x0038, 0x0038, 0x0038, 0x0038, 0x0038, 0x0038,
    0x0038, 0x0038, 0x0038, 0x0038, 0x0038, 0x0038, 0x0038, 0x0038, 0x0038, 0x0038, 0x0038, 0x0038, 0x0038, 0x0038, 0x0038, 0x0038,
    0x0038, 0x0038, 0x0038, 0x0038, 0x0038, 0x0038, 0x0038, 0x0038, 0x0038, 0x0038, 0x0038, 0x0038, 0x0038, 0x0038, 0x0038, 0x0038,
    0x0038, 0x0038, 0x0038, 0x0038, 0x0038, 0x0038, 0x0038, 0x0038, 0x0038, 0x0038, 0x0038, 0x0038, 0x0038, 0x0038, 0x0038, 0x0038,
    0x0038, 0x0038, 0x0038, 0x0038, 0x0038, 0x0038, 0x0038, 0x0038, 0x0038, 0x0038, 0x0038, 0x0038, 0x0038, 0x0038, 0x0038, 0x0038,
    0x0038, 0x0038, 0x0038, 0x0038, 0x0038, 0x0038, 0x0038, 0x0038, 0x0038, 0x0038, 0x0038, 0x0038, 0x0038, 0x0038, 0x0038, 0x0038,
    0x0038, 0x0038, 0x0038, 0x0038, 0x0038, 0x0038, 0x0038, 0x0038, 0x0038, 0x0038, 0x0038, 0x0038, 0x0038, 0x0038, 0x0038, 0x0038,
    0x0038, 0x0038, 0x0038, 0x0038, 0x0038, 0x0038, 0x0038, 0x0038, 0x0038, 0x0038, 0x0038, 0x0038, 0x0038, 0x0038, 0x0038, 0x0038,
    0x0038, 0x0038, 0x0038, 0x0038, 0x0038, 0x0038, 0x0038, 0x0038, 0x0038, 0x0038, 0x0038, 0x0038, 0x0038, 0x0038, 0x0038, 0x0038,
    0x0038, 0x0038, 0x0038, 0x0038, 0x0038, 0x0038, 0x0038, 0x0038, 0x0038, 0x0038, 0x0038, 0x0038, 0x0038, 0x0038, 0x0038, 0x0038,
    0x0038, 0x0038, 0x0038, 0x0038, 0x0038, 0x0038, 0x0038, 0x0038, 0x0038, 0x0038, 0x0038, 0x0038, 0x0038, 0x0038, 0x0038, 0x0038,
    0x0038, 0x0038, 0x0038, 0x0038, 0x0038, 0x0038, 0x0038, 0x0038, 0x0038, 0x0038, 0x0038, 0x0038, 0x0038, 0x0038, 0x0038, 0x0038,
    0x0038, 0x0038, 0x0038, 0x0038, 0x0038, 0x0038, 0x0038, 0x0038, 0x0038, 0x0038, 0x0038, 0x0038, 0x0038, 0x0038, 0x0038, 0x0038,
    0x0038, 0x0038, 0x0038, 0x0038, 0x0038, 0x0038, 0x0038, 0x0038, 0x0038, 0x0038, 0x0038, 0x0038, 0x0038, 0x0038, 0x0038, 0x0038,
    0x0038, 0x0038, 0x0038, 0x0038, 0x0038, 0x0038, 0x0038, 0x0038, 0x0038, 0x0038, 0x0038, 0x0038, 0x0038, 0x0038, 0x0038, 0x0038,
    0x0038, 0x0038, 0x0038, 0x0038, 0x0038, 0x0038, 0x0038, 0x0038, 0x0038, 0x0038, 0x0038, 0x0038, 0x0038, 0x0038, 0x0038, 0x0038,
    0x0038, 0x0038, 0x0038, 0x0038, 0x0038, 0x0038, 0x0038, 0x0038, 0x0038, 0x0038, 0x0038, 0x0038, 0x0038, 0x0038, 0x0038, 0x0038,
    0x0038, 0x0038, 0x0038, 0x0038, 0x0038, 0x0038, 0x0038, 0x0038, 0x0038, 0x0038, 0x0038, 0x0038, 0x0038, 0x0038, 0x0038, 0x0038,
    0x0038, 0x0038, 0x0038, 0x0038, 0x0038, 0x0038, 0x0038, 0x0038, 0x0038, 0x0038, 0x0038, 0x0038, 0x0038, 0x0038, 0x0038, 0x0038,
    0x0038, 0x0038, 0x0038, 0x0038, 0x0038, 0x0038, 0x0038, 0x0038, 0x0038, 0x0038, 0x0038, 0x0038, 0x0038, 0x0038, 0x0038, 0x0038,
    0x0038, 0x0038, 0x0038, 0x0038, 0x0038, 0x0038, 0x0038, 0x0038, 0x0038, 0x0038, 0x0038, 0x0038, 0x0038, 0x0038, 0x0038, 0x0038,
    0x0038, 0x0038, 0x0038, 0x0038, 0x0038, 0x0038, 0x0038, 0x0038, 0x0038, 0x0038, 0x0038, 0x0038, 0x0038, 0x0038, 0x0038, 0x0038,
    0x0038, 0x0038, 0x0038, 0x0038, 0x0038, 0x0038, 0x0038, 0x0038, 0x0038, 0x0038, 0x0038, 0x0038, 0x0038, 0x0038, 0x0038, 0x0038,
    0x0038, 0x0038, 0x0038, 0x0038, 0x0038, 0x0038, 0x0038, 0x0038, 0x0038, 0x0038, 0x0038, 0x0038, 0x0038, 0x0038, 0x0038, 0x0038,
    0x0038, 0x0038, 0x0038, 0x0038, 0x0038, 0x0038, 0x0038, 0x0038, 0x0038, 0x0038, 0x0038, 0x0038, 0x0038, 0x0038, 0x0038, 0x0038,
    0x0038, 0x0038, 0x0038, 0x0038, 0x0038, 0x0038, 0x0038, 0x0038, 0x0038, 0x0038, 0x0038, 0x0038, 0x0038, 0x0038, 0x0038, 0x0038,
    0x0038, 0x0038, 0x0038, 0x0038, 0x0038, 0x0038, 0x0038, 0x0038, 0x0038, 0x0038, 0x0038, 0x0038, 0x0038, 0x0038, 0x0038, 0x0038,
    0x0038, 0x0038, 0x0038, 0x0038, 0x0038, 0x0038, 0x0038, 0x0038, 0x0038, 0x0038, 0x0038, 0x0038, 0x0038, 0x0038, 0x0038, 0x0038,
    0x0038, 0x0038, 0x0038, 0x0038, 0x0038, 0x0038, 0x0038, 0x0038, 0x0038, 0x0038, 0x0038, 0x0038, 0x0038, 0x0038, 0x0038, 0x0038,
    0x0038, 0x0038, 0x0038, 0x0038, 0x0038, 0x0038, 0x0038, 0x0038, 0x0038, 0x0038, 0x0038, 0x0038, 0x0038, 0x0038, 0x0038, 0x0038,
    0x0038, 0x0038, 0x0038, 0x0038, 0x0038, 0x0038, 0x0038, 0x0038, 0x0038, 0x0038, 0x0038, 0x0038, 0x0038, 0x0038, 0x0038, 0x0038,
    0x0038, 0x0038, 0x0038, 0x0038, 0x0038, 0x0038, 0x0038, 0x0038, 0x0038, 0x0038, 0x0038, 0x0038, 0x0038, 0x0038, 0x0038, 0x0038,
    0x0038, 0x0038, 0x0038, 0x0038, 0x0038, 0x0038, 0x0038, 0x0038, 0x0038, 0x0038, 0x0038, 0x0038, 0x0038, 0x0038, 0x0038, 0x0038,
    0x0038, 0x0038, 0x0038, 0x0038, 0x0038, 0x0038, 0x0038, 0x0038, 0x0038, 0x0038, 0x0038, 0x0038, 0x0038, 0x0038, 0x0038, 0x0038,
    0x0038, 0x009A, 0x0038, 0x0038, 0x0038, 0x0038, 0x0038, 0x0038, 0x0038, 0x0038, 0x0038, 0x0038, 0x0038, 0x0038, 0x0038, 0x0038,
    0x0038, 0x0038, 0x0038, 0x0038, 0x0038, 0x0038, 0x0038, 0x0038, 0x0038, 0x0038, 0x0038, 0x0038, 0x0038, 0x0038, 0x0038, 0x0038,
    0x0038, 0x0038, 0x0038, 0x0038, 0x0038, 0x0038, 0x0038, 0x0038, 0x0038, 0x0038, 0x0038, 0x0038, 0x0038, 0x0038, 0x0038, 0x0038,
    0x0038, 0x0038, 0x0038, 0x0038, 0x0038, 0x0038, 0x0038, 0x0038, 0x0038, 0x0038, 0x0038, 0x0038, 0x0038, 0x0038, 0x0038, 0x0038,
    0x0038, 0x0038, 0x0038, 0x0038, 0x0038, 0x0038, 0x0038, 0x0038, 0x0038, 0x0038, 0x0038, 0x0038, 0x0038, 0x0038, 0x0038, 0x0038,
    0x0038, 0x0038, 0x0038, 0x0038, 0x0038, 0x0038, 0x0038, 0x0038, 0x0038, 0x0038, 0x0038, 0x0038, 0x0038, 0x0038, 0x0038, 0x0038,
    0x0038, 0x0038, 0x0038, 0x0038, 0x0038, 0x0038, 0x0038, 0x0038, 0x0038, 0x0038, 0x0038, 0x0038, 0x0038, 0x0038, 0x0038, 0x0038,
    0x0038, 0x0038, 0x0038, 0x0038, 0x0038, 0x0038, 0x0038, 0x0038, 0x0038, 0x0038, 0x0038, 0x0038, 0x0038, 0x0038, 0x0038, 0x0038,
    0x0038, 0x0038, 0x0038, 0x0038, 0x0038, 0x0038, 0x0038, 0x0038, 0x0038, 0x0038, 0x0038, 0x0038, 0x0038, 0x0038, 0x0038, 0x0038,
    0x0038, 0x0038, 0x0038, 0x0038, 0x0038, 0x0038, 0x0038, 0x0038, 0x0038, 0x0038, 0x0038, 0x0038, 0x0038, 0x0038, 0x0038, 0x0038,
    0x0038, 0x0038, 0x0038, 0x0038, 0x0038, 0x0038, 0x0038, 0x0038, 0x0038, 0x0038, 0x0038, 0x0038, 0x0038, 0x0038, 0x0038, 0x0038,
    0x0038, 0x0038, 0x0038, 0x0038, 0x0038, 0x0038, 0x0038, 0x0038, 0x0038, 0x0038, 0x0038, 0x0038, 0x0038, 0x0038, 0x0038, 0x0038,
    0x0038, 0x0038, 0x0038, 0x0038, 0x0038, 0x0038, 0x0038, 0x0038, 0x0038, 0x0038, 0x0038, 0x0038, 0x0038, 0x0038, 0x0038, 0x0038,
    0x0038, 0x0038, 0x0038, 0x0038, 0x0038, 0x0038, 0x0038, 0x0038, 0x0038, 0x0038, 0x0038, 0x0038, 0x0038, 0x0038, 0x0038, 0x0038,
    0x0038, 0x0038, 0x0038, 0x0038, 0x0038, 0x0038, 0x0038, 0x0038, 0x0038, 0x0038, 0x0038, 0x0038, 0x0038, 0x0038, 0x0038, 0x0038,
    0x0038, 0x0038, 0x0038, 0x0038, 0x0038, 0x0038, 0x0038, 0x0038, 0x0038, 0x0038, 0x0038, 0x0038, 0x0038, 0x0038, 0x0038, 0x0038,
    0x0038, 0x0038, 0x0038, 0x0038, 0x0038, 0x0038, 0x0038, 0x0038, 0x0038, 0x0038, 0x0038, 0x0038, 0x0038, 0x0038, 0x0038, 0x0038,
    0x0038, 0x0038, 0x0038, 0x0038, 0x0038, 0x0038, 0x0038, 0x0038, 0x0038, 0x0038, 0x0038, 0x0038, 0x0038, 0x0038, 0x0038, 0x0038,
    0x0038, 0x0038, 0x0038, 0x0038, 0x0038, 0x0038, 0x0038, 0x0038, 0x0038, 0x0038, 0x0038, 0x0038, 0x0038, 0x0038, 0x0038, 0x0038,
    0x0038, 0x0038, 0x0038, 0x0038, 0x0038, 0x0038, 0x0038, 0x0038, 0x0038, 0x0038, 0x0038, 0x0038, 0x0038, 0x0038, 0x0038, 0x0038,
    0x0038, 0x0038, 0x0038, 0x0038, 0x0038, 0x0038, 0x0038, 0x0038, 0x0038, 0x0038, 0x0038, 0x0038, 0x0038, 0x0038, 0x0038, 0x0038,
    0x0038, 0x0038, 0x0038, 0x0038, 0x0038, 0x0038, 0x0038, 0x0038, 0x0038, 0x0038, 0x0038, 0x0038, 0x0038, 0x0038, 0x0038, 0x0038,
    0x0038, 0x0038, 0x0038, 0x0038, 0x0038, 0x0038, 0x0038, 0x0038, 0x0038, 0x0038, 0x0038, 0x0038, 0x0038, 0x0038, 0x0038, 0x0038,
    0x0038, 0x0038, 0x0038, 0x0038, 0x0038, 0x0038, 0x0038, 0x0038, 0x0038, 0x0038, 0x0038, 0x0038, 0x0038, 0x0038, 0x0038, 0x0038,
    0x0038, 0x0038, 0x0038, 0x0038, 0x0038, 0x0038, 0x0038, 0x0038, 0x0038, 0x0038, 0x0038, 0x0038, 0x0038, 0x0038, 0x0038, 0x0038,
    0x0038, 0x0038, 0x0038, 0x0038, 0x0038, 0x0038, 0x0038, 0x0038, 0x0038, 0x0038, 0x0038, 0x0038, 0x0038, 0x0038, 0x0038, 0x0038,
    0x0038, 0x0038, 0x0038, 0x0038, 0x0038, 0x0038, 0x0038, 0x0038, 0x0038, 0x0038, 0x0038, 0x0038, 0x0038, 0x0038, 0x0038, 0x0038,
    0x0038, 0x0038, 0x0038, 0x0038, 0x0038, 0x0038, 0x0038, 0x0038, 0x0038, 0x0038, 0x0038, 0x0038, 0x0038, 0x0038, 0x0038, 0x0038,
    0x0038, 0x0038, 0x0038, 0x0038, 0x0038, 0x0038, 0x0038, 0x0038, 0x0038, 0x0038, 0x0038, 0x0038, 0x0038, 0x0038, 0x0038, 0x0038,
    0x0038, 0x0038, 0x0038, 0x0038, 0x0038, 0x0038, 0x0038, 0x0038, 0x0038, 0x0038, 0x0038, 0x0038, 0x0038, 0x0038, 0x0038, 0x0038,
    0x0038, 0x0038, 0x0038, 0x0038, 0x0038, 0x0038, 0x0038, 0x0038, 0x0038, 0x0038, 0x0038, 0x0038, 0x0038, 0x0038, 0x0038, 0x0038,
    0x0038, 0x0038, 0x0038, 0x0038, 0x0038, 0x0038, 0x0038, 0x0038, 0x0038, 0x0038, 0x0038, 0x0038, 0x0038, 0x0038, 0x0038, 0x0038,
    0x0038, 0x0038, 0x0038, 0x0038, 0x0038, 0x0038, 0x0038, 0x0038, 0x0038, 0x0038, 0x0038, 0x0038, 0x0038, 0x0038, 0x0038, 0x0038,
    0x0038, 0x0038, 0x0038, 0x0038, 0x0038, 0x0038, 0x0038, 0x0038, 0x0038, 0x0038, 0x0038, 0x0038, 0x0038, 0x0038, 0x0038, 0x0038,
    0x0038, 0x0038, 0x0038, 0x0038, 0x0038, 0x0038, 0x0038, 0x0038, 0x0038, 0x0038, 0x0038, 0x0038, 0x0038, 0x0038, 0x0038, 0x0038,
    0x0038, 0x0038, 0x0038, 0x0038, 0x0038, 0x0038, 0x0038, 0x0038, 0x0038, 0x0038, 0x0038, 0x0038, 0x0038, 0x0038, 0x0038, 0x0038,
    0x0038, 0x0038, 0x0038, 0x0038, 0x0038, 0x0038, 0x0038, 0x0038, 0x0038, 0x0038, 0x0038, 0x0038, 0x0038, 0x0038, 0x0038, 0x0038,
    0x0038, 0x0038, 0x0038, 0x0038, 0x0038, 0x0038, 0x0038, 0x0038, 0x0038, 0x0038, 0x0038, 0x0038, 0x0038, 0x0038, 0x0038, 0x0038,
    0x0038, 0x0038, 0x0038, 0x0038, 0x0038, 0x0038, 0x0038, 0x0038, 0x0038, 0x0038, 0x0038, 0x0038, 0x0038, 0x0038, 0x0038, 0x0038,
    0x0038, 0x0038, 0x0038, 0x0038, 0x0038, 0x0038, 0x0038, 0x0038, 0x0038, 0x0038, 0x0038, 0x0038, 0x0038, 0x0038, 0x0038, 0x0038,
    0x0038, 0x0038, 0x0038, 0x0038, 0x0038, 0x0038, 0x0038, 0x0038, 0x0038, 0x0038, 0x0038, 0x0038, 0x0038, 0x0038, 0x0038, 0x0038,
    0x0038, 0x0038, 0x0038, 0x0038, 0x0038, 0x0038, 0x0038, 0x0038, 0x0038, 0x0038, 0x0038, 0x0038, 0x0038, 0x0038, 0x0038, 0x0038,
    0x0038, 0x0038, 0x0038, 0x0038, 0x0038, 0x0038, 0x0038, 0x0038, 0x0038, 0x0038, 0x0038, 0x0038, 0x0038, 0x0038, 0x0038, 0x0038,
    0x0038, 0x0038, 0x0038, 0x0038, 0x0038, 0x0038, 0x0038, 0x0038, 0x0038, 0x0038, 0x0038, 0x0038, 0x0038, 0x0038, 0x0038, 0x0038,
    0x0038, 0x0038, 0x0038, 0x0038, 0x0038, 0x0038, 0x0038, 0x0038, 0x0038, 0x0038, 0x0038, 0x0038, 0x0038, 0x0038, 0x0038, 0x0038,
    0x0038, 0x0038, 0x0038, 0x0038, 0x0038, 0x0038, 0x0038, 0x0038, 0x0038, 0x0038, 0x0038, 0x0038, 0x0038, 0x0038, 0x0038, 0x0038,
    0x0038, 0x0038, 0x0038, 0x0038, 0x0038, 0x0038, 0x0038, 0x0038, 0x0038, 0x0038, 0x0038, 0x0038, 0x0038, 0x0038, 0x0038, 0x0038,
    0x0038, 0x0038, 0x0038, 0x0038, 0x0038, 0x0038, 0x0038, 0x0038, 0x0038, 0x0038, 0x0038, 0x0038, 0x0038, 0x0038, 0x0038, 0x0038,
};

/* stage 2: 155 deduplicated blocks of 256 flag words */
const uint16_t toks_ucd_stage2[TOKS_UCD_N_BLOCKS * 256] = {
    0x0000, 0x0000, 0x0000, 0x0000, 0x0000, 0x0000, 0x0000, 0x0000, 0x0000, 0x0080, 0x0080, 0x0080, 0x0080, 0x0080, 0x0000, 0x0000,
    0x0000, 0x0000, 0x0000, 0x0000, 0x0000, 0x0000, 0x0000, 0x0000, 0x0000, 0x0000, 0x0000, 0x0000, 0x0000, 0x0000, 0x0000, 0x0000,
    0x0080, 0x4200, 0x4200, 0x4200, 0x4400, 0x4200, 0x4200, 0x4200, 0x4200, 0x4200, 0x4200, 0x4400, 0x4200, 0x4200, 0x4200, 0x4200,
    0x3840, 0x3840, 0x3840, 0x3840, 0x3840, 0x3840, 0x3840, 0x3840, 0x3840, 0x3840, 0x4200, 0x4200, 0x4400, 0x4400, 0x4400, 0x4200,
    0x4200, 0x2001, 0x2001, 0x2001, 0x2001, 0x2001, 0x2001, 0x2001, 0x2001, 0x2001, 0x2001, 0x2001, 0x2001, 0x2001, 0x2001, 0x2001,
    0x2001, 0x2001, 0x2001, 0x2001, 0x2001, 0x2001, 0x2001, 0x2001, 0x2001, 0x2001, 0x2001, 0x4200, 0x4200, 0x4200, 0x4400, 0x6200,
    0x4400, 0x2002, 0x2002, 0x2002, 0x2002, 0x2002, 0x2002, 0x2002, 0x2002, 0x2002, 0x2002, 0x2002, 0x2002, 0x2002, 0x2002, 0x2002,
    0x2002, 0x2002, 0x2002, 0x2002, 0x2002, 0x2002, 0x2002, 0x2002, 0x2002, 0x2002, 0x2002, 0x4200, 0x4400, 0x4200, 0x4400, 0x0000,
    0x0000, 0x0000, 0x0000, 0x0000, 0x0000, 0x0080, 0x0000, 0x0000, 0x0000, 0x0000, 0x0000, 0x0000, 0x0000, 0x0000, 0x0000, 0x0000,
    0x0000, 0x0000, 0x0000, 0x0000, 0x0000, 0x0000, 0x0000, 0x0000, 0x0000, 0x0000, 0x0000, 0x0000, 0x0000, 0x0000, 0x0000, 0x0000,
    0x0080, 0x4200, 0x0400, 0x0400, 0x0400, 0x0400, 0x0400, 0x4200, 0x0400, 0x0400, 0x2010, 0x4200, 0x0400, 0x0000, 0x0400, 0x0400,
    0x0400, 0x0400, 0x2840, 0x2840, 0x0400, 0x2002, 0x4200, 0x4200, 0x0400, 0x2840, 0x2010, 0x4200, 0x2840, 0x2840, 0x2840, 0x4200,
    0x2001, 0x2001, 0x2001, 0x2001, 0x2001, 0x2001, 0x2001, 0x2001, 0x2001, 0x2001, 0x2001, 0x2001, 0x2001, 0x2001, 0x2001, 0x2001,
    0x2001, 0x2001, 0x2001, 0x2001, 0x2001, 0x2001, 0x2001, 0x0400, 0x2001, 0x2001, 0x2001, 0x2001, 0x2001, 0x2001, 0x2001, 0x2002,
    0x2002, 0x2002, 0x2002, 0x2002, 0x2002, 0x2002, 0x2002, 0x2002, 0x2002, 0x2002, 0x2002, 0x2002, 0x2002, 0x2002, 0x2002, 0x2002,
    0x2002, 0x2002, 0x2002, 0x2002, 0x2002, 0x2002, 0x2002, 0x0400, 0x2002, 0x2002, 0x2002, 0x2002, 0x2002, 0x2002, 0x2002, 0x2002,
    0x2001, 0x2002, 0x2001, 0x2002, 0x2001, 0x2002, 0x2001, 0x2002, 0x2001, 0x2002, 0x2001, 0x2002, 0x2001, 0x2002, 0x2001, 0x2002,
    0x2001, 0x2002, 0x2001, 0x2002, 0x2001, 0x2002, 0x2001, 0x2002, 0x2001, 0x2002, 0x2001, 0x2002, 0x2001, 0x2002, 0x2001, 0x2002,
    0x2001, 0x2002, 0x2001, 0x2002, 0x2001, 0x2002, 0x2001, 0x2002, 0x2001, 0x2002, 0x2001, 0x2002, 0x2001, 0x2002, 0x2001, 0x2002,
    0x2001, 0x2002, 0x2001, 0x2002, 0x2001, 0x2002, 0x2001, 0x2002, 0x2002, 0x2001, 0x2002, 0x2001, 0x2002, 0x2001, 0x2002, 0x2001,
    0x2002, 0x2001, 0x2002, 0x2001, 0x2002, 0x2001, 0x2002, 0x2001, 0x2002, 0x2002, 0x2001, 0x2002, 0x2001, 0x2002, 0x2001, 0x2002,
    0x2001, 0x2002, 0x2001, 0x2002, 0x2001, 0x2002, 0x2001, 0x2002, 0x2001, 0x2002, 0x2001, 0x2002, 0x2001, 0x2002, 0x2001, 0x2002,
    0x2001, 0x2002, 0x2001, 0x2002, 0x2001, 0x2002, 0x2001, 0x2002, 0x2001, 0x2002, 0x2001, 0x2002, 0x2001, 0x2002, 0x2001, 0x2002,
    0x2001, 0x2002, 0x2001, 0x2002, 0x2001, 0x2002, 0x2001, 0x2002, 0x2001, 0x2001, 0x2002, 0x2001, 0x2002, 0x2001, 0x2002, 0x2102,
    0x2002, 0x2001, 0x2001, 0x2002, 0x2001, 0x2002, 0x2001, 0x2001, 0x2002, 0x2001, 0x2001, 0x2001, 0x2002, 0x2002, 0x2001, 0x2001,
    0x2001, 0x2001, 0x2002, 0x2001, 0x2001, 0x2002, 0x2001, 0x2001, 0x2001, 0x2002, 0x2002, 0x2002, 0x2001, 0x2001, 0x2002, 0x2001,
    0x2001, 0x2002, 0x2001, 0x2002, 0x2001, 0x2002, 0x2001, 0x2001, 0x2002, 0x2001, 0x2002, 0x2002, 0x2001, 0x2002, 0x2001, 0x2001,
    0x2002, 0x2001, 0x2001, 0x2001, 0x2002, 0x2001, 0x2002, 0x2001, 0x2001, 0x2002, 0x2002, 0x2010, 0x2001, 0x2002, 0x2002, 0x2002,
    0x2010, 0x2010, 0x2010, 0x2010, 0x2001, 0x2004, 0x2002, 0x2001, 0x2004, 0x2002, 0x2001, 0x2004, 0x2002, 0x2001, 0x2002, 0x2001,
    0x2002, 0x2001, 0x2002, 0x2001, 0x2002, 0x2001, 0x2002, 0x2001, 0x2002, 0x2001, 0x2002, 0x2001, 0x2002, 0x2002, 0x2001, 0x2002,
    0x2001, 0x2002, 0x2001, 0x2002, 0x2001, 0x2002, 0x2001, 0x2002, 0x2001, 0x2002, 0x2001, 0x2002, 0x2001, 0x2002, 0x2001, 0x2002,
    0x2002, 0x2001, 0x2004, 0x2002, 0x2001, 0x2002, 0x2001, 0x2001, 0x2001, 0x2002, 0x2001, 0x2002, 0x2001, 0x2002, 0x2001, 0x2002,
    0x2001, 0x2002, 0x2001, 0x2002, 0x2001, 0x2002, 0x2001, 0x2002, 0x2001, 0x2002, 0x2001, 0x2002, 0x2001, 0x2002, 0x2001, 0x2002,
    0x2001, 0x2002, 0x2001, 0x2002, 0x2001, 0x2002, 0x2001, 0x2002, 0x2001, 0x2002, 0x2001, 0x2002, 0x2001, 0x2002, 0x2001, 0x2002,
    0x2001, 0x2002, 0x2001, 0x2002, 0x2001, 0x2002, 0x2001, 0x2002, 0x2001, 0x2002, 0x2001, 0x2002, 0x2001, 0x2002, 0x2001, 0x2002,
    0x2001, 0x2002, 0x2001, 0x2002, 0x2002, 0x2002, 0x2002, 0x2002, 0x2002, 0x2002, 0x2001, 0x2001, 0x2002, 0x2001, 0x2001, 0x2002,
    0x2002, 0x2001, 0x2002, 0x2001, 0x2001, 0x2001, 0x2001, 0x2002, 0x2001, 0x2002, 0x2001, 0x2002, 0x2001, 0x2002, 0x2001, 0x2002,
    0x2002, 0x2002, 0x2002, 0x2002, 0x2002, 0x2002, 0x2002, 0x2002, 0x2002, 0x2002, 0x2002, 0x2002, 0x2002, 0x2002, 0x2002, 0x2002,
    0x2002, 0x2002, 0x2002, 0x2002, 0x2002, 0x2002, 0x2002, 0x2002, 0x2002, 0x2002, 0x2002, 0x2002, 0x2002, 0x2002, 0x2002, 0x2002,
    0x2002, 0x2002, 0x2002, 0x2002, 0x2002, 0x2002, 0x2002, 0x2002, 0x2002, 0x2002, 0x2002, 0x2002, 0x2002, 0x2002, 0x2002, 0x2002,
    0x2002, 0x2002, 0x2002, 0x2002, 0x2002, 0x2002, 0x2002, 0x2002, 0x2002, 0x2002, 0x2002, 0x2002, 0x2002, 0x2002, 0x2002, 0x2002,
    0x2002, 0x2002, 0x2002, 0x2002, 0x2010, 0x2002, 0x2002, 0x2002, 0x2002, 0x2002, 0x2002, 0x2002, 0x2002, 0x2002, 0x2002, 0x2002,
    0x2002, 0x2002, 0x2002, 0x2002, 0x2002, 0x2002, 0x2002, 0x2002, 0x2002, 0x2002, 0x2002, 0x2002, 0x2002, 0x2002, 0x2002, 0x2002,
    0x2008, 0x2008, 0x2008, 0x2008, 0x2008, 0x2008, 0x2008, 0x2008, 0x2008, 0x2008, 0x2008, 0x2008, 0x2008, 0x2008, 0x2008, 0x2008,
    0x2008, 0x2008, 0x0400, 0x0400, 0x0400, 0x0400, 0x2008, 0x2008, 0x2008, 0x2008, 0x2008, 0x2008, 0x2008, 0x2008, 0x2008, 0x2008,
    0x2008, 0x2008, 0x0400, 0x0400, 0x0400, 0x0400, 0x0400, 0x0400, 0x0400, 0x0400, 0x0400, 0x0400, 0x0400, 0x0400, 0x0400, 0x0400,
    0x2008, 0x2008, 0x2008, 0x2008, 0x2008, 0x0400, 0x0400, 0x0400, 0x0400, 0x0400, 0x0400, 0x0400, 0x2008, 0x0400, 0x2008, 0x0400,
    0x0400, 0x0400, 0x0400, 0x0400, 0x0400, 0x0400, 0x0400, 0x0400, 0x0400, 0x0400, 0x0400, 0x0400, 0x0400, 0x0400, 0x0400, 0x0400,
    0x2020, 0x2020, 0x2020, 0x2020, 0x2020, 0x2020, 0x2020, 0x2020, 0x2020, 0x2020, 0x2020, 0x2020, 0x2020, 0x2020, 0x2020, 0x2020,
    0x2020, 0x2020, 0x2020, 0x2020, 0x2020, 0x2020, 0x2020, 0x2020, 0x2020, 0x2020, 0x2020, 0x2020, 0x2020, 0x2020, 0x2020, 0x2020,
    0x2020, 0x2020, 0x2020, 0x2020, 0x2020, 0x2020, 0x2020, 0x2020, 0x2020, 0x2020, 0x2020, 0x2020, 0x2020, 0x2020, 0x2020, 0x2020,
    0x2020, 0x2020, 0x2020, 0x2020, 0x2020, 0x2020, 0x2020, 0x2020, 0x2020, 0x2020, 0x2020, 0x2020, 0x2020, 0x2020, 0x2020, 0x2020,
    0x2020, 0x2020, 0x2020, 0x2020, 0x2020, 0x2020, 0x2020, 0x2020, 0x2020, 0x2020, 0x2020, 0x2020, 0x2020, 0x2020, 0x2020, 0x2020,
    0x2020, 0x2020, 0x2020, 0x2020, 0x2020, 0x2020, 0x2020, 0x2020, 0x2020, 0x2020, 0x2020, 0x2020, 0x2020, 0x2020, 0x2020, 0x2020,
    0x2020, 0x2020, 0x2020, 0x2020, 0x2020, 0x2020, 0x2020, 0x2020, 0x2020, 0x2020, 0x2020, 0x2020, 0x2020, 0x2020, 0x2020, 0x2020,
    0x2001, 0x2002, 0x2001, 0x2002, 0x2008, 0x0400, 0x2001, 0x2002, 0x0000, 0x0000, 0x2008, 0x2002, 0x2002, 0x2002, 0x4200, 0x2001,
    0x0000, 0x0000, 0x0000, 0x0000, 0x0400, 0x0400, 0x2001, 0x4200, 0x2001, 0x2001, 0x2001, 0x0000, 0x2001, 0x0000, 0x2001, 0x2001,
    0x2002, 0x2001, 0x2001, 0x2001, 0x2001, 0x2001, 0x2001, 0x2001, 0x2001, 0x2001, 0x2001, 0x2001, 0x2001, 0x2001, 0x2001, 0x2001,
    0x2001, 0x2001, 0x0000, 0x2001, 0x2001, 0x2001, 0x2001, 0x2001, 0x2001, 0x2001, 0x2001, 0x2001, 0x2002, 0x2002, 0x2002, 0x2002,
    0x2002, 0x2002, 0x2002, 0x2002, 0x2002, 0x2002, 0x2002, 0x2002, 0x2002, 0x2002, 0x2002, 0x2002, 0x2002, 0x2002, 0x2002, 0x2002,
    0x2002, 0x2002, 0x2002, 0x2002, 0x2002, 0x2002, 0x2002, 0x2002, 0x2002, 0x2002, 0x2002, 0x2002, 0x2002, 0x2002, 0x2002, 0x2001,
    0x2002, 0x2002, 0x2001, 0x2001, 0x2001, 0x2002, 0x2002, 0x2002, 0x2001, 0x2002, 0x2001, 0x2002, 0x2001, 0x2002, 0x2001, 0x2002,
    0x2001, 0x2002, 0x2001, 0x2002, 0x2001, 0x2002, 0x2001, 0x2002, 0x2001, 0x2002, 0x2001, 0x2002, 0x2001, 0x2002, 0x2001, 0x2002,
    0x2002, 0x2002, 0x2002, 0x2002, 0x2001, 0x2002, 0x0400, 0x2001, 0x2002, 0x2001, 0x2001, 0x2002, 0x2002, 0x2001, 0x2001, 0x2001,
    0x2001, 0x2001, 0x2001, 0x2001, 0x2001, 0x2001, 0x2001, 0x2001, 0x2001, 0x2001, 0x2001, 0x2001, 0x2001, 0x2001, 0x2001, 0x2001,
    0x2001, 0x2001, 0x2001, 0x2001, 0x2001, 0x2001, 0x2001, 0x2001, 0x2001, 0x2001, 0x2001, 0x2001, 0x2001, 0x2001, 0x2001, 0x2001,
    0x2001, 0x2001, 0x2001, 0x2001, 0x2001, 0x2001, 0x2001, 0x2001, 0x2001, 0x2001, 0x2001, 0x2001, 0x2001, 0x2001, 0x2001, 0x2001,
    0x2002, 0x2002, 0x2002, 0x2002, 0x2002, 0x2002, 0x2002, 0x2002, 0x2002, 0x2002, 0x2002, 0x2002, 0x2002, 0x2002, 0x2002, 0x2002,
    0x2002, 0x2002, 0x2002, 0x2002, 0x2002, 0x2002, 0x2002, 0x2002, 0x2002, 0x2002, 0x2002, 0x2002, 0x2002, 0x2002, 0x2002, 0x2002,
    0x2002, 0x2002, 0x2002, 0x2002, 0x2002, 0x2002, 0x2002, 0x2002, 0x2002, 0x2002, 0x2002, 0x2002, 0x2002, 0x2002, 0x2002, 0x2002,
    0x2001, 0x2002, 0x2001, 0x2002, 0x2001, 0x2002, 0x2001, 0x2002, 0x2001, 0x2002, 0x2001, 0x2002, 0x2001, 0x2002, 0x2001, 0x2002,
    0x2001, 0x2002, 0x2001, 0x2002, 0x2001, 0x2002, 0x2001, 0x2002, 0x2001, 0x2002, 0x2001, 0x2002, 0x2001, 0x2002, 0x2001, 0x2002,
    0x2001, 0x2002, 0x0400, 0x2020, 0x2020, 0x2020, 0x2020, 0x2020, 0x2020, 0x2020, 0x2001, 0x2002, 0x2001, 0x2002, 0x2001, 0x2002,
    0x2001, 0x2002, 0x2001, 0x2002, 0x2001, 0x2002, 0x2001, 0x2002, 0x2001, 0x2002, 0x2001, 0x2002, 0x2001, 0x2002, 0x2001, 0x2002,
    0x2001, 0x2002, 0x2001, 0x2002, 0x2001, 0x2002, 0x2001, 0x2002, 0x2001, 0x2002, 0x2001, 0x2002, 0x2001, 0x2002, 0x2001, 0x2002,
    0x2001, 0x2002, 0x2001, 0x2002, 0x2001, 0x2002, 0x2001, 0x2002, 0x2001, 0x2002, 0x2001, 0x2002, 0x2001, 0x2002, 0x2001, 0x2002,
    0x2001, 0x2001, 0x2002, 0x2001, 0x2002, 0x2001, 0x2002, 0x2001, 0x2002, 0x2001, 0x2002, 0x2001, 0x2002, 0x2001, 0x2002, 0x2002,
    0x2001, 0x2002, 0x2001, 0x2002, 0x2001, 0x2002, 0x2001, 0x2002, 0x2001, 0x2002, 0x2001, 0x2002, 0x2001, 0x2002, 0x2001, 0x2002,
    0x2001, 0x2002, 0x2001, 0x2002, 0x2001, 0x2002, 0x2001, 0x2002, 0x2001, 0x2002, 0x2001, 0x2002, 0x2001, 0x2002, 0x2001, 0x2002,
    0x2001, 0x2002, 0x2001, 0x2002, 0x2001, 0x2002, 0x2001, 0x2002, 0x2001, 0x2002, 0x2001, 0x2002, 0x2001, 0x2002, 0x2001, 0x2002,
    0x2001, 0x2002, 0x2001, 0x2002, 0x2001, 0x2002, 0x2001, 0x2002, 0x2001, 0x2002, 0x2001, 0x2002, 0x2001, 0x2002, 0x2001, 0x2002,
    0x2001, 0x2002, 0x2001, 0x2002, 0x2001, 0x2002, 0x2001, 0x2002, 0x2001, 0x2002, 0x2001, 0x2002, 0x2001, 0x2002, 0x2001, 0x2002,
    0x2001, 0x2002, 0x2001, 0x2002, 0x2001, 0x2002, 0x2001, 0x2002, 0x2001, 0x2002, 0x2001, 0x2002, 0x2001, 0x2002, 0x2001, 0x2002,
    0x0000, 0x2001, 0x2001, 0x2001, 0x2001, 0x2001, 0x2001, 0x2001, 0x2001, 0x2001, 0x2001, 0x2001, 0x2001, 0x2001, 0x2001, 0x2001,
    0x2001, 0x2001, 0x2001, 0x2001, 0x2001, 0x2001, 0x2001, 0x2001, 0x2001, 0x2001, 0x2001, 0x2001, 0x2001, 0x2001, 0x2001, 0x2001,
    0x2001, 0x2001, 0x2001, 0x2001, 0x2001, 0x2001, 0x2001, 0x0000, 0x0000, 0x2008, 0x4200, 0x4200, 0x4200, 0x4200, 0x4200, 0x4200,
    0x2002, 0x2002, 0x2002, 0x2002, 0x2002, 0x2002, 0x2002, 0x2002, 0x2002, 0x2002, 0x2002, 0x2002, 0x2002, 0x2002, 0x2002, 0x2002,
    0x2002, 0x2002, 0x2002, 0x2002, 0x2002, 0x2002, 0x2002, 0x2002, 0x2002, 0x2002, 0x2002, 0x2002, 0x2002, 0x2002, 0x2002, 0x2002,
    0x2002, 0x2002, 0x2002, 0x2002, 0x2002, 0x2002, 0x2002, 0x2002, 0x2002, 0x4200, 0x4200, 0x0000, 0x0000, 0x0400, 0x0400, 0x0400,
    0x0000, 0x2020, 0x2020, 0x2020, 0x2020, 0x2020, 0x2020, 0x2020, 0x2020, 0x2020, 0x2020, 0x2020, 0x2020, 0x2020, 0x2020, 0x2020,
    0x2020, 0x2020, 0x2020, 0x2020, 0x2020, 0x2020, 0x2020, 0x2020, 0x2020, 0x2020, 0x2020, 0x2020, 0x2020, 0x2020, 0x2020, 0x2020,
    0x2020, 0x2020, 0x2020, 0x2020, 0x2020, 0x2020, 0x2020, 0x2020, 0x2020, 0x2020, 0x2020, 0x2020, 0x2020, 0x2020, 0x4200, 0x2020,
    0x4200, 0x2020, 0x2020, 0x4200, 0x2020, 0x2020, 0x4200, 0x2020, 0x0000, 0x0000, 0x0000, 0x0000, 0x0000, 0x0000, 0x0000, 0x0000,
    0x2010, 0x2010, 0x2010, 0x2010, 0x2010, 0x2010, 0x2010, 0x2010, 0x2010, 0x2010, 0x2010, 0x2010, 0x2010, 0x2010, 0x2010, 0x2010,
    0x2010, 0x2010, 0x2010, 0x2010, 0x2010, 0x2010, 0x2010, 0x2010, 0x2010, 0x2010, 0x2010, 0x0000, 0x0000, 0x0000, 0x0000, 0x2010,
    0x2010, 0x2010, 0x2010, 0x4200, 0x4200, 0x0000, 0x0000, 0x0000, 0x0000, 0x0000, 0x0000, 0x0000, 0x0000, 0x0000, 0x0000, 0x0000,
    0x0000, 0x0000, 0x0000, 0x0000, 0x0000, 0x0000, 0x0400, 0x0400, 0x0400, 0x4200, 0x4200, 0x0400, 0x4200, 0x4200, 0x0400, 0x0400,
    0x2020, 0x2020, 0x2020, 0x2020, 0x2020, 0x2020, 0x2020, 0x2020, 0x2020, 0x2020, 0x2020, 0x4200, 0x0000, 0x0200, 0x4200, 0x4200,
    0x2010, 0x2010, 0x2010, 0x2010, 0x2010, 0x2010, 0x2010, 0x2010, 0x2010, 0x2010, 0x2010, 0x2010, 0x2010, 0x2010, 0x2010, 0x2010,
    0x2010, 0x2010, 0x2010, 0x2010, 0x2010, 0x2010, 0x2010, 0x2010, 0x2010, 0x2010, 0x2010, 0x2010, 0x2010, 0x2010, 0x2010, 0x2010,
    0x2008, 0x2010, 0x2010, 0x2010, 0x2010, 0x2010, 0x2010, 0x2010, 0x2010, 0x2010, 0x2010, 0x2020, 0x2020, 0x2020, 0x2020, 0x2020,
    0x2020, 0x2020, 0x2020, 0x2020, 0x2020, 0x2020, 0x2020, 0x2020, 0x2020, 0x2020, 0x2020, 0x2020, 0x2020, 0x2020, 0x2020, 0x2020,
    0x3840, 0x3840, 0x3840, 0x3840, 0x3840, 0x3840, 0x3840, 0x3840, 0x3840, 0x3840, 0x4200, 0x4200, 0x4200, 0x4200, 0x2010, 0x2010,
    0x2020, 0x2010, 0x2010, 0x2010, 0x2010, 0x2010, 0x2010, 0x2010, 0x2010, 0x2010, 0x2010, 0x2010, 0x2010, 0x2010, 0x2010, 0x2010,
    0x2010, 0x2010, 0x2010, 0x2010, 0x2010, 0x2010, 0x2010, 0x2010, 0x2010, 0x2010, 0x2010, 0x2010, 0x2010, 0x2010, 0x2010, 0x2010,
    0x2010, 0x2010, 0x2010, 0x2010, 0x2010, 0x2010, 0x2010, 0x2010, 0x2010, 0x2010, 0x2010, 0x2010, 0x2010, 0x2010, 0x2010, 0x2010,
    0x2010, 0x2010, 0x2010, 0x2010, 0x2010, 0x2010, 0x2010, 0x2010, 0x2010, 0x2010, 0x2010, 0x2010, 0x2010, 0x2010, 0x2010, 0x2010,
    0x2010, 0x2010, 0x2010, 0x2010, 0x2010, 0x2010, 0x2010, 0x2010, 0x2010, 0x2010, 0x2010, 0x2010, 0x2010, 0x2010, 0x2010, 0x2010,
    0x2010, 0x2010, 0x2010, 0x2010, 0x2010, 0x2010, 0x2010, 0x2010, 0x2010, 0x2010, 0x2010, 0x2010, 0x2010, 0x2010, 0x2010, 0x2010,
    0x2010, 0x2010, 0x2010, 0x2010, 0x4200, 0x2010, 0x2020, 0x2020, 0x2020, 0x2020, 0x2020, 0x2020, 0x2020, 0x0000, 0x0400, 0x2020,
    0x2020, 0x2020, 0x2020, 0x2020, 0x2020, 0x2008, 0x2008, 0x2020, 0x2020, 0x0400, 0x2020, 0x2020, 0x2020, 0x2020, 0x2010, 0x2010,
    0x3840, 0x3840, 0x3840, 0x3840, 0x3840, 0x3840, 0x3840, 0x3840, 0x3840, 0x3840, 0x2010, 0x2010, 0x2010, 0x0400, 0x0400, 0x2010,
    0x4200, 0x4200, 0x4200, 0x4200, 0x4200, 0x4200, 0x4200, 0x4200, 0x4200, 0x4200, 0x4200, 0x4200, 0x4200, 0x4200, 0x0000, 0x0000,
    0x2010, 0x2020, 0x2010, 0x2010, 0x2010, 0x2010, 0x2010, 0x2010, 0x2010, 0x2010, 0x2010, 0x2010, 0x2010, 0x2010, 0x2010, 0x2010,
    0x2010, 0x2010, 0x2010, 0x2010, 0x2010, 0x2010, 0x2010, 0x2010, 0x2010, 0x2010, 0x2010, 0x2010, 0x2010, 0x2010, 0x2010, 0x2010,
    0x2020, 0x2020, 0x2020, 0x2020, 0x2020, 0x2020, 0x2020, 0x2020, 0x2020, 0x2020, 0x2020, 0x2020, 0x2020, 0x2020, 0x2020, 0x2020,
    0x2020, 0x2020, 0x2020, 0x2020, 0x2020, 0x2020, 0x2020, 0x2020, 0x2020, 0x2020, 0x2020, 0x0000, 0x0000, 0x2010, 0x2010, 0x2010,
    0x2010, 0x2010, 0x2010, 0x2010, 0x2010, 0x2010, 0x2010, 0x2010, 0x2010, 0x2010, 0x2010, 0x2010, 0x2010, 0x2010, 0x2010, 0x2010,
    0x2010, 0x2010, 0x2010, 0x2010, 0x2010, 0x2010, 0x2010, 0x2010, 0x2010, 0x2010, 0x2010, 0x2010, 0x2010, 0x2010, 0x2010, 0x2010,
    0x2010, 0x2010, 0x2010, 0x2010, 0x2010, 0x2010, 0x2010, 0x2010, 0x2010, 0x2010, 0x2010, 0x2010, 0x2010, 0x2010, 0x2010, 0x2010,
    0x2010, 0x2010, 0x2010, 0x2010, 0x2010, 0x2010, 0x2010, 0x2010, 0x2010, 0x2010, 0x2010, 0x2010, 0x2010, 0x2010, 0x2010, 0x2010,
    0x2010, 0x2010, 0x2010, 0x2010, 0x2010, 0x2010, 0x2010, 0x2010, 0x2010, 0x2010, 0x2010, 0x2010, 0x2010, 0x2010, 0x2010, 0x2010,
    0x2010, 0x2010, 0x2010, 0x2010, 0x2010, 0x2010, 0x2020, 0x2020, 0x2020, 0x2020, 0x2020, 0x2020, 0x2020, 0x2020, 0x2020, 0x2020,
    0x2020, 0x2010, 0x0000, 0x0000, 0x0000, 0x0000, 0x0000, 0x0000, 0x0000, 0x0000, 0x0000, 0x0000, 0x0000, 0x0000, 0x0000, 0x0000,
    0x3840, 0x3840, 0x3840, 0x3840, 0x3840, 0x3840, 0x3840, 0x3840, 0x3840, 0x3840, 0x2010, 0x2010, 0x2010, 0x2010, 0x2010, 0x2010,
    0x2010, 0x2010, 0x2010, 0x2010, 0x2010, 0x2010, 0x2010, 0x2010, 0x2010, 0x2010, 0x2010, 0x2010, 0x2010, 0x2010, 0x2010, 0x2010,
    0x2010, 0x2010, 0x2010, 0x2010, 0x2010, 0x2010, 0x2010, 0x2010, 0x2010, 0x2010, 0x2010, 0x2020, 0x2020, 0x2020, 0x2020, 0x2020,
    0x2020, 0x2020, 0x2020, 0x2020, 0x2008, 0x2008, 0x0400, 0x4200, 0x4200, 0x4200, 0x2008, 0x0000, 0x0000, 0x2020, 0x0400, 0x0400,
    0x2010, 0x2010, 0x2010, 0x2010, 0x2010, 0x2010, 0x2010, 0x2010, 0x2010, 0x2010, 0x2010, 0x2010, 0x2010, 0x2010, 0x2010, 0x2010,
    0x2010, 0x2010, 0x2010, 0x2010, 0x2010, 0x2010, 0x2020, 0x2020, 0x2020, 0x2020, 0x2008, 0x2020, 0x2020, 0x2020, 0x2020, 0x2020,
    0x2020, 0x2020, 0x2020, 0x2020, 0x2008, 0x2020, 0x2020, 0x2020, 0x2008, 0x2020, 0x2020, 0x2020, 0x2020, 0x2020, 0x0000, 0x0000,
    0x4200, 0x4200, 0x4200, 0x4200, 0x4200, 0x4200, 0x4200, 0x4200, 0x4200, 0x4200, 0x4200, 0x4200, 0x4200, 0x4200, 0x4200, 0x0000,
    0x2010, 0x2010, 0x2010, 0x2010, 0x2010, 0x2010, 0x2010, 0x2010, 0x2010, 0x2010, 0x2010, 0x2010, 0x2010, 0x2010, 0x2010, 0x2010,
    0x2010, 0x2010, 0x2010, 0x2010, 0x2010, 0x2010, 0x2010, 0x2010, 0x2010, 0x2020, 0x2020, 0x2020, 0x0000, 0x0000, 0x4200, 0x0000,
    0x2010, 0x2010, 0x2010, 0x2010, 0x2010, 0x2010, 0x2010, 0x2010, 0x2010, 0x2010, 0x2010, 0x0000, 0x0000, 0x0000, 0x0000, 0x0000,
    0x2010, 0x2010, 0x2010, 0x2010, 0x2010, 0x2010, 0x2010, 0x2010, 0x2010, 0x2010, 0x2010, 0x2010, 0x2010, 0x2010, 0x2010, 0x2010,
    0x2010, 0x2010, 0x2010, 0x2010, 0x2010, 0x2010, 0x2010, 0x2010, 0x0400, 0x2010, 0x2010, 0x2010, 0x2010, 0x2010, 0x2010, 0x0000,
    0x0000, 0x0000, 0x0000, 0x0000, 0x0000, 0x0000, 0x0000, 0x2020, 0x2020, 0x2020, 0x2020, 0x2020, 0x2020, 0x2020, 0x2020, 0x2020,
    0x2010, 0x2010, 0x2010, 0x2010, 0x2010, 0x2010, 0x2010, 0x2010, 0x2010, 0x2010, 0x2010, 0x2010, 0x2010, 0x2010, 0x2010, 0x2010,
    0x2010, 0x2010, 0x2010, 0x2010, 0x2010, 0x2010, 0x2010, 0x2010, 0x2010, 0x2010, 0x2010, 0x2010, 0x2010, 0x2010, 0x2010, 0x2010,
    0x2010, 0x2010, 0x2010, 0x2010, 0x2010, 0x2010, 0x2010, 0x2010, 0x2010, 0x2008, 0x2020, 0x2020, 0x2020, 0x2020, 0x2020, 0x2020,
    0x2020, 0x2020, 0x2020, 0x2020, 0x2020, 0x2020, 0x2020, 0x2020, 0x2020, 0x2020, 0x2020, 0x2020, 0x2020, 0x2020, 0x2020, 0x2020,
    0x2020, 0x2020, 0x0000, 0x2020, 0x2020, 0x2020, 0x2020, 0x2020, 0x2020, 0x2020, 0x2020, 0x2020, 0x2020, 0x2020, 0x2020, 0x2020,
    0x2020, 0x2020, 0x2020, 0x2020, 0x2020, 0x2020, 0x2020, 0x2020, 0x2020, 0x2020, 0x2020, 0x2020, 0x2020, 0x2020, 0x2020, 0x2020,
    0x2020, 0x2020, 0x2020, 0x2020, 0x2010, 0x2010, 0x2010, 0x2010, 0x2010, 0x2010, 0x2010, 0x2010, 0x2010, 0x2010, 0x2010, 0x2010,
    0x2010, 0x2010, 0x2010, 0x2010, 0x2010, 0x2010, 0x2010, 0x2010, 0x2010, 0x2010, 0x2010, 0x2010, 0x2010, 0x2010, 0x2010, 0x2010,
    0x2010, 0x2010, 0x2010, 0x2010, 0x2010, 0x2010, 0x2010, 0x2010, 0x2010, 0x2010, 0x2010, 0x2010, 0x2010, 0x2010, 0x2010, 0x2010,
    0x2010, 0x2010, 0x2010, 0x2010, 0x2010, 0x2010, 0x2010, 0x2010, 0x2010, 0x2010, 0x2020, 0x2020, 0x2020, 0x2010, 0x2020, 0x2020,
    0x2020, 0x2020, 0x2020, 0x2020, 0x2020, 0x2020, 0x2020, 0x2020, 0x2020, 0x2020, 0x2020, 0x2020, 0x2020, 0x2020, 0x2020, 0x2020,
    0x2010, 0x2020, 0x2020, 0x2020, 0x2020, 0x2020, 0x2020, 0x2020, 0x2010, 0x2010, 0x2010, 0x2010, 0x2010, 0x2010, 0x2010, 0x2010,
    0x2010, 0x2010, 0x2020, 0x2020, 0x4200, 0x4200, 0x3840, 0x3840, 0x3840, 0x3840, 0x3840, 0x3840, 0x3840, 0x3840, 0x3840, 0x3840,
    0x4200, 0x2008, 0x2010, 0x2010, 0x2010, 0x2010, 0x2010, 0x2010, 0x2010, 0x2010, 0x2010, 0x2010, 0x2010, 0x2010, 0x2010, 0x2010,
    0x2010, 0x2020, 0x2020, 0x2020, 0x0000, 0x2010, 0x2010, 0x2010, 0x2010, 0x2010, 0x2010, 0x2010, 0x2010, 0x0000, 0x0000, 0x2010,
    0x2010, 0x0000, 0x0000, 0x2010, 0x2010, 0x2010, 0x2010, 0x2010, 0x2010, 0x2010, 0x2010, 0x2010, 0x2010, 0x2010, 0x2010, 0x2010,
    0x2010, 0x2010, 0x2010, 0x2010, 0x2010, 0x2010, 0x2010, 0x2010, 0x2010, 0x0000, 0x2010, 0x2010, 0x2010, 0x2010, 0x2010, 0x2010,
    0x2010, 0x0000, 0x2010, 0x0000, 0x0000, 0x0000, 0x2010, 0x2010, 0x2010, 0x2010, 0x0000, 0x0000, 0x2020, 0x2010, 0x2020, 0x2020,
    0x2020, 0x2020, 0x2020, 0x2020, 0x2020, 0x0000, 0x0000, 0x2020, 0x2020, 0x0000, 0x0000, 0x2020, 0x2020, 0x2020, 0x2010, 0x0000,
    0x0000, 0x0000, 0x0000, 0x0000, 0x0000, 0x0000, 0x0000, 0x2020, 0x0000, 0x0000, 0x0000, 0x0000, 0x2010, 0x2010, 0x0000, 0x2010,
    0x2010, 0x2010, 0x2020, 0x2020, 0x0000, 0x0000, 0x3840, 0x3840, 0x3840, 0x3840, 0x3840, 0x3840, 0x3840, 0x3840, 0x3840, 0x3840,
    0x2010, 0x2010, 0x0400, 0x0400, 0x0840, 0x0840, 0x0840, 0x0840, 0x0840, 0x0840, 0x0400, 0x0400, 0x2010, 0x0200, 0x2020, 0x0000,
    0x0000, 0x2020, 0x2020, 0x2020, 0x0000, 0x2010, 0x2010, 0x2010, 0x2010, 0x2010, 0x2010, 0x0000, 0x0000, 0x0000, 0x0000, 0x2010,
    0x2010, 0x0000, 0x0000, 0x2010, 0x2010, 0x2010, 0x2010, 0x2010, 0x2010, 0x2010, 0x2010, 0x2010, 0x2010, 0x2010, 0x2010, 0x2010,
    0x2010, 0x2010, 0x2010, 0x2010, 0x2010, 0x2010, 0x2010, 0x2010, 0x2010, 0x0000, 0x2010, 0x2010, 0x2010, 0x2010, 0x2010, 0x2010,
    0x2010, 0x0000, 0x2010, 0x2010, 0x0000, 0x2010, 0x2010, 0x0000, 0x2010, 0x2010, 0x0000, 0x0000, 0x2020, 0x0000, 0x2020, 0x2020,
    0x2020, 0x2020, 0x2020, 0x0000, 0x0000, 0x0000, 0x0000, 0x2020, 0x2020, 0x0000, 0x0000, 0x2020, 0x2020, 0x2020, 0x0000, 0x0000,
    0x0000, 0x2020, 0x0000, 0x0000, 0x0000, 0x0000, 0x0000, 0x0000, 0x0000, 0x2010, 0x2010, 0x2010, 0x2010, 0x0000, 0x2010, 0x0000,
    0x0000, 0x0000, 0x0000, 0x0000, 0x0000, 0x0000, 0x3840, 0x3840, 0x3840, 0x3840, 0x3840, 0x3840, 0x3840, 0x3840, 0x3840, 0x3840,
    0x2020, 0x2020, 0x2010, 0x2010, 0x2010, 0x2020, 0x0200, 0x0000, 0x0000, 0x0000, 0x0000, 0x0000, 0x0000, 0x0000, 0x0000, 0x0000,
    0x0000, 0x2020, 0x2020, 0x2020, 0x0000, 0x2010, 0x2010, 0x2010, 0x2010, 0x2010, 0x2010, 0x2010, 0x2010, 0x2010, 0x0000, 0x2010,
    0x2010, 0x2010, 0x0000, 0x2010, 0x2010, 0x2010, 0x2010, 0x2010, 0x2010, 0x2010, 0x2010, 0x2010, 0x2010, 0x2010, 0x2010, 0x2010,
    0x2010, 0x2010, 0x2010, 0x2010, 0x2010, 0x2010, 0x2010, 0x2010, 0x2010, 0x0000, 0x2010, 0x2010, 0x2010, 0x2010, 0x2010, 0x2010,
    0x2010, 0x0000, 0x2010, 0x2010, 0x0000, 0x2010, 0x2010, 0x2010, 0x2010, 0x2010, 0x0000, 0x0000, 0x2020, 0x2010, 0x2020, 0x2020,
    0x2020, 0x2020, 0x2020, 0x2020, 0x2020, 0x2020, 0x0000, 0x2020, 0x2020, 0x2020, 0x0000, 0x2020, 0x2020, 0x2020, 0x0000, 0x0000,
    0x2010, 0x0000, 0x0000, 0x0000, 0x0000, 0x0000, 0x0000, 0x0000, 0x0000, 0x0000, 0x0000, 0x0000, 0x0000, 0x0000, 0x0000, 0x0000,
    0x2010, 0x2010, 0x2020, 0x2020, 0x0000, 0x0000, 0x3840, 0x3840, 0x3840, 0x3840, 0x3840, 0x3840, 0x3840, 0x3840, 0x3840, 0x3840,
    0x4200, 0x0400, 0x0000, 0x0000, 0x0000, 0x0000, 0x0000, 0x0000, 0x0000, 0x2010, 0x2020, 0x2020, 0x2020, 0x2020, 0x2020, 0x2020,
    0x0000, 0x2020, 0x2020, 0x2020, 0x0000, 0x2010, 0x2010, 0x2010, 0x2010, 0x2010, 0x2010, 0x2010, 0x2010, 0x0000, 0x0000, 0x2010,
    0x2010, 0x0000, 0x0000, 0x2010, 0x2010, 0x2010, 0x2010, 0x2010, 0x2010, 0x2010, 0x2010, 0x2010, 0x2010, 0x2010, 0x2010, 0x2010,
    0x2010, 0x2010, 0x2010, 0x2010, 0x2010, 0x2010, 0x2010, 0x2010, 0x2010, 0x0000, 0x2010, 0x2010, 0x2010, 0x2010, 0x2010, 0x2010,
    0x2010, 0x0000, 0x2010, 0x2010, 0x0000, 0x2010, 0x2010, 0x2010, 0x2010, 0x2010, 0x0000, 0x0000, 0x2020, 0x2010, 0x2020, 0x2020,
    0x2020, 0x2020, 0x2020, 0x2020, 0x2020, 0x0000, 0x0000, 0x2020, 0x2020, 0x0000, 0x0000, 0x2020, 0x2020, 0x2020, 0x0000, 0x0000,
    0x0000, 0x0000, 0x0000, 0x0000, 0x0000, 0x2020, 0x2020, 0x2020, 0x0000, 0x0000, 0x0000, 0x0000, 0x2010, 0x2010, 0x0000, 0x2010,
    0x2010, 0x2010, 0x2020, 0x2020, 0x0000, 0x0000, 0x3840, 0x3840, 0x3840, 0x3840, 0x3840, 0x3840, 0x3840, 0x3840, 0x3840, 0x3840,
    0x0400, 0x2010, 0x0840, 0x0840, 0x0840, 0x0840, 0x0840, 0x0840, 0x0000, 0x0000, 0x0000, 0x0000, 0x0000, 0x0000, 0x0000, 0x0000,
    0x0000, 0x0000, 0x2020, 0x2010, 0x0000, 0x2010, 0x2010, 0x2010, 0x2010, 0x2010, 0x2010, 0x0000, 0x0000, 0x0000, 0x2010, 0x2010,
    0x2010, 0x0000, 0x2010, 0x2010, 0x2010, 0x2010, 0x0000, 0x0000, 0x0000, 0x2010, 0x2010, 0x0000, 0x2010, 0x0000, 0x2010, 0x2010,
    0x0000, 0x0000, 0x0000, 0x2010, 0x2010, 0x0000, 0x0000, 0x0000, 0x2010, 0x2010, 0x2010, 0x0000, 0x0000, 0x0000, 0x2010, 0x2010,
    0x2010, 0x2010, 0x2010, 0x2010, 0x2010, 0x2010, 0x2010, 0x2010, 0x2010, 0x2010, 0x0000, 0x0000, 0x0000, 0x0000, 0x2020, 0x2020,
    0x2020, 0x2020, 0x2020, 0x0000, 0x0000, 0x0000, 0x2020, 0x2020, 0x2020, 0x0000, 0x2020, 0x2020, 0x2020, 0x2020, 0x0000, 0x0000,
    0x2010, 0x0000, 0x0000, 0x0000, 0x0000, 0x0000, 0x0000, 0x2020, 0x0000, 0x0000, 0x0000, 0x0000, 0x0000, 0x0000, 0x0000, 0x0000,
    0x0000, 0x0000, 0x0000, 0x0000, 0x0000, 0x0000, 0x3840, 0x3840, 0x3840, 0x3840, 0x3840, 0x3840, 0x3840, 0x3840, 0x3840, 0x3840,
    0x0840, 0x0840, 0x0840, 0x0400, 0x0400, 0x0400, 0x0400, 0x0400, 0x0400, 0x0400, 0x0400, 0x0000, 0x0000, 0x0000, 0x0000, 0x0000,
    0x2020, 0x2020, 0x2020, 0x2020, 0x2020, 0x2010, 0x2010, 0x2010, 0x2010, 0x2010, 0x2010, 0x2010, 0x2010, 0x0000, 0x2010, 0x2010,
    0x2010, 0x0000, 0x2010, 0x2010, 0x2010, 0x2010, 0x2010, 0x2010, 0x2010, 0x2010, 0x2010, 0x2010, 0x2010, 0x2010, 0x2010, 0x2010,
    0x2010, 0x2010, 0x2010, 0x2010, 0x2010, 0x2010, 0x2010, 0x2010, 0x2010, 0x0000, 0x2010, 0x2010, 0x2010, 0x2010, 0x2010, 0x2010,
    0x2010, 0x2010, 0x2010, 0x2010, 0x2010, 0x2010, 0x2010, 0x2010, 0x2010, 0x2010, 0x0000, 0x0000, 0x2020, 0x2010, 0x2020, 0x2020,
    0x2020, 0x2020, 0x2020, 0x2020, 0x2020, 0x0000, 0x2020, 0x2020, 0x2020, 0x0000, 0x2020, 0x2020, 0x2020, 0x2020, 0x0000, 0x0000,
    0x0000, 0x0000, 0x0000, 0x0000, 0x0000, 0x2020, 0x2020, 0x0000, 0x2010, 0x2010, 0x2010, 0x0000, 0x0000, 0x2010, 0x0000, 0x0000,
    0x2010, 0x2010, 0x2020, 0x2020, 0x0000, 0x0000, 0x3840, 0x3840, 0x3840, 0x3840, 0x3840, 0x3840, 0x3840, 0x3840, 0x3840, 0x3840,
    0x0000, 0x0000, 0x0000, 0x0000, 0x0000, 0x0000, 0x0000, 0x0200, 0x0840, 0x0840, 0x0840, 0x0840, 0x0840, 0x0840, 0x0840, 0x0400,
    0x2010, 0x2020, 0x2020, 0x2020, 0x0200, 0x2010, 0x2010, 0x2010, 0x2010, 0x2010, 0x2010, 0x2010, 0x2010, 0x0000, 0x2010, 0x2010,
    0x2010, 0x0000, 0x2010, 0x2010, 0x2010, 0x2010, 0x2010, 0x2010, 0x2010, 0x2010, 0x2010, 0x2010, 0x2010, 0x2010, 0x2010, 0x2010,
    0x2010, 0x2010, 0x2010, 0x2010, 0x2010, 0x2010, 0x2010, 0x2010, 0x2010, 0x0000, 0x2010, 0x2010, 0x2010, 0x2010, 0x2010, 0x2010,
    0x2010, 0x2010, 0x2010, 0x2010, 0x0000, 0x2010, 0x2010, 0x2010, 0x2010, 0x2010, 0x0000, 0x0000, 0x2020, 0x2010, 0x2020, 0x2020,
    0x2020, 0x2020, 0x2020, 0x2020, 0x2020, 0x0000, 0x2020, 0x2020, 0x2020, 0x0000, 0x2020, 0x2020, 0x2020, 0x2020, 0x0000, 0x0000,
    0x0000, 0x0000, 0x0000, 0x0000, 0x0000, 0x2020, 0x2020, 0x0000, 0x0000, 0x0000, 0x0000, 0x0000, 0x0000, 0x2010, 0x2010, 0x0000,
    0x2010, 0x2010, 0x2020, 0x2020, 0x0000, 0x0000, 0x3840, 0x3840, 0x3840, 0x3840, 0x3840, 0x3840, 0x3840, 0x3840, 0x3840, 0x3840,
    0x0000, 0x2010, 0x2010, 0x2020, 0x0000, 0x0000, 0x0000, 0x0000, 0x0000, 0x0000, 0x0000, 0x0000, 0x0000, 0x0000, 0x0000, 0x0000,
    0x2020, 0x2020, 0x2020, 0x2020, 0x2010, 0x2010, 0x2010, 0x2010, 0x2010, 0x2010, 0x2010, 0x2010, 0x2010, 0x0000, 0x2010, 0x2010,
    0x2010, 0x0000, 0x2010, 0x2010, 0x2010, 0x2010, 0x2010, 0x2010, 0x2010, 0x2010, 0x2010, 0x2010, 0x2010, 0x2010, 0x2010, 0x2010,
    0x2010, 0x2010, 0x2010, 0x2010, 0x2010, 0x2010, 0x2010, 0x2010, 0x2010, 0x2010, 0x2010, 0x2010, 0x2010, 0x2010, 0x2010, 0x2010,
    0x2010, 0x2010, 0x2010, 0x2010, 0x2010, 0x2010, 0x2010, 0x2010, 0x2010, 0x2010, 0x2010, 0x2020, 0x2020, 0x2010, 0x2020, 0x2020,
    0x2020, 0x2020, 0x2020, 0x2020, 0x2020, 0x0000, 0x2020, 0x2020, 0x2020, 0x0000, 0x2020, 0x2020, 0x2020, 0x2020, 0x2010, 0x0400,
    0x0000, 0x0000, 0x0000, 0x0000, 0x2010, 0x2010, 0x2010, 0x2020, 0x0840, 0x0840, 0x0840, 0x0840, 0x0840, 0x0840, 0x0840, 0x2010,
    0x2010, 0x2010, 0x2020, 0x2020, 0x0000, 0x0000, 0x3840, 0x3840, 0x3840, 0x3840, 0x3840, 0x3840, 0x3840, 0x3840, 0x3840, 0x3840,
    0x0840, 0x0840, 0x0840, 0x0840, 0x0840, 0x0840, 0x0840, 0x0840, 0x0840, 0x0400, 0x2010, 0x2010, 0x2010, 0x2010, 0x2010, 0x2010,
    0x0000, 0x2020, 0x2020, 0x2020, 0x0000, 0x2010, 0x2010, 0x2010, 0x2010, 0x2010, 0x2010, 0x2010, 0x2010, 0x2010, 0x2010, 0x2010,
    0x2010, 0x2010, 0x2010, 0x2010, 0x2010, 0x2010, 0x2010, 0x0000, 0x0000, 0x0000, 0x2010, 0x2010, 0x2010, 0x2010, 0x2010, 0x2010,
    0x2010, 0x2010, 0x2010, 0x2010, 0x2010, 0x2010, 0x2010, 0x2010, 0x2010, 0x2010, 0x2010, 0x2010, 0x2010, 0x2010, 0x2010, 0x2010,
    0x2010, 0x2010, 0x0000, 0x2010, 0x2010, 0x2010, 0x2010, 0x2010, 0x2010, 0x2010, 0x2010, 0x2010, 0x0000, 0x2010, 0x0000, 0x0000,
    0x2010, 0x2010, 0x2010, 0x2010, 0x2010, 0x2010, 0x2010, 0x0000, 0x0000, 0x0000, 0x2020, 0x0000, 0x0000, 0x0000, 0x0000, 0x2020,
    0x2020, 0x2020, 0x2020, 0x2020, 0x2020, 0x0000, 0x2020, 0x0000, 0x2020, 0x2020, 0x2020, 0x2020, 0x2020, 0x2020, 0x2020, 0x2020,
    0x0000, 0x0000, 0x0000, 0x0000, 0x0000, 0x0000, 0x3840, 0x3840, 0x3840, 0x3840, 0x3840, 0x3840, 0x3840, 0x3840, 0x3840, 0x3840,
    0x0000, 0x0000, 0x2020, 0x2020, 0x4200, 0x0000, 0x0000, 0x0000, 0x0000, 0x0000, 0x0000, 0x0000, 0x0000, 0x0000, 0x0000, 0x0000,
    0x0000, 0x2010, 0x2010, 0x2010, 0x2010, 0x2010, 0x2010, 0x2010, 0x2010, 0x2010, 0x2010, 0x2010, 0x2010, 0x2010, 0x2010, 0x2010,
    0x2010, 0x2010, 0x2010, 0x2010, 0x2010, 0x2010, 0x2010, 0x2010, 0x2010, 0x2010, 0x2010, 0x2010, 0x2010, 0x2010, 0x2010, 0x2010,
    0x2010, 0x2010, 0x2010, 0x2010, 0x2010, 0x2010, 0x2010, 0x2010, 0x2010, 0x2010, 0x2010, 0x2010, 0x2010, 0x2010, 0x2010, 0x2010,
    0x2010, 0x2020, 0x2010, 0x2010, 0x2020, 0x2020, 0x2020, 0x2020, 0x2020, 0x2020, 0x2020, 0x0000, 0x0000, 0x0000, 0x0000, 0x0400,
    0x2010, 0x2010, 0x2010, 0x2010, 0x2010, 0x2010, 0x2008, 0x2020, 0x2020, 0x2020, 0x2020, 0x2020, 0x2020, 0x2020, 0x2020, 0x4200,
    0x3840, 0x3840, 0x3840, 0x3840, 0x3840, 0x3840, 0x3840, 0x3840, 0x3840, 0x3840, 0x4200, 0x4200, 0x0000, 0x0000, 0x0000, 0x0000,
    0x0000, 0x0000, 0x0000, 0x0000, 0x0000, 0x0000, 0x0000, 0x0000, 0x0000, 0x0000, 0x0000, 0x0000, 0x0000, 0x0000, 0x0000, 0x0000,
    0x0000, 0x0000, 0x0000, 0x0000, 0x0000, 0x0000, 0x0000, 0x0000, 0x0000, 0x0000, 0x0000, 0x0000, 0x0000, 0x0000, 0x0000, 0x0000,
    0x0000, 0x2010, 0x2010, 0x0000, 0x2010, 0x0000, 0x2010, 0x2010, 0x2010, 0x2010, 0x2010, 0x0000, 0x2010, 0x2010, 0x2010, 0x2010,
    0x2010, 0x2010, 0x2010, 0x2010, 0x2010, 0x2010, 0x2010, 0x2010, 0x2010, 0x2010, 0x2010, 0x2010, 0x2010, 0x2010, 0x2010, 0x2010,
    0x2010, 0x2010, 0x2010, 0x2010, 0x0000, 0x2010, 0x0000, 0x2010, 0x2010, 0x2010, 0x2010, 0x2010, 0x2010, 0x2010, 0x2010, 0x2010,
    0x2010, 0x2020, 0x2010, 0x2010, 0x2020, 0x2020, 0x2020, 0x2020, 0x2020, 0x2020, 0x2020, 0x2020, 0x2020, 0x2010, 0x0000, 0x0000,
    0x2010, 0x2010, 0x2010, 0x2010, 0x2010, 0x0000, 0x2008, 0x0000, 0x2020, 0x2020, 0x2020, 0x2020, 0x2020, 0x2020, 0x2020, 0x0000,
    0x3840, 0x3840, 0x3840, 0x3840, 0x3840, 0x3840, 0x3840, 0x3840, 0x3840, 0x3840, 0x0000, 0x0000, 0x2010, 0x2010, 0x2010, 0x2010,
    0x0000, 0x0000, 0x0000, 0x0000, 0x0000, 0x0000, 0x0000, 0x0000, 0x0000, 0x0000, 0x0000, 0x0000, 0x0000, 0x0000, 0x0000, 0x0000,
    0x0000, 0x0000, 0x0000, 0x0000, 0x0000, 0x0000, 0x0000, 0x0000, 0x0000, 0x0000, 0x0000, 0x0000, 0x0000, 0x0000, 0x0000, 0x0000,
    0x2010, 0x0400, 0x0400, 0x0400, 0x4200, 0x4200, 0x4200, 0x4200, 0x4200, 0x4200, 0x4200, 0x4200, 0x4200, 0x4200, 0x4200, 0x4200,
    0x4200, 0x4200, 0x4200, 0x0400, 0x4200, 0x0400, 0x0400, 0x0400, 0x2020, 0x2020, 0x0400, 0x0400, 0x0400, 0x0400, 0x0400, 0x0400,
    0x3840, 0x3840, 0x3840, 0x3840, 0x3840, 0x3840, 0x3840, 0x3840, 0x3840, 0x3840, 0x0840, 0x0840, 0x0840, 0x0840, 0x0840, 0x0840,
    0x0840, 0x0840, 0x0840, 0x0840, 0x0400, 0x2020, 0x0400, 0x2020, 0x0400, 0x2020, 0x4200, 0x4200, 0x4200, 0x4200, 0x2020, 0x2020,
    0x2010, 0x2010, 0x2010, 0x2010, 0x2010, 0x2010, 0x2010, 0x2010, 0x0000, 0x2010, 0x2010, 0x2010, 0x2010, 0x2010, 0x2010, 0x2010,
    0x2010, 0x2010, 0x2010, 0x2010, 0x2010, 0x2010, 0x2010, 0x2010, 0x2010, 0x2010, 0x2010, 0x2010, 0x2010, 0x2010, 0x2010, 0x2010,
    0x2010, 0x2010, 0x2010, 0x2010, 0x2010, 0x2010, 0x2010, 0x2010, 0x2010, 0x2010, 0x2010, 0x2010, 0x2010, 0x0000, 0x0000, 0x0000,
    0x0000, 0x2020, 0x2020, 0x2020, 0x2020, 0x2020, 0x2020, 0x2020, 0x2020, 0x2020, 0x2020, 0x2020, 0x2020, 0x2020, 0x2020, 0x2020,
    0x2020, 0x2020, 0x2020, 0x2020, 0x2020, 0x4200, 0x2020, 0x2020, 0x2010, 0x2010, 0x2010, 0x2010, 0x2010, 0x2020, 0x2020, 0x2020,
    0x2020, 0x2020, 0x2020, 0x2020, 0x2020, 0x2020, 0x2020, 0x2020, 0x0000, 0x2020, 0x2020, 0x2020, 0x2020, 0x2020, 0x2020, 0x2020,
    0x2020, 0x2020, 0x2020, 0x2020, 0x2020, 0x2020, 0x2020, 0x2020, 0x2020, 0x2020, 0x2020, 0x2020, 0x2020, 0x2020, 0x2020, 0x2020,
    0x2020, 0x2020, 0x2020, 0x2020, 0x2020, 0x2020, 0x2020, 0x2020, 0x2020, 0x2020, 0x2020, 0x2020, 0x2020, 0x0000, 0x0400, 0x0400,
    0x0400, 0x0400, 0x0400, 0x0400, 0x0400, 0x0400, 0x2020, 0x0400, 0x0400, 0x0400, 0x0400, 0x0400, 0x0400, 0x0000, 0x0400, 0x0400,
    0x4200, 0x4200, 0x4200, 0x4200, 0x4200, 0x0400, 0x0400, 0x0400, 0x0400, 0x4200, 0x4200, 0x0000, 0x0000, 0x0000, 0x0000, 0x0000,
    0x0000, 0x0000, 0x0000, 0x0000, 0x0000, 0x0000, 0x0000, 0x0000, 0x0000, 0x0000, 0x0000, 0x0000, 0x0000, 0x0000, 0x0000, 0x0000,
    0x0000, 0x0000, 0x0000, 0x0000, 0x0000, 0x0000, 0x0000, 0x0000, 0x0000, 0x0000, 0x0000, 0x0000, 0x0000, 0x0000, 0x0000, 0x0000,
    0x2010, 0x2010, 0x2010, 0x2010, 0x2010, 0x2010, 0x2010, 0x2010, 0x2010, 0x2010, 0x2010, 0x2010, 0x2010, 0x2010, 0x2010, 0x2010,
    0x2010, 0x2010, 0x2010, 0x2010, 0x2010, 0x2010, 0x2010, 0x2010, 0x2010, 0x2010, 0x2010, 0x2010, 0x2010, 0x2010, 0x2010, 0x2010,
    0x2010, 0x2010, 0x2010, 0x2010, 0x2010, 0x2010, 0x2010, 0x2010, 0x2010, 0x2010, 0x2010, 0x2020, 0x2020, 0x2020, 0x2020, 0x2020,
    0x2020, 0x2020, 0x2020, 0x2020, 0x2020, 0x2020, 0x2020, 0x2020, 0x2020, 0x2020, 0x2020, 0x2020, 0x2020, 0x2020, 0x2020, 0x2010,
    0x3840, 0x3840, 0x3840, 0x3840, 0x3840, 0x3840, 0x3840, 0x3840, 0x3840, 0x3840, 0x4200, 0x4200, 0x4200, 0x4200, 0x4200, 0x4200,
    0x2010, 0x2010, 0x2010, 0x2010, 0x2010, 0x2010, 0x2020, 0x2020, 0x2020, 0x2020, 0x2010, 0x2010, 0x2010, 0x2010, 0x2020, 0x2020,
    0x2020, 0x2010, 0x2020, 0x2020, 0x2020, 0x2010, 0x2010, 0x2020, 0x2020, 0x2020, 0x2020, 0x2020, 0x2020, 0x2020, 0x2010, 0x2010,
    0x2010, 0x2020, 0x2020, 0x2020, 0x2020, 0x2010, 0x2010, 0x2010, 0x2010, 0x2010, 0x2010, 0x2010, 0x2010, 0x2010, 0x2010, 0x2010,
    0x2010, 0x2010, 0x2020, 0x2020, 0x2020, 0x2020, 0x2020, 0x2020, 0x2020, 0x2020, 0x2020, 0x2020, 0x2020, 0x2020, 0x2010, 0x2020,
    0x3840, 0x3840, 0x3840, 0x3840, 0x3840, 0x3840, 0x3840, 0x3840, 0x3840, 0x3840, 0x2020, 0x2020, 0x2020, 0x2020, 0x0400, 0x0400,
    0x2001, 0x2001, 0x2001, 0x2001, 0x2001, 0x2001, 0x2001, 0x2001, 0x2001, 0x2001, 0x2001, 0x2001, 0x2001, 0x2001, 0x2001, 0x2001,
    0x2001, 0x2001, 0x2001, 0x2001, 0x2001, 0x2001, 0x2001, 0x2001, 0x2001, 0x2001, 0x2001, 0x2001, 0x2001, 0x2001, 0x2001, 0x2001,
    0x2001, 0x2001, 0x2001, 0x2001, 0x2001, 0x2001, 0x0000, 0x2001, 0x0000, 0x0000, 0x0000, 0x0000, 0x0000, 0x2001, 0x0000, 0x0000,
    0x2002, 0x2002, 0x2002, 0x2002, 0x2002, 0x2002, 0x2002, 0x2002, 0x2002, 0x2002, 0x2002, 0x2002, 0x2002, 0x2002, 0x2002, 0x2002,
    0x2002, 0x2002, 0x2002, 0x2002, 0x2002, 0x2002, 0x2002, 0x2002, 0x2002, 0x2002, 0x2002, 0x2002, 0x2002, 0x2002, 0x2002, 0x2002,
    0x2002, 0x2002, 0x2002, 0x2002, 0x2002, 0x2002, 0x2002, 0x2002, 0x2002, 0x2002, 0x2002, 0x4200, 0x2008, 0x2002, 0x2002, 0x2002,
    0x2010, 0x2010, 0x2010, 0x2010, 0x2010, 0x2010, 0x2010, 0x2010, 0x2010, 0x2010, 0x2010, 0x2010, 0x2010, 0x2010, 0x2010, 0x2010,
    0x2010, 0x2010, 0x2010, 0x2010, 0x2010, 0x2010, 0x2010, 0x2010, 0x2010, 0x2010, 0x2010, 0x2010, 0x2010, 0x2010, 0x2010, 0x2010,
    0x2010, 0x2010, 0x2010, 0x2010, 0x2010, 0x2010, 0x2010, 0x2010, 0x2010, 0x2010, 0x2010, 0x2010, 0x2010, 0x2010, 0x2010, 0x2010,
    0x2010, 0x2010, 0x2010, 0x2010, 0x2010, 0x2010, 0x2010, 0x2010, 0x2010, 0x2010, 0x2010, 0x2010, 0x2010, 0x2010, 0x2010, 0x2010,
    0x2010, 0x2010, 0x2010, 0x2010, 0x2010, 0x2010, 0x2010, 0x2010, 0x2010, 0x2010, 0x2010, 0x2010, 0x2010, 0x2010, 0x2010, 0x2010,
    0x2010, 0x2010, 0x2010, 0x2010, 0x2010, 0x2010, 0x2010, 0x2010, 0x2010, 0x2010, 0x2010, 0x2010, 0x2010, 0x2010, 0x2010, 0x2010,
    0x2010, 0x2010, 0x2010, 0x2010, 0x2010, 0x2010, 0x2010, 0x2010, 0x2010, 0x2010, 0x2010, 0x2010, 0x2010, 0x2010, 0x2010, 0x2010,
    0x2010, 0x2010, 0x2010, 0x2010, 0x2010, 0x2010, 0x2010, 0x2010, 0x2010, 0x2010, 0x2010, 0x2010, 0x2010, 0x2010, 0x2010, 0x2010,
    0x2010, 0x2010, 0x2010, 0x2010, 0x2010, 0x2010, 0x2010, 0x2010, 0x2010, 0x2010, 0x2010, 0x2010, 0x2010, 0x2010, 0x2010, 0x2010,
    0x2010, 0x2010, 0x2010, 0x2010, 0x2010, 0x2010, 0x2010, 0x2010, 0x2010, 0x2010, 0x2010, 0x2010, 0x2010, 0x2010, 0x2010, 0x2010,
    0x2010, 0x2010, 0x2010, 0x2010, 0x2010, 0x2010, 0x2010, 0x2010, 0x2010, 0x2010, 0x2010, 0x2010, 0x2010, 0x2010, 0x2010, 0x2010,
    0x2010, 0x2010, 0x2010, 0x2010, 0x2010, 0x2010, 0x2010, 0x2010, 0x2010, 0x2010, 0x2010, 0x2010, 0x2010, 0x2010, 0x2010, 0x2010,
    0x2010, 0x2010, 0x2010, 0x2010, 0x2010, 0x2010, 0x2010, 0x2010, 0x2010, 0x2010, 0x2010, 0x2010, 0x2010, 0x2010, 0x2010, 0x2010,
    0x2010, 0x2010, 0x2010, 0x2010, 0x2010, 0x2010, 0x2010, 0x2010, 0x2010, 0x2010, 0x2010, 0x2010, 0x2010, 0x2010, 0x2010, 0x2010,
    0x2010, 0x2010, 0x2010, 0x2010, 0x2010, 0x2010, 0x2010, 0x2010, 0x2010, 0x2010, 0x2010, 0x2010, 0x2010, 0x2010, 0x2010, 0x2010,
    0x2010, 0x2010, 0x2010, 0x2010, 0x2010, 0x2010, 0x2010, 0x2010, 0x2010, 0x2010, 0x2010, 0x2010, 0x2010, 0x2010, 0x2010, 0x2010,
    0x2010, 0x2010, 0x2010, 0x2010, 0x2010, 0x2010, 0x2010, 0x2010, 0x2010, 0x2010, 0x2010, 0x2010, 0x2010, 0x2010, 0x2010, 0x2010,
    0x2010, 0x2010, 0x2010, 0x2010, 0x2010, 0x2010, 0x2010, 0x2010, 0x2010, 0x2010, 0x2010, 0x2010, 0x2010, 0x2010, 0x2010, 0x2010,
    0x2010, 0x2010, 0x2010, 0x2010, 0x2010, 0x2010, 0x2010, 0x2010, 0x2010, 0x2010, 0x2010, 0x2010, 0x2010, 0x2010, 0x2010, 0x2010,
    0x2010, 0x2010, 0x2010, 0x2010, 0x2010, 0x2010, 0x2010, 0x2010, 0x2010, 0x2010, 0x2010, 0x2010, 0x2010, 0x2010, 0x2010, 0x2010,
    0x2010, 0x2010, 0x2010, 0x2010, 0x2010, 0x2010, 0x2010, 0x2010, 0x2010, 0x0000, 0x2010, 0x2010, 0x2010, 0x2010, 0x0000, 0x0000,
    0x2010, 0x2010, 0x2010, 0x2010, 0x2010, 0x2010, 0x2010, 0x0000, 0x2010, 0x0000, 0x2010, 0x2010, 0x2010, 0x2010, 0x0000, 0x0000,
    0x2010, 0x2010, 0x2010, 0x2010, 0x2010, 0x2010, 0x2010, 0x2010, 0x2010, 0x2010, 0x2010, 0x2010, 0x2010, 0x2010, 0x2010, 0x2010,
    0x2010, 0x2010, 0x2010, 0x2010, 0x2010, 0x2010, 0x2010, 0x2010, 0x2010, 0x2010, 0x2010, 0x2010, 0x2010, 0x2010, 0x2010, 0x2010,
    0x2010, 0x2010, 0x2010, 0x2010, 0x2010, 0x2010, 0x2010, 0x2010, 0x2010, 0x0000, 0x2010, 0x2010, 0x2010, 0x2010, 0x0000, 0x0000,
    0x2010, 0x2010, 0x2010, 0x2010, 0x2010, 0x2010, 0x2010, 0x2010, 0x2010, 0x2010, 0x2010, 0x2010, 0x2010, 0x2010, 0x2010, 0x2010,
    0x2010, 0x2010, 0x2010, 0x2010, 0x2010, 0x2010, 0x2010, 0x2010, 0x2010, 0x2010, 0x2010, 0x2010, 0x2010, 0x2010, 0x2010, 0x2010,
    0x2010, 0x0000, 0x2010, 0x2010, 0x2010, 0x2010, 0x0000, 0x0000, 0x2010, 0x2010, 0x2010, 0x2010, 0x2010, 0x2010, 0x2010, 0x0000,
    0x2010, 0x0000, 0x2010, 0x2010, 0x2010, 0x2010, 0x0000, 0x0000, 0x2010, 0x2010, 0x2010, 0x2010, 0x2010, 0x2010, 0x2010, 0x2010,
    0x2010, 0x2010, 0x2010, 0x2010, 0x2010, 0x2010, 0x2010, 0x0000, 0x2010, 0x2010, 0x2010, 0x2010, 0x2010, 0x2010, 0x2010, 0x2010,
    0x2010, 0x2010, 0x2010, 0x2010, 0x2010, 0x2010, 0x2010, 0x2010, 0x2010, 0x2010, 0x2010, 0x2010, 0x2010, 0x2010, 0x2010, 0x2010,
    0x2010, 0x2010, 0x2010, 0x2010, 0x2010, 0x2010, 0x2010, 0x2010, 0x2010, 0x2010, 0x2010, 0x2010, 0x2010, 0x2010, 0x2010, 0x2010,
    0x2010, 0x2010, 0x2010, 0x2010, 0x2010, 0x2010, 0x2010, 0x2010, 0x2010, 0x2010, 0x2010, 0x2010, 0x2010, 0x2010, 0x2010, 0x2010,
    0x2010, 0x0000, 0x2010, 0x2010, 0x2010, 0x2010, 0x0000, 0x0000, 0x2010, 0x2010, 0x2010, 0x2010, 0x2010, 0x2010, 0x2010, 0x2010,
    0x2010, 0x2010, 0x2010, 0x2010, 0x2010, 0x2010, 0x2010, 0x2010, 0x2010, 0x2010, 0x2010, 0x2010, 0x2010, 0x2010, 0x2010, 0x2010,
    0x2010, 0x2010, 0x2010, 0x2010, 0x2010, 0x2010, 0x2010, 0x2010, 0x2010, 0x2010, 0x2010, 0x2010, 0x2010, 0x2010, 0x2010, 0x2010,
    0x2010, 0x2010, 0x2010, 0x2010, 0x2010, 0x2010, 0x2010, 0x2010, 0x2010, 0x2010, 0x2010, 0x2010, 0x2010, 0x2010, 0x2010, 0x2010,
    0x2010, 0x2010, 0x2010, 0x2010, 0x2010, 0x2010, 0x2010, 0x2010, 0x2010, 0x2010, 0x2010, 0x0000, 0x0000, 0x2020, 0x2020, 0x2020,
    0x4200, 0x4200, 0x4200, 0x4200, 0x4200, 0x4200, 0x4200, 0x4200, 0x4200, 0x0840, 0x0840, 0x0840, 0x0840, 0x0840, 0x0840, 0x0840,
    0x0840, 0x0840, 0x0840, 0x0840, 0x0840, 0x0840, 0x0840, 0x0840, 0x0840, 0x0840, 0x0840, 0x0840, 0x0840, 0x0000, 0x0000, 0x0000,
    0x2010, 0x2010, 0x2010, 0x2010, 0x2010, 0x2010, 0x2010, 0x2010, 0x2010, 0x2010, 0x2010, 0x2010, 0x2010, 0x2010, 0x2010, 0x2010,
    0x0400, 0x0400, 0x0400, 0x0400, 0x0400, 0x0400, 0x0400, 0x0400, 0x0400, 0x0400, 0x0000, 0x0000, 0x0000, 0x0000, 0x0000, 0x0000,
    0x2001, 0x2001, 0x2001, 0x2001, 0x2001, 0x2001, 0x2001, 0x2001, 0x2001, 0x2001, 0x2001, 0x2001, 0x2001, 0x2001, 0x2001, 0x2001,
    0x2001, 0x2001, 0x2001, 0x2001, 0x2001, 0x2001, 0x2001, 0x2001, 0x2001, 0x2001, 0x2001, 0x2001, 0x2001, 0x2001, 0x2001, 0x2001,
    0x2001, 0x2001, 0x2001, 0x2001, 0x2001, 0x2001, 0x2001, 0x2001, 0x2001, 0x2001, 0x2001, 0x2001, 0x2001, 0x2001, 0x2001, 0x2001,
    0x2001, 0x2001, 0x2001, 0x2001, 0x2001, 0x2001, 0x2001, 0x2001, 0x2001, 0x2001, 0x2001, 0x2001, 0x2001, 0x2001, 0x2001, 0x2001,
    0x2001, 0x2001, 0x2001, 0x2001, 0x2001, 0x2001, 0x2001, 0x2001, 0x2001, 0x2001, 0x2001, 0x2001, 0x2001, 0x2001, 0x2001, 0x2001,
    0x2001, 0x2001, 0x2001, 0x2001, 0x2001, 0x2001, 0x0000, 0x0000, 0x2002, 0x2002, 0x2002, 0x2002, 0x2002, 0x2002, 0x0000, 0x0000,
    0x4200, 0x2010, 0x2010, 0x2010, 0x2010, 0x2010, 0x2010, 0x2010, 0x2010, 0x2010, 0x2010, 0x2010, 0x2010, 0x2010, 0x2010, 0x2010,
    0x2010, 0x2010, 0x2010, 0x2010, 0x2010, 0x2010, 0x2010, 0x2010, 0x2010, 0x2010, 0x2010, 0x2010, 0x2010, 0x2010, 0x2010, 0x2010,
    0x2010, 0x2010, 0x2010, 0x2010, 0x2010, 0x2010, 0x2010, 0x2010, 0x2010, 0x2010, 0x2010, 0x2010, 0x2010, 0x2010, 0x2010, 0x2010,
    0x2010, 0x2010, 0x2010, 0x2010, 0x2010, 0x2010, 0x2010, 0x2010, 0x2010, 0x2010, 0x2010, 0x2010, 0x2010, 0x2010, 0x2010, 0x2010,
    0x2010, 0x2010, 0x2010, 0x2010, 0x2010, 0x2010, 0x2010, 0x2010, 0x2010, 0x2010, 0x2010, 0x2010, 0x2010, 0x2010, 0x2010, 0x2010,
    0x2010, 0x2010, 0x2010, 0x2010, 0x2010, 0x2010, 0x2010, 0x2010, 0x2010, 0x2010, 0x2010, 0x2010, 0x2010, 0x2010, 0x2010, 0x2010,
    0x2010, 0x2010, 0x2010, 0x2010, 0x2010, 0x2010, 0x2010, 0x2010, 0x2010, 0x2010, 0x2010, 0x2010, 0x2010, 0x2010, 0x2010, 0x2010,
    0x2010, 0x2010, 0x2010, 0x2010, 0x2010, 0x2010, 0x2010, 0x2010, 0x2010, 0x2010, 0x2010, 0x2010, 0x2010, 0x2010, 0x2010, 0x2010,
    0x2010, 0x2010, 0x2010, 0x2010, 0x2010, 0x2010, 0x2010, 0x2010, 0x2010, 0x2010, 0x2010, 0x2010, 0x2010, 0x2010, 0x2010, 0x2010,
    0x2010, 0x2010, 0x2010, 0x2010, 0x2010, 0x2010, 0x2010, 0x2010, 0x2010, 0x2010, 0x2010, 0x2010, 0x2010, 0x2010, 0x2010, 0x2010,
    0x2010, 0x2010, 0x2010, 0x2010, 0x2010, 0x2010, 0x2010, 0x2010, 0x2010, 0x2010, 0x2010, 0x2010, 0x2010, 0x2010, 0x2010, 0x2010,
    0x2010, 0x2010, 0x2010, 0x2010, 0x2010, 0x2010, 0x2010, 0x2010, 0x2010, 0x2010, 0x2010, 0x2010, 0x2010, 0x2010, 0x2010, 0x2010,
    0x2010, 0x2010, 0x2010, 0x2010, 0x2010, 0x2010, 0x2010, 0x2010, 0x2010, 0x2010, 0x2010, 0x2010, 0x2010, 0x2010, 0x2010, 0x2010,
    0x2010, 0x2010, 0x2010, 0x2010, 0x2010, 0x2010, 0x2010, 0x2010, 0x2010, 0x2010, 0x2010, 0x2010, 0x2010, 0x2010, 0x2010, 0x2010,
    0x2010, 0x2010, 0x2010, 0x2010, 0x2010, 0x2010, 0x2010, 0x2010, 0x2010, 0x2010, 0x2010, 0x2010, 0x2010, 0x2010, 0x2010, 0x2010,
    0x2010, 0x2010, 0x2010, 0x2010, 0x2010, 0x2010, 0x2010, 0x2010, 0x2010, 0x2010, 0x2010, 0x2010, 0x2010, 0x2010, 0x2010, 0x2010,
    0x2010, 0x2010, 0x2010, 0x2010, 0x2010, 0x2010, 0x2010, 0x2010, 0x2010, 0x2010, 0x2010, 0x2010, 0x2010, 0x2010, 0x2010, 0x2010,
    0x2010, 0x2010, 0x2010, 0x2010, 0x2010, 0x2010, 0x2010, 0x2010, 0x2010, 0x2010, 0x2010, 0x2010, 0x2010, 0x2010, 0x2010, 0x2010,
    0x2010, 0x2010, 0x2010, 0x2010, 0x2010, 0x2010, 0x2010, 0x2010, 0x2010, 0x2010, 0x2010, 0x2010, 0x2010, 0x2010, 0x2010, 0x2010,
    0x2010, 0x2010, 0x2010, 0x2010, 0x2010, 0x2010, 0x2010, 0x2010, 0x2010, 0x2010, 0x2010, 0x2010, 0x2010, 0x2010, 0x2010, 0x2010,
    0x2010, 0x2010, 0x2010, 0x2010, 0x2010, 0x2010, 0x2010, 0x2010, 0x2010, 0x2010, 0x2010, 0x2010, 0x2010, 0x2010, 0x2010, 0x2010,
    0x2010, 0x2010, 0x2010, 0x2010, 0x2010, 0x2010, 0x2010, 0x2010, 0x2010, 0x2010, 0x2010, 0x2010, 0x2010, 0x2010, 0x2010, 0x2010,
    0x2010, 0x2010, 0x2010, 0x2010, 0x2010, 0x2010, 0x2010, 0x2010, 0x2010, 0x2010, 0x2010, 0x2010, 0x2010, 0x4400, 0x4200, 0x2010,
    0x2010, 0x2010, 0x2010, 0x2010, 0x2010, 0x2010, 0x2010, 0x2010, 0x2010, 0x2010, 0x2010, 0x2010, 0x2010, 0x2010, 0x2010, 0x2010,
    0x0080, 0x2010, 0x2010, 0x2010, 0x2010, 0x2010, 0x2010, 0x2010, 0x2010, 0x2010, 0x2010, 0x2010, 0x2010, 0x2010, 0x2010, 0x2010,
    0x2010, 0x2010, 0x2010, 0x2010, 0x2010, 0x2010, 0x2010, 0x2010, 0x2010, 0x2010, 0x2010, 0x4200, 0x4200, 0x0000, 0x0000, 0x0000,
    0x2010, 0x2010, 0x2010, 0x2010, 0x2010, 0x2010, 0x2010, 0x2010, 0x2010, 0x2010, 0x2010, 0x2010, 0x2010, 0x2010, 0x2010, 0x2010,
    0x2010, 0x2010, 0x2010, 0x2010, 0x2010, 0x2010, 0x2010, 0x2010, 0x2010, 0x2010, 0x2010, 0x2010, 0x2010, 0x2010, 0x2010, 0x2010,
    0x2010, 0x2010, 0x2010, 0x2010, 0x2010, 0x2010, 0x2010, 0x2010, 0x2010, 0x2010, 0x2010, 0x2010, 0x2010, 0x2010, 0x2010, 0x2010,
    0x2010, 0x2010, 0x2010, 0x2010, 0x2010, 0x2010, 0x2010, 0x2010, 0x2010, 0x2010, 0x2010, 0x2010, 0x2010, 0x2010, 0x2010, 0x2010,
    0x2010, 0x2010, 0x2010, 0x2010, 0x2010, 0x2010, 0x2010, 0x2010, 0x2010, 0x2010, 0x2010, 0x4200, 0x4200, 0x4200, 0x2840, 0x2840,
    0x2840, 0x2010, 0x2010, 0x2010, 0x2010, 0x2010, 0x2010, 0x2010, 0x2010, 0x0000, 0x0000, 0x0000, 0x0000, 0x0000, 0x0000, 0x0000,
    0x2010, 0x2010, 0x2010, 0x2010, 0x2010, 0x2010, 0x2010, 0x2010, 0x2010, 0x2010, 0x2010, 0x2010, 0x2010, 0x2010, 0x2010, 0x2010,
    0x2010, 0x2010, 0x2020, 0x2020, 0x2020, 0x2020, 0x0000, 0x0000, 0x0000, 0x0000, 0x0000, 0x0000, 0x0000, 0x0000, 0x0000, 0x2010,
    0x2010, 0x2010, 0x2010, 0x2010, 0x2010, 0x2010, 0x2010, 0x2010, 0x2010, 0x2010, 0x2010, 0x2010, 0x2010, 0x2010, 0x2010, 0x2010,
    0x2010, 0x2010, 0x2020, 0x2020, 0x2020, 0x4200, 0x4200, 0x0000, 0x0000, 0x0000, 0x0000, 0x0000, 0x0000, 0x0000, 0x0000, 0x0000,
    0x2010, 0x2010, 0x2010, 0x2010, 0x2010, 0x2010, 0x2010, 0x2010, 0x2010, 0x2010, 0x2010, 0x2010, 0x2010, 0x2010, 0x2010, 0x2010,
    0x2010, 0x2010, 0x2020, 0x2020, 0x0000, 0x0000, 0x0000, 0x0000, 0x0000, 0x0000, 0x0000, 0x0000, 0x0000, 0x0000, 0x0000, 0x0000,
    0x2010, 0x2010, 0x2010, 0x2010, 0x2010, 0x2010, 0x2010, 0x2010, 0x2010, 0x2010, 0x2010, 0x2010, 0x2010, 0x0000, 0x2010, 0x2010,
    0x2010, 0x0000, 0x2020, 0x2020, 0x0000, 0x0000, 0x0000, 0x0000, 0x0000, 0x0000, 0x0000, 0x0000, 0x0000, 0x0000, 0x0000, 0x0000,
    0x2010, 0x2010, 0x2010, 0x2010, 0x2010, 0x2010, 0x2010, 0x2010, 0x2010, 0x2010, 0x2010, 0x2010, 0x2010, 0x2010, 0x2010, 0x2010,
    0x2010, 0x2010, 0x2010, 0x2010, 0x2010, 0x2010, 0x2010, 0x2010, 0x2010, 0x2010, 0x2010, 0x2010, 0x2010, 0x2010, 0x2010, 0x2010,
    0x2010, 0x2010, 0x2010, 0x2010, 0x2010, 0x2010, 0x2010, 0x2010, 0x2010, 0x2010, 0x2010, 0x2010, 0x2010, 0x2010, 0x2010, 0x2010,
    0x2010, 0x2010, 0x2010, 0x2010, 0x2020, 0x2020, 0x2020, 0x2020, 0x2020, 0x2020, 0x2020, 0x2020, 0x2020, 0x2020, 0x2020, 0x2020,
    0x2020, 0x2020, 0x2020, 0x2020, 0x2020, 0x2020, 0x2020, 0x2020, 0x2020, 0x2020, 0x2020, 0x2020, 0x2020, 0x2020, 0x2020, 0x2020,
    0x2020, 0x2020, 0x2020, 0x2020, 0x4200, 0x4200, 0x4200, 0x2008, 0x4200, 0x4200, 0x4200, 0x0400, 0x2010, 0x2020, 0x0000, 0x0000,
    0x3840, 0x3840, 0x3840, 0x3840, 0x3840, 0x3840, 0x3840, 0x3840, 0x3840, 0x3840, 0x0000, 0x0000, 0x0000, 0x0000, 0x0000, 0x0000,
    0x0840, 0x0840, 0x0840, 0x0840, 0x0840, 0x0840, 0x0840, 0x0840, 0x0840, 0x0840, 0x0000, 0x0000, 0x0000, 0x0000, 0x0000, 0x0000,
    0x4200, 0x4200, 0x4200, 0x4200, 0x4200, 0x4200, 0x4200, 0x4200, 0x4200, 0x4200, 0x4200, 0x2020, 0x2020, 0x2020, 0x0000, 0x2020,
    0x3840, 0x3840, 0x3840, 0x3840, 0x3840, 0x3840, 0x3840, 0x3840, 0x3840, 0x3840, 0x0000, 0x0000, 0x0000, 0x0000, 0x0000, 0x0000,
    0x2010, 0x2010, 0x2010, 0x2010, 0x2010, 0x2010, 0x2010, 0x2010, 0x2010, 0x2010, 0x2010, 0x2010, 0x2010, 0x2010, 0x2010, 0x2010,
    0x2010, 0x2010, 0x2010, 0x2010, 0x2010, 0x2010, 0x2010, 0x2010, 0x2010, 0x2010, 0x2010, 0x2010, 0x2010, 0x2010, 0x2010, 0x2010,
    0x2010, 0x2010, 0x2010, 0x2008, 0x2010, 0x2010, 0x2010, 0x2010, 0x2010, 0x2010, 0x2010, 0x2010, 0x2010, 0x2010, 0x2010, 0x2010,
    0x2010, 0x2010, 0x2010, 0x2010, 0x2010, 0x2010, 0x2010, 0x2010, 0x2010, 0x2010, 0x2010, 0x2010, 0x2010, 0x2010, 0x2010, 0x2010,
    0x2010, 0x2010, 0x2010, 0x2010, 0x2010, 0x2010, 0x2010, 0x2010, 0x2010, 0x2010, 0x2010, 0x2010, 0x2010, 0x2010, 0x2010, 0x2010,
    0x2010, 0x2010, 0x2010, 0x2010, 0x2010, 0x2010, 0x2010, 0x2010, 0x2010, 0x0000, 0x0000, 0x0000, 0x0000, 0x0000, 0x0000, 0x0000,
    0x2010, 0x2010, 0x2010, 0x2010, 0x2010, 0x2020, 0x2020, 0x2010, 0x2010, 0x2010, 0x2010, 0x2010, 0x2010, 0x2010, 0x2010, 0x2010,
    0x2010, 0x2010, 0x2010, 0x2010, 0x2010, 0x2010, 0x2010, 0x2010, 0x2010, 0x2010, 0x2010, 0x2010, 0x2010, 0x2010, 0x2010, 0x2010,
    0x2010, 0x2010, 0x2010, 0x2010, 0x2010, 0x2010, 0x2010, 0x2010, 0x2010, 0x2020, 0x2010, 0x0000, 0x0000, 0x0000, 0x0000, 0x0000,
    0x2010, 0x2010, 0x2010, 0x2010, 0x2010, 0x2010, 0x2010, 0x2010, 0x2010, 0x2010, 0x2010, 0x2010, 0x2010, 0x2010, 0x2010, 0x2010,
    0x2010, 0x2010, 0x2010, 0x2010, 0x2010, 0x2010, 0x2010, 0x2010, 0x2010, 0x2010, 0x2010, 0x2010, 0x2010, 0x2010, 0x2010, 0x2010,
    0x2010, 0x2010, 0x2010, 0x2010, 0x2010, 0x2010, 0x2010, 0x2010, 0x2010, 0x2010, 0x2010, 0x2010, 0x2010, 0x2010, 0x2010, 0x2010,
    0x2010, 0x2010, 0x2010, 0x2010, 0x2010, 0x2010, 0x2010, 0x2010, 0x2010, 0x2010, 0x2010, 0x2010, 0x2010, 0x2010, 0x2010, 0x2010,
    0x2010, 0x2010, 0x2010, 0x2010, 0x2010, 0x2010, 0x0000, 0x0000, 0x0000, 0x0000, 0x0000, 0x0000, 0x0000, 0x0000, 0x0000, 0x0000,
    0x2010, 0x2010, 0x2010, 0x2010, 0x2010, 0x2010, 0x2010, 0x2010, 0x2010, 0x2010, 0x2010, 0x2010, 0x2010, 0x2010, 0x2010, 0x2010,
    0x2010, 0x2010, 0x2010, 0x2010, 0x2010, 0x2010, 0x2010, 0x2010, 0x2010, 0x2010, 0x2010, 0x2010, 0x2010, 0x2010, 0x2010, 0x0000,
    0x2020, 0x2020, 0x2020, 0x2020, 0x2020, 0x2020, 0x2020, 0x2020, 0x2020, 0x2020, 0x2020, 0x2020, 0x0000, 0x0000, 0x0000, 0x0000,
    0x2020, 0x2020, 0x2020, 0x2020, 0x2020, 0x2020, 0x2020, 0x2020, 0x2020, 0x2020, 0x2020, 0x2020, 0x0000, 0x0000, 0x0000, 0x0000,
    0x0400, 0x0000, 0x0000, 0x0000, 0x4200, 0x4200, 0x3840, 0x3840, 0x3840, 0x3840, 0x3840, 0x3840, 0x3840, 0x3840, 0x3840, 0x3840,
    0x2010, 0x2010, 0x2010, 0x2010, 0x2010, 0x2010, 0x2010, 0x2010, 0x2010, 0x2010, 0x2010, 0x2010, 0x2010, 0x2010, 0x2010, 0x2010,
    0x2010, 0x2010, 0x2010, 0x2010, 0x2010, 0x2010, 0x2010, 0x2010, 0x2010, 0x2010, 0x2010, 0x2010, 0x2010, 0x2010, 0x0000, 0x0000,
    0x2010, 0x2010, 0x2010, 0x2010, 0x2010, 0x0000, 0x0000, 0x0000, 0x0000, 0x0000, 0x0000, 0x0000, 0x0000, 0x0000, 0x0000, 0x0000,
    0x2010, 0x2010, 0x2010, 0x2010, 0x2010, 0x2010, 0x2010, 0x2010, 0x2010, 0x2010, 0x2010, 0x2010, 0x2010, 0x2010, 0x2010, 0x2010,
    0x2010, 0x2010, 0x2010, 0x2010, 0x2010, 0x2010, 0x2010, 0x2010, 0x2010, 0x2010, 0x2010, 0x2010, 0x2010, 0x2010, 0x2010, 0x2010,
    0x2010, 0x2010, 0x2010, 0x2010, 0x2010, 0x2010, 0x2010, 0x2010, 0x2010, 0x2010, 0x2010, 0x2010, 0x0000, 0x0000, 0x0000, 0x0000,
    0x2010, 0x2010, 0x2010, 0x2010, 0x2010, 0x2010, 0x2010, 0x2010, 0x2010, 0x2010, 0x2010, 0x2010, 0x2010, 0x2010, 0x2010, 0x2010,
    0x2010, 0x2010, 0x2010, 0x2010, 0x2010, 0x2010, 0x2010, 0x2010, 0x2010, 0x2010, 0x0000, 0x0000, 0x0000, 0x0000, 0x0000, 0x0000,
    0x3840, 0x3840, 0x3840, 0x3840, 0x3840, 0x3840, 0x3840, 0x3840, 0x3840, 0x3840, 0x0840, 0x0000, 0x0000, 0x0000, 0x0400, 0x0400,
    0x0400, 0x0400, 0x0400, 0x0400, 0x0400, 0x0400, 0x0400, 0x0400, 0x0400, 0x0400, 0x0400, 0x0400, 0x0400, 0x0400, 0x0400, 0x0400,
    0x0400, 0x0400, 0x0400, 0x0400, 0x0400, 0x0400, 0x0400, 0x0400, 0x0400, 0x0400, 0x0400, 0x0400, 0x0400, 0x0400, 0x0400, 0x0400,
    0x2010, 0x2010, 0x2010, 0x2010, 0x2010, 0x2010, 0x2010, 0x2010, 0x2010, 0x2010, 0x2010, 0x2010, 0x2010, 0x2010, 0x2010, 0x2010,
    0x2010, 0x2010, 0x2010, 0x2010, 0x2010, 0x2010, 0x2010, 0x2020, 0x2020, 0x2020, 0x2020, 0x2020, 0x0000, 0x0000, 0x4200, 0x4200,
    0x2010, 0x2010, 0x2010, 0x2010, 0x2010, 0x2010, 0x2010, 0x2010, 0x2010, 0x2010, 0x2010, 0x2010, 0x2010, 0x2010, 0x2010, 0x2010,
    0x2010, 0x2010, 0x2010, 0x2010, 0x2010, 0x2010, 0x2010, 0x2010, 0x2010, 0x2010, 0x2010, 0x2010, 0x2010, 0x2010, 0x2010, 0x2010,
    0x2010, 0x2010, 0x2010, 0x2010, 0x2010, 0x2010, 0x2010, 0x2010, 0x2010, 0x2010, 0x2010, 0x2010, 0x2010, 0x2010, 0x2010, 0x2010,
    0x2010, 0x2010, 0x2010, 0x2010, 0x2010, 0x2020, 0x2020, 0x2020, 0x2020, 0x2020, 0x2020, 0x2020, 0x2020, 0x2020, 0x2020, 0x0000,
    0x2020, 0x2020, 0x2020, 0x2020, 0x2020, 0x2020, 0x2020, 0x2020, 0x2020, 0x2020, 0x2020, 0x2020, 0x2020, 0x2020, 0x2020, 0x2020,
    0x2020, 0x2020, 0x2020, 0x2020, 0x2020, 0x2020, 0x2020, 0x2020, 0x2020, 0x2020, 0x2020, 0x2020, 0x2020, 0x0000, 0x0000, 0x2020,
    0x3840, 0x3840, 0x3840, 0x3840, 0x3840, 0x3840, 0x3840, 0x3840, 0x3840, 0x3840, 0x0000, 0x0000, 0x0000, 0x0000, 0x0000, 0x0000,
    0x3840, 0x3840, 0x3840, 0x3840, 0x3840, 0x3840, 0x3840, 0x3840, 0x3840, 0x3840, 0x0000, 0x0000, 0x0000, 0x0000, 0x0000, 0x0000,
    0x4200, 0x4200, 0x4200, 0x4200, 0x4200, 0x4200, 0x4200, 0x2008, 0x4200, 0x4200, 0x4200, 0x4200, 0x4200, 0x4200, 0x0000, 0x0000,
    0x2020, 0x2020, 0x2020, 0x2020, 0x2020, 0x2020, 0x2020, 0x2020, 0x2020, 0x2020, 0x2020, 0x2020, 0x2020, 0x2020, 0x2020, 0x2020,
    0x2020, 0x2020, 0x2020, 0x2020, 0x2020, 0x2020, 0x2020, 0x2020, 0x2020, 0x2020, 0x2020, 0x2020, 0x2020, 0x2020, 0x2020, 0x0000,
    0x0000, 0x0000, 0x0000, 0x0000, 0x0000, 0x0000, 0x0000, 0x0000, 0x0000, 0x0000, 0x0000, 0x0000, 0x0000, 0x0000, 0x0000, 0x0000,
    0x0000, 0x0000, 0x0000, 0x0000, 0x0000, 0x0000, 0x0000, 0x0000, 0x0000, 0x0000, 0x0000, 0x0000, 0x0000, 0x0000, 0x0000, 0x0000,
    0x0000, 0x0000, 0x0000, 0x0000, 0x0000, 0x0000, 0x0000, 0x0000, 0x0000, 0x0000, 0x0000, 0x0000, 0x0000, 0x0000, 0x0000, 0x0000,
    0x2020, 0x2020, 0x2020, 0x2020, 0x2020, 0x2010, 0x2010, 0x2010, 0x2010, 0x2010, 0x2010, 0x2010, 0x2010, 0x2010, 0x2010, 0x2010,
    0x2010, 0x2010, 0x2010, 0x2010, 0x2010, 0x2010, 0x2010, 0x2010, 0x2010, 0x2010, 0x2010, 0x2010, 0x2010, 0x2010, 0x2010, 0x2010,
    0x2010, 0x2010, 0x2010, 0x2010, 0x2010, 0x2010, 0x2010, 0x2010, 0x2010, 0x2010, 0x2010, 0x2010, 0x2010, 0x2010, 0x2010, 0x2010,
    0x2010, 0x2010, 0x2010, 0x2010, 0x2020, 0x2020, 0x2020, 0x2020, 0x2020, 0x2020, 0x2020, 0x2020, 0x2020, 0x2020, 0x2020, 0x2020,
    0x2020, 0x2020, 0x2020, 0x2020, 0x2020, 0x2010, 0x2010, 0x2010, 0x2010, 0x2010, 0x2010, 0x2010, 0x2010, 0x0000, 0x0200, 0x0200,
    0x3840, 0x3840, 0x3840, 0x3840, 0x3840, 0x3840, 0x3840, 0x3840, 0x3840, 0x3840, 0x4200, 0x4200, 0x4200, 0x4200, 0x4200, 0x4200,
    0x4200, 0x0400, 0x0400, 0x0400, 0x0400, 0x0400, 0x0400, 0x0400, 0x0400, 0x0400, 0x0400, 0x2020, 0x2020, 0x2020, 0x2020, 0x2020,
    0x2020, 0x2020, 0x2020, 0x2020, 0x0400, 0x0400, 0x0400, 0x0400, 0x0400, 0x0400, 0x0400, 0x0400, 0x0400, 0x0200, 0x0200, 0x0200,
    0x2020, 0x2020, 0x2020, 0x2010, 0x2010, 0x2010, 0x2010, 0x2010, 0x2010, 0x2010, 0x2010, 0x2010, 0x2010, 0x2010, 0x2010, 0x2010,
    0x2010, 0x2010, 0x2010, 0x2010, 0x2010, 0x2010, 0x2010, 0x2010, 0x2010, 0x2010, 0x2010, 0x2010, 0x2010, 0x2010, 0x2010, 0x2010,
    0x2010, 0x2020, 0x2020, 0x2020, 0x2020, 0x2020, 0x2020, 0x2020, 0x2020, 0x2020, 0x2020, 0x2020, 0x2020, 0x2020, 0x2010, 0x2010,
    0x3840, 0x3840, 0x3840, 0x3840, 0x3840, 0x3840, 0x3840, 0x3840, 0x3840, 0x3840, 0x2010, 0x2010, 0x2010, 0x2010, 0x2010, 0x2010,
    0x2010, 0x2010, 0x2010, 0x2010, 0x2010, 0x2010, 0x2010, 0x2010, 0x2010, 0x2010, 0x2010, 0x2010, 0x2010, 0x2010, 0x2010, 0x2010,
    0x2010, 0x2010, 0x2010, 0x2010, 0x2010, 0x2010, 0x2010, 0x2010, 0x2010, 0x2010, 0x2010, 0x2010, 0x2010, 0x2010, 0x2010, 0x2010,
    0x2010, 0x2010, 0x2010, 0x2010, 0x2010, 0x2010, 0x2020, 0x2020, 0x2020, 0x2020, 0x2020, 0x2020, 0x2020, 0x2020, 0x2020, 0x2020,
    0x2020, 0x2020, 0x2020, 0x2020, 0x0000, 0x0000, 0x0000, 0x0000, 0x0000, 0x0000, 0x0000, 0x0000, 0x4200, 0x4200, 0x4200, 0x4200,
    0x2010, 0x2010, 0x2010, 0x2010, 0x2010, 0x2010, 0x2010, 0x2010, 0x2010, 0x2010, 0x2010, 0x2010, 0x2010, 0x2010, 0x2010, 0x2010,
    0x2010, 0x2010, 0x2010, 0x2010, 0x2010, 0x2010, 0x2010, 0x2010, 0x2010, 0x2010, 0x2010, 0x2010, 0x2010, 0x2010, 0x2010, 0x2010,
    0x2010, 0x2010, 0x2010, 0x2010, 0x2020, 0x2020, 0x2020, 0x2020, 0x2020, 0x2020, 0x2020, 0x2020, 0x2020, 0x2020, 0x2020, 0x2020,
    0x2020, 0x2020, 0x2020, 0x2020, 0x2020, 0x2020, 0x2020, 0x2020, 0x0000, 0x0000, 0x0000, 0x4200, 0x4200, 0x4200, 0x4200, 0x4200,
    0x3840, 0x3840, 0x3840, 0x3840, 0x3840, 0x3840, 0x3840, 0x3840, 0x3840, 0x3840, 0x0000, 0x0000, 0x0000, 0x2010, 0x2010, 0x2010,
    0x3840, 0x3840, 0x3840, 0x3840, 0x3840, 0x3840, 0x3840, 0x3840, 0x3840, 0x3840, 0x2010, 0x2010, 0x2010, 0x2010, 0x2010, 0x2010,
    0x2010, 0x2010, 0x2010, 0x2010, 0x2010, 0x2010, 0x2010, 0x2010, 0x2010, 0x2010, 0x2010, 0x2010, 0x2010, 0x2010, 0x2010, 0x2010,
    0x2010, 0x2010, 0x2010, 0x2010, 0x2010, 0x2010, 0x2010, 0x2010, 0x2008, 0x2008, 0x2008, 0x2008, 0x2008, 0x2008, 0x4200, 0x4200,
    0x2002, 0x2002, 0x2002, 0x2002, 0x2002, 0x2002, 0x2002, 0x2002, 0x2002, 0x2001, 0x2002, 0x0000, 0x0000, 0x0000, 0x0000, 0x0000,
    0x2001, 0x2001, 0x2001, 0x2001, 0x2001, 0x2001, 0x2001, 0x2001, 0x2001, 0x2001, 0x2001, 0x2001, 0x2001, 0x2001, 0x2001, 0x2001,
    0x2001, 0x2001, 0x2001, 0x2001, 0x2001, 0x2001, 0x2001, 0x2001, 0x2001, 0x2001, 0x2001, 0x2001, 0x2001, 0x2001, 0x2001, 0x2001,
    0x2001, 0x2001, 0x2001, 0x2001, 0x2001, 0x2001, 0x2001, 0x2001, 0x2001, 0x2001, 0x2001, 0x0000, 0x0000, 0x2001, 0x2001, 0x2001,
    0x4200, 0x4200, 0x4200, 0x4200, 0x4200, 0x4200, 0x4200, 0x4200, 0x0000, 0x0000, 0x0000, 0x0000, 0x0000, 0x0000, 0x0000, 0x0000,
    0x2020, 0x2020, 0x2020, 0x4200, 0x2020, 0x2020, 0x2020, 0x2020, 0x2020, 0x2020, 0x2020, 0x2020, 0x2020, 0x2020, 0x2020, 0x2020,
    0x2020, 0x2020, 0x2020, 0x2020, 0x2020, 0x2020, 0x2020, 0x2020, 0x2020, 0x2010, 0x2010, 0x2010, 0x2010, 0x2020, 0x2010, 0x2010,
    0x2010, 0x2010, 0x2010, 0x2010, 0x2020, 0x2010, 0x2010, 0x2020, 0x2020, 0x2020, 0x2010, 0x0000, 0x0000, 0x0000, 0x0000, 0x0000,
    0x2002, 0x2002, 0x2002, 0x2002, 0x2002, 0x2002, 0x2002, 0x2002, 0x2002, 0x2002, 0x2002, 0x2002, 0x2002, 0x2002, 0x2002, 0x2002,
    0x2002, 0x2002, 0x2002, 0x2002, 0x2002, 0x2002, 0x2002, 0x2002, 0x2002, 0x2002, 0x2002, 0x2002, 0x2002, 0x2002, 0x2002, 0x2002,
    0x2002, 0x2002, 0x2002, 0x2002, 0x2002, 0x2002, 0x2002, 0x2002, 0x2002, 0x2002, 0x2002, 0x2002, 0x2008, 0x2008, 0x2008, 0x2008,
    0x2008, 0x2008, 0x2008, 0x2008, 0x2008, 0x2008, 0x2008, 0x2008, 0x2008, 0x2008, 0x2008, 0x2008, 0x2008, 0x2008, 0x2008, 0x2008,
    0x2008, 0x2008, 0x2008, 0x2008, 0x2008, 0x2008, 0x2008, 0x2008, 0x2008, 0x2008, 0x2008, 0x2008, 0x2008, 0x2008, 0x2008, 0x2008,
    0x2008, 0x2008, 0x2008, 0x2008, 0x2008, 0x2008, 0x2008, 0x2008, 0x2008, 0x2008, 0x2008, 0x2008, 0x2008, 0x2008, 0x2008, 0x2008,
    0x2008, 0x2008, 0x2008, 0x2008, 0x2008, 0x2008, 0x2008, 0x2008, 0x2008, 0x2008, 0x2008, 0x2002, 0x2002, 0x2002, 0x2002, 0x2002,
    0x2002, 0x2002, 0x2002, 0x2002, 0x2002, 0x2002, 0x2002, 0x2002, 0x2008, 0x2002, 0x2002, 0x2002, 0x2002, 0x2002, 0x2002, 0x2002,
    0x2002, 0x2002, 0x2002, 0x2002, 0x2002, 0x2002, 0x2002, 0x2002, 0x2002, 0x2002, 0x2002, 0x2002, 0x2002, 0x2002, 0x2002, 0x2002,
    0x2002, 0x2002, 0x2002, 0x2002, 0x2002, 0x2002, 0x2002, 0x2002, 0x2002, 0x2002, 0x2002, 0x2008, 0x2008, 0x2008, 0x2008, 0x2008,
    0x2008, 0x2008, 0x2008, 0x2008, 0x2008, 0x2008, 0x2008, 0x2008, 0x2008, 0x2008, 0x2008, 0x2008, 0x2008, 0x2008, 0x2008, 0x2008,
    0x2008, 0x2008, 0x2008, 0x2008, 0x2008, 0x2008, 0x2008, 0x2008, 0x2008, 0x2008, 0x2008, 0x2008, 0x2008, 0x2008, 0x2008, 0x2008,
    0x2020, 0x2020, 0x2020, 0x2020, 0x2020, 0x2020, 0x2020, 0x2020, 0x2020, 0x2020, 0x2020, 0x2020, 0x2020, 0x2020, 0x2020, 0x2020,
    0x2020, 0x2020, 0x2020, 0x2020, 0x2020, 0x2020, 0x2020, 0x2020, 0x2020, 0x2020, 0x2020, 0x2020, 0x2020, 0x2020, 0x2020, 0x2020,
    0x2020, 0x2020, 0x2020, 0x2020, 0x2020, 0x2020, 0x2020, 0x2020, 0x2020, 0x2020, 0x2020, 0x2020, 0x2020, 0x2020, 0x2020, 0x2020,
    0x2020, 0x2020, 0x2020, 0x2020, 0x2020, 0x2020, 0x2020, 0x2020, 0x2020, 0x2020, 0x2020, 0x2020, 0x2020, 0x2020, 0x2020, 0x2020,
    0x2001, 0x2002, 0x2001, 0x2002, 0x2001, 0x2002, 0x2001, 0x2002, 0x2001, 0x2002, 0x2001, 0x2002, 0x2001, 0x2002, 0x2001, 0x2002,
    0x2001, 0x2002, 0x2001, 0x2002, 0x2001, 0x2002, 0x2001, 0x2002, 0x2001, 0x2002, 0x2001, 0x2002, 0x2001, 0x2002, 0x2001, 0x2002,
    0x2001, 0x2002, 0x2001, 0x2002, 0x2001, 0x2002, 0x2001, 0x2002, 0x2001, 0x2002, 0x2001, 0x2002, 0x2001, 0x2002, 0x2001, 0x2002,
    0x2001, 0x2002, 0x2001, 0x2002, 0x2001, 0x2002, 0x2001, 0x2002, 0x2001, 0x2002, 0x2001, 0x2002, 0x2001, 0x2002, 0x2001, 0x2002,
    0x2001, 0x2002, 0x2001, 0x2002, 0x2001, 0x2002, 0x2001, 0x2002, 0x2001, 0x2002, 0x2001, 0x2002, 0x2001, 0x2002, 0x2001, 0x2002,
    0x2001, 0x2002, 0x2001, 0x2002, 0x2001, 0x2002, 0x2001, 0x2002, 0x2001, 0x2002, 0x2001, 0x2002, 0x2001, 0x2002, 0x2001, 0x2002,
    0x2001, 0x2002, 0x2001, 0x2002, 0x2001, 0x2002, 0x2001, 0x2002, 0x2001, 0x2002, 0x2001, 0x2002, 0x2001, 0x2002, 0x2001, 0x2002,
    0x2001, 0x2002, 0x2001, 0x2002, 0x2001, 0x2002, 0x2001, 0x2002, 0x2001, 0x2002, 0x2001, 0x2002, 0x2001, 0x2002, 0x2001, 0x2002,
    0x2001, 0x2002, 0x2001, 0x2002, 0x2001, 0x2002, 0x2001, 0x2002, 0x2001, 0x2002, 0x2001, 0x2002, 0x2001, 0x2002, 0x2001, 0x2002,
    0x2001, 0x2002, 0x2001, 0x2002, 0x2001, 0x2002, 0x2002, 0x2002, 0x2002, 0x2002, 0x2002, 0x2002, 0x2002, 0x2002, 0x2001, 0x2002,
    0x2001, 0x2002, 0x2001, 0x2002, 0x2001, 0x2002, 0x2001, 0x2002, 0x2001, 0x2002, 0x2001, 0x2002, 0x2001, 0x2002, 0x2001, 0x2002,
    0x2001, 0x2002, 0x2001, 0x2002, 0x2001, 0x2002, 0x2001, 0x2002, 0x2001, 0x2002, 0x2001, 0x2002, 0x2001, 0x2002, 0x2001, 0x2002,
    0x2001, 0x2002, 0x2001, 0x2002, 0x2001, 0x2002, 0x2001, 0x2002, 0x2001, 0x2002, 0x2001, 0x2002, 0x2001, 0x2002, 0x2001, 0x2002,
    0x2001, 0x2002, 0x2001, 0x2002, 0x2001, 0x2002, 0x2001, 0x2002, 0x2001, 0x2002, 0x2001, 0x2002, 0x2001, 0x2002, 0x2001, 0x2002,
    0x2001, 0x2002, 0x2001, 0x2002, 0x2001, 0x2002, 0x2001, 0x2002, 0x2001, 0x2002, 0x2001, 0x2002, 0x2001, 0x2002, 0x2001, 0x2002,
    0x2001, 0x2002, 0x2001, 0x2002, 0x2001, 0x2002, 0x2001, 0x2002, 0x2001, 0x2002, 0x2001, 0x2002, 0x2001, 0x2002, 0x2001, 0x2002,
    0x2002, 0x2002, 0x2002, 0x2002, 0x2002, 0x2002, 0x2002, 0x2002, 0x2001, 0x2001, 0x2001, 0x2001, 0x2001, 0x2001, 0x2001, 0x2001,
    0x2002, 0x2002, 0x2002, 0x2002, 0x2002, 0x2002, 0x0000, 0x0000, 0x2001, 0x2001, 0x2001, 0x2001, 0x2001, 0x2001, 0x0000, 0x0000,
    0x2002, 0x2002, 0x2002, 0x2002, 0x2002, 0x2002, 0x2002, 0x2002, 0x2001, 0x2001, 0x2001, 0x2001, 0x2001, 0x2001, 0x2001, 0x2001,
    0x2002, 0x2002, 0x2002, 0x2002, 0x2002, 0x2002, 0x2002, 0x2002, 0x2001, 0x2001, 0x2001, 0x2001, 0x2001, 0x2001, 0x2001, 0x2001,
    0x2002, 0x2002, 0x2002, 0x2002, 0x2002, 0x2002, 0x0000, 0x0000, 0x2001, 0x2001, 0x2001, 0x2001, 0x2001, 0x2001, 0x0000, 0x0000,
    0x2002, 0x2002, 0x2002, 0x2002, 0x2002, 0x2002, 0x2002, 0x2002, 0x0000, 0x2001, 0x0000, 0x2001, 0x0000, 0x2001, 0x0000, 0x2001,
    0x2002, 0x2002, 0x2002, 0x2002, 0x2002, 0x2002, 0x2002, 0x2002, 0x2001, 0x2001, 0x2001, 0x2001, 0x2001, 0x2001, 0x2001, 0x2001,
    0x2002, 0x2002, 0x2002, 0x2002, 0x2002, 0x2002, 0x2002, 0x2002, 0x2002, 0x2002, 0x2002, 0x2002, 0x2002, 0x2002, 0x0000, 0x0000,
    0x2002, 0x2002, 0x2002, 0x2002, 0x2002, 0x2002, 0x2002, 0x2002, 0x2004, 0x2004, 0x2004, 0x2004, 0x2004, 0x2004, 0x2004, 0x2004,
    0x2002, 0x2002, 0x2002, 0x2002, 0x2002, 0x2002, 0x2002, 0x2002, 0x2004, 0x2004, 0x2004, 0x2004, 0x2004, 0x2004, 0x2004, 0x2004,
    0x2002, 0x2002, 0x2002, 0x2002, 0x2002, 0x2002, 0x2002, 0x2002, 0x2004, 0x2004, 0x2004, 0x2004, 0x2004, 0x2004, 0x2004, 0x2004,
    0x2002, 0x2002, 0x2002, 0x2002, 0x2002, 0x0000, 0x2002, 0x2002, 0x2001, 0x2001, 0x2001, 0x2001, 0x2004, 0x0400, 0x2002, 0x0400,
    0x0400, 0x0400, 0x2002, 0x2002, 0x2002, 0x0000, 0x2002, 0x2002, 0x2001, 0x2001, 0x2001, 0x2001, 0x2004, 0x0400, 0x0400, 0x0400,
    0x2002, 0x2002, 0x2002, 0x2002, 0x0000, 0x0000, 0x2002, 0x2002, 0x2001, 0x2001, 0x2001, 0x2001, 0x0000, 0x0400, 0x0400, 0x0400,
    0x2002, 0x2002, 0x2002, 0x2002, 0x2002, 0x2002, 0x2002, 0x2002, 0x2001, 0x2001, 0x2001, 0x2001, 0x2001, 0x0400, 0x0400, 0x0400,
    0x0000, 0x0000, 0x2002, 0x2002, 0x2002, 0x0000, 0x2002, 0x2002, 0x2001, 0x2001, 0x2001, 0x2001, 0x2004, 0x0400, 0x0400, 0x0000,
    0x0080, 0x0080, 0x0080, 0x0080, 0x0080, 0x0080, 0x0080, 0x0080, 0x0080, 0x0080, 0x0080, 0x0000, 0x0000, 0x0000, 0x0000, 0x0000,
    0x4200, 0x4200, 0x4200, 0x4200, 0x4200, 0x4200, 0x4200, 0x4200, 0x4200, 0x4200, 0x4200, 0x4200, 0x4200, 0x4200, 0x4200, 0x4200,
    0x4200, 0x4200, 0x4200, 0x4200, 0x4200, 0x4200, 0x4200, 0x4200, 0x0080, 0x0080, 0x0000, 0x0000, 0x0000, 0x0000, 0x0000, 0x0080,
    0x4200, 0x4200, 0x4200, 0x4200, 0x4200, 0x4200, 0x4200, 0x4200, 0x4200, 0x4200, 0x4200, 0x4200, 0x4200, 0x4200, 0x4200, 0x6200,
    0x6200, 0x4200, 0x4200, 0x4200, 0x0400, 0x4200, 0x4200, 0x4200, 0x4200, 0x4200, 0x4200, 0x4200, 0x4200, 0x4200, 0x4200, 0x4200,
    0x4200, 0x4200, 0x0400, 0x4200, 0x6200, 0x4200, 0x4200, 0x4200, 0x4200, 0x4200, 0x4200, 0x4200, 0x4200, 0x4200, 0x4200, 0x0080,
    0x0000, 0x0000, 0x0000, 0x0000, 0x0000, 0x0000, 0x0000, 0x0000, 0x0000, 0x0000, 0x0000, 0x0000, 0x0000, 0x0000, 0x0000, 0x0000,
    0x0840, 0x2008, 0x0000, 0x0000, 0x0840, 0x0840, 0x0840, 0x0840, 0x0840, 0x0840, 0x0400, 0x0400, 0x0400, 0x4200, 0x4200, 0x2008,
    0x0840, 0x0840, 0x0840, 0x0840, 0x0840, 0x0840, 0x0840, 0x0840, 0x0840, 0x0840, 0x0400, 0x0400, 0x0400, 0x4200, 0x4200, 0x0000,
    0x2008, 0x2008, 0x2008, 0x2008, 0x2008, 0x2008, 0x2008, 0x2008, 0x2008, 0x2008, 0x2008, 0x2008, 0x2008, 0x0000, 0x0000, 0x0000,
    0x0400, 0x0400, 0x0400, 0x0400, 0x0400, 0x0400, 0x0400, 0x0400, 0x0400, 0x0400, 0x0400, 0x0400, 0x0400, 0x0400, 0x0400, 0x0400,
    0x0400, 0x0400, 0x0400, 0x0400, 0x0400, 0x0400, 0x0400, 0x0400, 0x0400, 0x0400, 0x0400, 0x0400, 0x0400, 0x0400, 0x0400, 0x0400,
    0x0400, 0x0000, 0x0000, 0x0000, 0x0000, 0x0000, 0x0000, 0x0000, 0x0000, 0x0000, 0x0000, 0x0000, 0x0000, 0x0000, 0x0000, 0x0000,
    0x2020, 0x2020, 0x2020, 0x2020, 0x2020, 0x2020, 0x2020, 0x2020, 0x2020, 0x2020, 0x2020, 0x2020, 0x2020, 0x2020, 0x2020, 0x2020,
    0x2020, 0x2020, 0x2020, 0x2020, 0x2020, 0x2020, 0x2020, 0x2020, 0x2020, 0x2020, 0x2020, 0x2020, 0x2020, 0x2020, 0x2020, 0x2020,
    0x2020, 0x0000, 0x0000, 0x0000, 0x0000, 0x0000, 0x0000, 0x0000, 0x0000, 0x0000, 0x0000, 0x0000, 0x0000, 0x0000, 0x0000, 0x0000,
    0x0400, 0x0400, 0x2001, 0x0400, 0x0400, 0x0400, 0x0400, 0x2001, 0x0400, 0x0400, 0x2002, 0x2001, 0x2001, 0x2001, 0x2002, 0x2002,
    0x2001, 0x2001, 0x2001, 0x2002, 0x0400, 0x2001, 0x0400, 0x0400, 0x0400, 0x2001, 0x2001, 0x2001, 0x2001, 0x2001, 0x0400, 0x0400,
    0x0400, 0x0400, 0x0400, 0x0400, 0x2001, 0x0400, 0x2001, 0x0400, 0x2001, 0x0400, 0x2001, 0x2001, 0x2001, 0x2001, 0x0400, 0x2002,
    0x2001, 0x2001, 0x2001, 0x2001, 0x2002, 0x2010, 0x2010, 0x2010, 0x2010, 0x2002, 0x0400, 0x0400, 0x2002, 0x2002, 0x2001, 0x2001,
    0x0400, 0x0400, 0x0400, 0x0400, 0x0400, 0x2001, 0x2002, 0x2002, 0x2002, 0x2002, 0x0400, 0x0400, 0x0400, 0x0400, 0x2002, 0x0400,
    0x0840, 0x0840, 0x0840, 0x0840, 0x0840, 0x0840, 0x0840, 0x0840, 0x0840, 0x0840, 0x0840, 0x0840, 0x0840, 0x0840, 0x0840, 0x0840,
    0x2840, 0x2840, 0x2840, 0x2840, 0x2840, 0x2840, 0x2840, 0x2840, 0x2840, 0x2840, 0x2840, 0x2840, 0x2840, 0x2840, 0x2840, 0x2840,
    0x2840, 0x2840, 0x2840, 0x2840, 0x2840, 0x2840, 0x2840, 0x2840, 0x2840, 0x2840, 0x2840, 0x2840, 0x2840, 0x2840, 0x2840, 0x2840,
    0x2840, 0x2840, 0x2840, 0x2001, 0x2002, 0x2840, 0x2840, 0x2840, 0x2840, 0x0840, 0x0400, 0x0400, 0x0000, 0x0000, 0x0000, 0x0000,
    0x0400, 0x0400, 0x0400, 0x0400, 0x0400, 0x0400, 0x0400, 0x0400, 0x0400, 0x0400, 0x0400, 0x0400, 0x0400, 0x0400, 0x0400, 0x0400,
    0x0400, 0x0400, 0x0400, 0x0400, 0x0400, 0x0400, 0x0400, 0x0400, 0x0400, 0x0400, 0x0400, 0x0400, 0x0400, 0x0400, 0x0400, 0x0400,
    0x0400, 0x0400, 0x0400, 0x0400, 0x0400, 0x0400, 0x0400, 0x0400, 0x0400, 0x0400, 0x0400, 0x0400, 0x0400, 0x0400, 0x0400, 0x0400,
    0x0400, 0x0400, 0x0400, 0x0400, 0x0400, 0x0400, 0x0400, 0x0400, 0x0400, 0x0400, 0x0400, 0x0400, 0x0400, 0x0400, 0x0400, 0x0400,
    0x0400, 0x0400, 0x0400, 0x0400, 0x0400, 0x0400, 0x0400, 0x0400, 0x0400, 0x0400, 0x0400, 0x0400, 0x0400, 0x0400, 0x0400, 0x0400,
    0x0400, 0x0400, 0x0400, 0x0400, 0x0400, 0x0400, 0x0400, 0x0400, 0x0400, 0x0400, 0x0400, 0x0400, 0x0400, 0x0400, 0x0400, 0x0400,
    0x0400, 0x0400, 0x0400, 0x0400, 0x0400, 0x0400, 0x0400, 0x0400, 0x0400, 0x0400, 0x0400, 0x0400, 0x0400, 0x0400, 0x0400, 0x0400,
    0x0400, 0x0400, 0x0400, 0x0400, 0x0400, 0x0400, 0x0400, 0x0400, 0x0400, 0x0400, 0x0400, 0x0400, 0x0400, 0x0400, 0x0400, 0x0400,
    0x0400, 0x0400, 0x0400, 0x0400, 0x0400, 0x0400, 0x0400, 0x0400, 0x0400, 0x0400, 0x0400, 0x0400, 0x0400, 0x0400, 0x0400, 0x0400,
    0x0400, 0x0400, 0x0400, 0x0400, 0x0400, 0x0400, 0x0400, 0x0400, 0x0400, 0x0400, 0x0400, 0x0400, 0x0400, 0x0400, 0x0400, 0x0400,
    0x0400, 0x0400, 0x0400, 0x0400, 0x0400, 0x0400, 0x0400, 0x0400, 0x0400, 0x0400, 0x0400, 0x0400, 0x0400, 0x0400, 0x0400, 0x0400,
    0x0400, 0x0400, 0x0400, 0x0400, 0x0400, 0x0400, 0x0400, 0x0400, 0x0400, 0x0400, 0x0400, 0x0400, 0x0400, 0x0400, 0x0400, 0x0400,
    0x0400, 0x0400, 0x0400, 0x0400, 0x0400, 0x0400, 0x0400, 0x0400, 0x0400, 0x0400, 0x0400, 0x0400, 0x0400, 0x0400, 0x0400, 0x0400,
    0x0400, 0x0400, 0x0400, 0x0400, 0x0400, 0x0400, 0x0400, 0x0400, 0x0400, 0x0400, 0x0400, 0x0400, 0x0400, 0x0400, 0x0400, 0x0400,
    0x0400, 0x0400, 0x0400, 0x0400, 0x0400, 0x0400, 0x0400, 0x0400, 0x0400, 0x0400, 0x0400, 0x0400, 0x0400, 0x0400, 0x0400, 0x0400,
    0x0400, 0x0400, 0x0400, 0x0400, 0x0400, 0x0400, 0x0400, 0x0400, 0x0400, 0x0400, 0x0400, 0x0400, 0x0400, 0x0400, 0x0400, 0x0400,
    0x0400, 0x0400, 0x0400, 0x0400, 0x0400, 0x0400, 0x0400, 0x0400, 0x0400, 0x0400, 0x0400, 0x0400, 0x0400, 0x0400, 0x0400, 0x0400,
    0x0400, 0x0400, 0x0400, 0x0400, 0x0400, 0x0400, 0x0400, 0x0400, 0x0400, 0x0400, 0x0400, 0x0400, 0x0400, 0x0400, 0x0400, 0x0400,
    0x0400, 0x0400, 0x0400, 0x0400, 0x0400, 0x0400, 0x0400, 0x0400, 0x0400, 0x0400, 0x0400, 0x0400, 0x0400, 0x0400, 0x0400, 0x0400,
    0x0400, 0x0400, 0x0400, 0x0400, 0x0400, 0x0400, 0x0400, 0x0400, 0x0400, 0x0400, 0x0400, 0x0400, 0x0400, 0x0400, 0x0400, 0x0400,
    0x0400, 0x0400, 0x0400, 0x0400, 0x0400, 0x0400, 0x0400, 0x0400, 0x0400, 0x0400, 0x0400, 0x0400, 0x0400, 0x0400, 0x0400, 0x0400,
    0x0400, 0x0400, 0x0400, 0x0400, 0x0400, 0x0400, 0x0400, 0x0400, 0x0400, 0x0400, 0x0400, 0x0400, 0x0400, 0x0400, 0x0400, 0x0400,
    0x0400, 0x0400, 0x0400, 0x0400, 0x0400, 0x0400, 0x0400, 0x0400, 0x0400, 0x0400, 0x0400, 0x0400, 0x0400, 0x0400, 0x0400, 0x0400,
    0x0400, 0x0400, 0x0400, 0x0400, 0x0400, 0x0400, 0x0400, 0x0400, 0x4200, 0x4200, 0x4200, 0x4200, 0x0400, 0x0400, 0x0400, 0x0400,
    0x0400, 0x0400, 0x0400, 0x0400, 0x0400, 0x0400, 0x0400, 0x0400, 0x0400, 0x0400, 0x0400, 0x0400, 0x0400, 0x0400, 0x0400, 0x0400,
    0x0400, 0x0400, 0x0400, 0x0400, 0x0400, 0x0400, 0x0400, 0x0400, 0x0400, 0x4200, 0x4200, 0x0400, 0x0400, 0x0400, 0x0400, 0x0400,
    0x0400, 0x0400, 0x0400, 0x0400, 0x0400, 0x0400, 0x0400, 0x0400, 0x0400, 0x0400, 0x0400, 0x0400, 0x0400, 0x0400, 0x0400, 0x0400,
    0x0400, 0x0400, 0x0400, 0x0400, 0x0400, 0x0400, 0x0400, 0x0400, 0x0400, 0x0400, 0x0400, 0x0400, 0x0400, 0x0400, 0x0400, 0x0400,
    0x0400, 0x0400, 0x0400, 0x0400, 0x0400, 0x0400, 0x0400, 0x0400, 0x0400, 0x0400, 0x0400, 0x0400, 0x0400, 0x0400, 0x0400, 0x0400,
    0x0400, 0x0400, 0x0400, 0x0400, 0x0400, 0x0400, 0x0400, 0x0400, 0x0400, 0x0400, 0x0400, 0x0400, 0x0400, 0x0400, 0x0400, 0x0400,
    0x0400, 0x0400, 0x0400, 0x0400, 0x0400, 0x0400, 0x0400, 0x0400, 0x0400, 0x0400, 0x0400, 0x0400, 0x0400, 0x0400, 0x0400, 0x0400,
    0x0400, 0x0400, 0x0400, 0x0400, 0x0400, 0x0400, 0x0400, 0x0400, 0x0400, 0x0400, 0x0400, 0x0400, 0x0400, 0x0400, 0x0400, 0x0400,
    0x0400, 0x0400, 0x0400, 0x0400, 0x0400, 0x0400, 0x0400, 0x0400, 0x0400, 0x0400, 0x0400, 0x0400, 0x0400, 0x0400, 0x0400, 0x0400,
    0x0400, 0x0400, 0x0400, 0x0400, 0x0400, 0x0400, 0x0400, 0x0400, 0x0400, 0x0400, 0x0400, 0x0400, 0x0400, 0x0400, 0x0400, 0x0400,
    0x0400, 0x0400, 0x0400, 0x0400, 0x0400, 0x0400, 0x0400, 0x0400, 0x0400, 0x0400, 0x0400, 0x0400, 0x0400, 0x0400, 0x0400, 0x0400,
    0x0400, 0x0400, 0x0400, 0x0400, 0x0400, 0x0400, 0x0400, 0x0400, 0x0400, 0x0400, 0x0400, 0x0400, 0x0400, 0x0400, 0x0400, 0x0400,
    0x0400, 0x0400, 0x0400, 0x0400, 0x0400, 0x0400, 0x0400, 0x0400, 0x0400, 0x0400, 0x0400, 0x0400, 0x0400, 0x0400, 0x0400, 0x0400,
    0x0400, 0x0400, 0x0400, 0x0400, 0x0400, 0x0400, 0x0400, 0x0400, 0x0400, 0x0400, 0x0400, 0x0400, 0x0400, 0x0400, 0x0400, 0x0400,
    0x0400, 0x0400, 0x0400, 0x0400, 0x0400, 0x0400, 0x0400, 0x0400, 0x0400, 0x0400, 0x0400, 0x0400, 0x0400, 0x0400, 0x0400, 0x0400,
    0x0400, 0x0400, 0x0400, 0x0400, 0x0400, 0x0400, 0x0400, 0x0400, 0x0400, 0x0400, 0x0400, 0x0400, 0x0400, 0x0400, 0x0400, 0x0400,
    0x0400, 0x0400, 0x0400, 0x0400, 0x0400, 0x0400, 0x0400, 0x0400, 0x0400, 0x0400, 0x0400, 0x0400, 0x0400, 0x0400, 0x0400, 0x0400,
    0x0400, 0x0400, 0x0400, 0x0400, 0x0400, 0x0400, 0x0400, 0x0400, 0x0400, 0x0400, 0x0000, 0x0000, 0x0000, 0x0000, 0x0000, 0x0000,
    0x0000, 0x0000, 0x0000, 0x0000, 0x0000, 0x0000, 0x0000, 0x0000, 0x0000, 0x0000, 0x0000, 0x0000, 0x0000, 0x0000, 0x0000, 0x0000,
    0x0400, 0x0400, 0x0400, 0x0400, 0x0400, 0x0400, 0x0400, 0x0400, 0x0400, 0x0400, 0x0400, 0x0000, 0x0000, 0x0000, 0x0000, 0x0000,
    0x0000, 0x0000, 0x0000, 0x0000, 0x0000, 0x0000, 0x0000, 0x0000, 0x0000, 0x0000, 0x0000, 0x0000, 0x0000, 0x0000, 0x0000, 0x0000,
    0x0840, 0x0840, 0x0840, 0x0840, 0x0840, 0x0840, 0x0840, 0x0840, 0x0840, 0x0840, 0x0840, 0x0840, 0x0840, 0x0840, 0x0840, 0x0840,
    0x0840, 0x0840, 0x0840, 0x0840, 0x0840, 0x0840, 0x0840, 0x0840, 0x0840, 0x0840, 0x0840, 0x0840, 0x0840, 0x0840, 0x0840, 0x0840,
    0x0840, 0x0840, 0x0840, 0x0840, 0x0840, 0x0840, 0x0840, 0x0840, 0x0840, 0x0840, 0x0840, 0x0840, 0x0840, 0x0840, 0x0840, 0x0840,
    0x0840, 0x0840, 0x0840, 0x0840, 0x0840, 0x0840, 0x0840, 0x0840, 0x0840, 0x0840, 0x0840, 0x0840, 0x0400, 0x0400, 0x0400, 0x0400,
    0x0400, 0x0400, 0x0400, 0x0400, 0x0400, 0x0400, 0x0400, 0x0400, 0x0400, 0x0400, 0x0400, 0x0400, 0x0400, 0x0400, 0x0400, 0x0400,
    0x0400, 0x0400, 0x0400, 0x0400, 0x0400, 0x0400, 0x2400, 0x2400, 0x2400, 0x2400, 0x2400, 0x2400, 0x2400, 0x2400, 0x2400, 0x2400,
    0x2400, 0x2400, 0x2400, 0x2400, 0x2400, 0x2400, 0x2400, 0x2400, 0x2400, 0x2400, 0x2400, 0x2400, 0x2400, 0x2400, 0x2400, 0x2400,
    0x2400, 0x2400, 0x2400, 0x2400, 0x2400, 0x2400, 0x2400, 0x2400, 0x2400, 0x2400, 0x2400, 0x2400, 0x2400, 0x2400, 0x2400, 0x2400,
    0x2400, 0x2400, 0x2400, 0x2400, 0x2400, 0x2400, 0x2400, 0x2400, 0x2400, 0x2400, 0x0840, 0x0840, 0x0840, 0x0840, 0x0840, 0x0840,
    0x0840, 0x0840, 0x0840, 0x0840, 0x0840, 0x0840, 0x0840, 0x0840, 0x0840, 0x0840, 0x0840, 0x0840, 0x0840, 0x0840, 0x0840, 0x0840,
    0x0400, 0x0400, 0x0400, 0x0400, 0x0400, 0x0400, 0x0400, 0x0400, 0x0400, 0x0400, 0x0400, 0x0400, 0x0400, 0x0400, 0x0400, 0x0400,
    0x0400, 0x0400, 0x0400, 0x0400, 0x0400, 0x0400, 0x0400, 0x0400, 0x0400, 0x0400, 0x0400, 0x0400, 0x0400, 0x0400, 0x0400, 0x0400,
    0x0400, 0x0400, 0x0400, 0x0400, 0x0400, 0x0400, 0x0400, 0x0400, 0x0400, 0x0400, 0x0400, 0x0400, 0x0400, 0x0400, 0x0400, 0x0400,
    0x0400, 0x0400, 0x0400, 0x0400, 0x0400, 0x0400, 0x0400, 0x0400, 0x0400, 0x0400, 0x0400, 0x0400, 0x0400, 0x0400, 0x0400, 0x0400,
    0x0400, 0x0400, 0x0400, 0x0400, 0x0400, 0x0400, 0x0400, 0x0400, 0x0400, 0x0400, 0x0400, 0x0400, 0x0400, 0x0400, 0x0400, 0x0400,
    0x0400, 0x0400, 0x0400, 0x0400, 0x0400, 0x0400, 0x0400, 0x0400, 0x0400, 0x0400, 0x0400, 0x0400, 0x0400, 0x0400, 0x0400, 0x0400,
    0x0400, 0x0400, 0x0400, 0x0400, 0x0400, 0x0400, 0x0400, 0x0400, 0x4200, 0x4200, 0x4200, 0x4200, 0x4200, 0x4200, 0x4200, 0x4200,
    0x4200, 0x4200, 0x4200, 0x4200, 0x4200, 0x4200, 0x0840, 0x0840, 0x0840, 0x0840, 0x0840, 0x0840, 0x0840, 0x0840, 0x0840, 0x0840,
    0x0840, 0x0840, 0x0840, 0x0840, 0x0840, 0x0840, 0x0840, 0x0840, 0x0840, 0x0840, 0x0840, 0x0840, 0x0840, 0x0840, 0x0840, 0x0840,
    0x0840, 0x0840, 0x0840, 0x0840, 0x0400, 0x0400, 0x0400, 0x0400, 0x0400, 0x0400, 0x0400, 0x0400, 0x0400, 0x0400, 0x0400, 0x0400,
    0x0400, 0x0400, 0x0400, 0x0400, 0x0400, 0x0400, 0x0400, 0x0400, 0x0400, 0x0400, 0x0400, 0x0400, 0x0400, 0x0400, 0x0400, 0x0400,
    0x0400, 0x0400, 0x0400, 0x0400, 0x0400, 0x0400, 0x0400, 0x0400, 0x0400, 0x0400, 0x0400, 0x0400, 0x0400, 0x0400, 0x0400, 0x0400,
    0x0400, 0x0400, 0x0400, 0x0400, 0x0400, 0x4200, 0x4200, 0x0400, 0x0400, 0x0400, 0x0400, 0x0400, 0x0400, 0x0400, 0x0400, 0x0400,
    0x0400, 0x0400, 0x0400, 0x0400, 0x0400, 0x0400, 0x0400, 0x0400, 0x0400, 0x0400, 0x0400, 0x0400, 0x0400, 0x0400, 0x0400, 0x0400,
    0x0400, 0x0400, 0x0400, 0x0400, 0x0400, 0x0400, 0x4200, 0x4200, 0x4200, 0x4200, 0x4200, 0x4200, 0x4200, 0x4200, 0x4200, 0x4200,
    0x0400, 0x0400, 0x0400, 0x0400, 0x0400, 0x0400, 0x0400, 0x0400, 0x0400, 0x0400, 0x0400, 0x0400, 0x0400, 0x0400, 0x0400, 0x0400,
    0x0400, 0x0400, 0x0400, 0x0400, 0x0400, 0x0400, 0x0400, 0x0400, 0x0400, 0x0400, 0x0400, 0x0400, 0x0400, 0x0400, 0x0400, 0x0400,
    0x0400, 0x0400, 0x0400, 0x0400, 0x0400, 0x0400, 0x0400, 0x0400, 0x0400, 0x0400, 0x0400, 0x0400, 0x0400, 0x0400, 0x0400, 0x0400,
    0x0400, 0x0400, 0x0400, 0x0400, 0x0400, 0x0400, 0x0400, 0x0400, 0x0400, 0x0400, 0x0400, 0x0400, 0x0400, 0x0400, 0x0400, 0x0400,
    0x0400, 0x0400, 0x0400, 0x0400, 0x0400, 0x0400, 0x0400, 0x0400, 0x0400, 0x0400, 0x0400, 0x0400, 0x0400, 0x0400, 0x0400, 0x0400,
    0x0400, 0x0400, 0x0400, 0x0400, 0x0400, 0x0400, 0x0400, 0x0400, 0x0400, 0x0400, 0x0400, 0x0400, 0x0400, 0x0400, 0x0400, 0x0400,
    0x0400, 0x0400, 0x0400, 0x0400, 0x0400, 0x0400, 0x0400, 0x0400, 0x0400, 0x0400, 0x0400, 0x0400, 0x0400, 0x0400, 0x0400, 0x0400,
    0x0400, 0x0400, 0x0400, 0x0400, 0x0400, 0x0400, 0x0400, 0x0400, 0x0400, 0x0400, 0x0400, 0x0400, 0x0400, 0x0400, 0x0400, 0x0400,
    0x0400, 0x0400, 0x0400, 0x0400, 0x0400, 0x0400, 0x0400, 0x0400, 0x0400, 0x0400, 0x0400, 0x0400, 0x0400, 0x0400, 0x0400, 0x0400,
    0x0400, 0x0400, 0x0400, 0x4200, 0x4200, 0x4200, 0x4200, 0x4200, 0x4200, 0x4200, 0x4200, 0x4200, 0x4200, 0x4200, 0x4200, 0x4200,
    0x4200, 0x4200, 0x4200, 0x4200, 0x4200, 0x4200, 0x4200, 0x4200, 0x4200, 0x0400, 0x0400, 0x0400, 0x0400, 0x0400, 0x0400, 0x0400,
    0x0400, 0x0400, 0x0400, 0x0400, 0x0400, 0x0400, 0x0400, 0x0400, 0x0400, 0x0400, 0x0400, 0x0400, 0x0400, 0x0400, 0x0400, 0x0400,
    0x0400, 0x0400, 0x0400, 0x0400, 0x0400, 0x0400, 0x0400, 0x0400, 0x0400, 0x0400, 0x0400, 0x0400, 0x0400, 0x0400, 0x0400, 0x0400,
    0x0400, 0x0400, 0x0400, 0x0400, 0x0400, 0x0400, 0x0400, 0x0400, 0x0400, 0x0400, 0x0400, 0x0400, 0x0400, 0x0400, 0x0400, 0x0400,
    0x0400, 0x0400, 0x0400, 0x0400, 0x0400, 0x0400, 0x0400, 0x0400, 0x4200, 0x4200, 0x4200, 0x4200, 0x0400, 0x0400, 0x0400, 0x0400,
    0x0400, 0x0400, 0x0400, 0x0400, 0x0400, 0x0400, 0x0400, 0x0400, 0x0400, 0x0400, 0x0400, 0x0400, 0x0400, 0x0400, 0x0400, 0x0400,
    0x0400, 0x0400, 0x0400, 0x0400, 0x0400, 0x0400, 0x0400, 0x0400, 0x0400, 0x0400, 0x0400, 0x0400, 0x4200, 0x4200, 0x0400, 0x0400,
    0x0400, 0x0400, 0x0400, 0x0400, 0x0400, 0x0400, 0x0400, 0x0400, 0x0400, 0x0400, 0x0400, 0x0400, 0x0400, 0x0400, 0x0400, 0x0400,
    0x0400, 0x0400, 0x0400, 0x0400, 0x0400, 0x0400, 0x0400, 0x0400, 0x0400, 0x0400, 0x0400, 0x0400, 0x0400, 0x0400, 0x0400, 0x0400,
    0x0400, 0x0400, 0x0400, 0x0400, 0x0400, 0x0400, 0x0400, 0x0400, 0x0400, 0x0400, 0x0400, 0x0400, 0x0400, 0x0400, 0x0400, 0x0400,
    0x0400, 0x0400, 0x0400, 0x0400, 0x0400, 0x0400, 0x0400, 0x0400, 0x0400, 0x0400, 0x0400, 0x0400, 0x0400, 0x0400, 0x0400, 0x0400,
    0x0400, 0x0400, 0x0400, 0x0400, 0x0400, 0x0400, 0x0400, 0x0400, 0x0400, 0x0400, 0x0400, 0x0400, 0x0400, 0x0400, 0x0400, 0x0400,
    0x0400, 0x0400, 0x0400, 0x0400, 0x0400, 0x0400, 0x0400, 0x0400, 0x0400, 0x0400, 0x0400, 0x0400, 0x0400, 0x0400, 0x0400, 0x0400,
    0x0400, 0x0400, 0x0400, 0x0400, 0x0400, 0x0400, 0x0400, 0x0400, 0x0400, 0x0400, 0x0400, 0x0400, 0x0400, 0x0400, 0x0400, 0x0400,
    0x0400, 0x0400, 0x0400, 0x0400, 0x0000, 0x0000, 0x0400, 0x0400, 0x0400, 0x0400, 0x0400, 0x0400, 0x0400, 0x0400, 0x0400, 0x0400,
    0x0400, 0x0400, 0x0400, 0x0400, 0x0400, 0x0400, 0x0400, 0x0400, 0x0400, 0x0400, 0x0400, 0x0400, 0x0400, 0x0400, 0x0400, 0x0400,
    0x0400, 0x0400, 0x0400, 0x0400, 0x0400, 0x0400, 0x0000, 0x0400, 0x0400, 0x0400, 0x0400, 0x0400, 0x0400, 0x0400, 0x0400, 0x0400,
    0x0400, 0x0400, 0x0400, 0x0400, 0x0400, 0x0400, 0x0400, 0x0400, 0x0400, 0x0400, 0x0400, 0x0400, 0x0400, 0x0400, 0x0400, 0x0400,
    0x0400, 0x0400, 0x0400, 0x0400, 0x0400, 0x0400, 0x0400, 0x0400, 0x0400, 0x0400, 0x0400, 0x0400, 0x0400, 0x0400, 0x0400, 0x0400,
    0x0400, 0x0400, 0x0400, 0x0400, 0x0400, 0x0400, 0x0400, 0x0400, 0x0400, 0x0400, 0x0400, 0x0400, 0x0400, 0x0400, 0x0400, 0x0400,
    0x0400, 0x0400, 0x0400, 0x0400, 0x0400, 0x0400, 0x0400, 0x0400, 0x0400, 0x0400, 0x0400, 0x0400, 0x0400, 0x0400, 0x0400, 0x0400,
    0x0400, 0x0400, 0x0400, 0x0400, 0x0400, 0x0400, 0x0400, 0x0400, 0x0400, 0x0400, 0x0400, 0x0400, 0x0400, 0x0400, 0x0400, 0x0400,
    0x0400, 0x0400, 0x0400, 0x0400, 0x0400, 0x0400, 0x0400, 0x0400, 0x0400, 0x0400, 0x0400, 0x0400, 0x0400, 0x0400, 0x0400, 0x0400,
    0x2001, 0x2001, 0x2001, 0x2001, 0x2001, 0x2001, 0x2001, 0x2001, 0x2001, 0x2001, 0x2001, 0x2001, 0x2001, 0x2001, 0x2001, 0x2001,
    0x2001, 0x2001, 0x2001, 0x2001, 0x2001, 0x2001, 0x2001, 0x2001, 0x2001, 0x2001, 0x2001, 0x2001, 0x2001, 0x2001, 0x2001, 0x2001,
    0x2001, 0x2001, 0x2001, 0x2001, 0x2001, 0x2001, 0x2001, 0x2001, 0x2001, 0x2001, 0x2001, 0x2001, 0x2001, 0x2001, 0x2001, 0x2001,
    0x2002, 0x2002, 0x2002, 0x2002, 0x2002, 0x2002, 0x2002, 0x2002, 0x2002, 0x2002, 0x2002, 0x2002, 0x2002, 0x2002, 0x2002, 0x2002,
    0x2002, 0x2002, 0x2002, 0x2002, 0x2002, 0x2002, 0x2002, 0x2002, 0x2002, 0x2002, 0x2002, 0x2002, 0x2002, 0x2002, 0x2002, 0x2002,
    0x2002, 0x2002, 0x2002, 0x2002, 0x2002, 0x2002, 0x2002, 0x2002, 0x2002, 0x2002, 0x2002, 0x2002, 0x2002, 0x2002, 0x2002, 0x2002,
    0x2001, 0x2002, 0x2001, 0x2001, 0x2001, 0x2002, 0x2002, 0x2001, 0x2002, 0x2001, 0x2002, 0x2001, 0x2002, 0x2001, 0x2001, 0x2001,
    0x2001, 0x2002, 0x2001, 0x2002, 0x2002, 0x2001, 0x2002, 0x2002, 0x2002, 0x2002, 0x2002, 0x2002, 0x2008, 0x2008, 0x2001, 0x2001,
    0x2001, 0x2002, 0x2001, 0x2002, 0x2001, 0x2002, 0x2001, 0x2002, 0x2001, 0x2002, 0x2001, 0x2002, 0x2001, 0x2002, 0x2001, 0x2002,
    0x2001, 0x2002, 0x2001, 0x2002, 0x2001, 0x2002, 0x2001, 0x2002, 0x2001, 0x2002, 0x2001, 0x2002, 0x2001, 0x2002, 0x2001, 0x2002,
    0x2001, 0x2002, 0x2001, 0x2002, 0x2001, 0x2002, 0x2001, 0x2002, 0x2001, 0x2002, 0x2001, 0x2002, 0x2001, 0x2002, 0x2001, 0x2002,
    0x2001, 0x2002, 0x2001, 0x2002, 0x2001, 0x2002, 0x2001, 0x2002, 0x2001, 0x2002, 0x2001, 0x2002, 0x2001, 0x2002, 0x2001, 0x2002,
    0x2001, 0x2002, 0x2001, 0x2002, 0x2001, 0x2002, 0x2001, 0x2002, 0x2001, 0x2002, 0x2001, 0x2002, 0x2001, 0x2002, 0x2001, 0x2002,
    0x2001, 0x2002, 0x2001, 0x2002, 0x2001, 0x2002, 0x2001, 0x2002, 0x2001, 0x2002, 0x2001, 0x2002, 0x2001, 0x2002, 0x2001, 0x2002,
    0x2001, 0x2002, 0x2001, 0x2002, 0x2002, 0x0400, 0x0400, 0x0400, 0x0400, 0x0400, 0x0400, 0x2001, 0x2002, 0x2001, 0x2002, 0x2020,
    0x2020, 0x2020, 0x2001, 0x2002, 0x0000, 0x0000, 0x0000, 0x0000, 0x0000, 0x4200, 0x4200, 0x4200, 0x4200, 0x0840, 0x4200, 0x4200,
    0x2002, 0x2002, 0x2002, 0x2002, 0x2002, 0x2002, 0x2002, 0x2002, 0x2002, 0x2002, 0x2002, 0x2002, 0x2002, 0x2002, 0x2002, 0x2002,
    0x2002, 0x2002, 0x2002, 0x2002, 0x2002, 0x2002, 0x2002, 0x2002, 0x2002, 0x2002, 0x2002, 0x2002, 0x2002, 0x2002, 0x2002, 0x2002,
    0x2002, 0x2002, 0x2002, 0x2002, 0x2002, 0x2002, 0x0000, 0x2002, 0x0000, 0x0000, 0x0000, 0x0000, 0x0000, 0x2002, 0x0000, 0x0000,
    0x2010, 0x2010, 0x2010, 0x2010, 0x2010, 0x2010, 0x2010, 0x2010, 0x2010, 0x2010, 0x2010, 0x2010, 0x2010, 0x2010, 0x2010, 0x2010,
    0x2010, 0x2010, 0x2010, 0x2010, 0x2010, 0x2010, 0x2010, 0x2010, 0x2010, 0x2010, 0x2010, 0x2010, 0x2010, 0x2010, 0x2010, 0x2010,
    0x2010, 0x2010, 0x2010, 0x2010, 0x2010, 0x2010, 0x2010, 0x2010, 0x2010, 0x2010, 0x2010, 0x2010, 0x2010, 0x2010, 0x2010, 0x2010,
    0x2010, 0x2010, 0x2010, 0x2010, 0x2010, 0x2010, 0x2010, 0x2010, 0x0000, 0x0000, 0x0000, 0x0000, 0x0000, 0x0000, 0x0000, 0x2008,
    0x4200, 0x0000, 0x0000, 0x0000, 0x0000, 0x0000, 0x0000, 0x0000, 0x0000, 0x0000, 0x0000, 0x0000, 0x0000, 0x0000, 0x0000, 0x2020,
    0x2010, 0x2010, 0x2010, 0x2010, 0x2010, 0x2010, 0x2010, 0x2010, 0x2010, 0x2010, 0x2010, 0x2010, 0x2010, 0x2010, 0x2010, 0x2010,
    0x2010, 0x2010, 0x2010, 0x2010, 0x2010, 0x2010, 0x2010, 0x0000, 0x0000, 0x0000, 0x0000, 0x0000, 0x0000, 0x0000, 0x0000, 0x0000,
    0x2010, 0x2010, 0x2010, 0x2010, 0x2010, 0x2010, 0x2010, 0x0000, 0x2010, 0x2010, 0x2010, 0x2010, 0x2010, 0x2010, 0x2010, 0x0000,
    0x2010, 0x2010, 0x2010, 0x2010, 0x2010, 0x2010, 0x2010, 0x0000, 0x2010, 0x2010, 0x2010, 0x2010, 0x2010, 0x2010, 0x2010, 0x0000,
    0x2010, 0x2010, 0x2010, 0x2010, 0x2010, 0x2010, 0x2010, 0x0000, 0x2010, 0x2010, 0x2010, 0x2010, 0x2010, 0x2010, 0x2010, 0x0000,
    0x2010, 0x2010, 0x2010, 0x2010, 0x2010, 0x2010, 0x2010, 0x0000, 0x2010, 0x2010, 0x2010, 0x2010, 0x2010, 0x2010, 0x2010, 0x0000,
    0x2020, 0x2020, 0x2020, 0x2020, 0x2020, 0x2020, 0x2020, 0x2020, 0x2020, 0x2020, 0x2020, 0x2020, 0x2020, 0x2020, 0x2020, 0x2020,
    0x2020, 0x2020, 0x2020, 0x2020, 0x2020, 0x2020, 0x2020, 0x2020, 0x2020, 0x2020, 0x2020, 0x2020, 0x2020, 0x2020, 0x2020, 0x2020,
    0x4200, 0x4200, 0x4200, 0x4200, 0x4200, 0x4200, 0x4200, 0x4200, 0x4200, 0x4200, 0x4200, 0x4200, 0x4200, 0x4200, 0x4200, 0x4200,
    0x4200, 0x4200, 0x4200, 0x4200, 0x4200, 0x4200, 0x4200, 0x4200, 0x4200, 0x4200, 0x4200, 0x4200, 0x4200, 0x4200, 0x4200, 0x4200,
    0x4200, 0x4200, 0x4200, 0x4200, 0x4200, 0x4200, 0x4200, 0x4200, 0x4200, 0x4200, 0x4200, 0x4200, 0x4200, 0x4200, 0x4200, 0x2008,
    0x4200, 0x4200, 0x4200, 0x4200, 0x4200, 0x4200, 0x4200, 0x4200, 0x4200, 0x4200, 0x4200, 0x4200, 0x4200, 0x4200, 0x4200, 0x4200,
    0x4200, 0x4200, 0x4200, 0x0200, 0x0200, 0x0200, 0x0200, 0x0200, 0x0200, 0x0200, 0x0200, 0x0200, 0x0200, 0x0200, 0x0200, 0x0200,
    0x0400, 0x0400, 0x0200, 0x0200, 0x0200, 0x0200, 0x0200, 0x0200, 0x0200, 0x0200, 0x0200, 0x0200, 0x0200, 0x0200, 0x0000, 0x0000,
    0x0000, 0x0000, 0x0000, 0x0000, 0x0000, 0x0000, 0x0000, 0x0000, 0x0000, 0x0000, 0x0000, 0x0000, 0x0000, 0x0000, 0x0000, 0x0000,
    0x0000, 0x0000, 0x0000, 0x0000, 0x0000, 0x0000, 0x0000, 0x0000, 0x0000, 0x0000, 0x0000, 0x0000, 0x0000, 0x0000, 0x0000, 0x0000,
    0x0400, 0x0400, 0x0400, 0x0400, 0x0400, 0x0400, 0x0400, 0x0400, 0x0400, 0x0400, 0x0400, 0x0400, 0x0400, 0x0400, 0x0400, 0x0400,
    0x0400, 0x0400, 0x0400, 0x0400, 0x0400, 0x0400, 0x0400, 0x0400, 0x0400, 0x0400, 0x0000, 0x0400, 0x0400, 0x0400, 0x0400, 0x0400,
    0x0400, 0x0400, 0x0400, 0x0400, 0x0400, 0x0400, 0x0400, 0x0400, 0x0400, 0x0400, 0x0400, 0x0400, 0x0400, 0x0400, 0x0400, 0x0400,
    0x0400, 0x0400, 0x0400, 0x0400, 0x0400, 0x0400, 0x0400, 0x0400, 0x0400, 0x0400, 0x0400, 0x0400, 0x0400, 0x0400, 0x0400, 0x0400,
    0x0400, 0x0400, 0x0400, 0x0400, 0x0400, 0x0400, 0x0400, 0x0400, 0x0400, 0x0400, 0x0400, 0x0400, 0x0400, 0x0400, 0x0400, 0x0400,
    0x0400, 0x0400, 0x0400, 0x0400, 0x0400, 0x0400, 0x0400, 0x0400, 0x0400, 0x0400, 0x0400, 0x0400, 0x0400, 0x0400, 0x0400, 0x0400,
    0x0400, 0x0400, 0x0400, 0x0400, 0x0400, 0x0400, 0x0400, 0x0400, 0x0400, 0x0400, 0x0400, 0x0400, 0x0400, 0x0400, 0x0400, 0x0400,
    0x0400, 0x0400, 0x0400, 0x0400, 0x0000, 0x0000, 0x0000, 0x0000, 0x0000, 0x0000, 0x0000, 0x0000, 0x0000, 0x0000, 0x0000, 0x0000,
    0x0400, 0x0400, 0x0400, 0x0400, 0x0400, 0x0400, 0x0400, 0x0400, 0x0400, 0x0400, 0x0400, 0x0400, 0x0400, 0x0400, 0x0400, 0x0400,
    0x0400, 0x0400, 0x0400, 0x0400, 0x0400, 0x0400, 0x0400, 0x0400, 0x0400, 0x0400, 0x0400, 0x0400, 0x0400, 0x0400, 0x0400, 0x0400,
    0x0400, 0x0400, 0x0400, 0x0400, 0x0400, 0x0400, 0x0400, 0x0400, 0x0400, 0x0400, 0x0400, 0x0400, 0x0400, 0x0400, 0x0400, 0x0400,
    0x0400, 0x0400, 0x0400, 0x0400, 0x0400, 0x0400, 0x0400, 0x0400, 0x0400, 0x0400, 0x0400, 0x0400, 0x0400, 0x0400, 0x0400, 0x0400,
    0x0400, 0x0400, 0x0400, 0x0400, 0x0400, 0x0400, 0x0400, 0x0400, 0x0400, 0x0400, 0x0400, 0x0400, 0x0400, 0x0400, 0x0400, 0x0400,
    0x0400, 0x0400, 0x0400, 0x0400, 0x0400, 0x0400, 0x0400, 0x0400, 0x0400, 0x0400, 0x0400, 0x0400, 0x0400, 0x0400, 0x0400, 0x0400,
    0x0400, 0x0400, 0x0400, 0x0400, 0x0400, 0x0400, 0x0400, 0x0400, 0x0400, 0x0400, 0x0400, 0x0400, 0x0400, 0x0400, 0x0400, 0x0400,
    0x0400, 0x0400, 0x0400, 0x0400, 0x0400, 0x0400, 0x0400, 0x0400, 0x0400, 0x0400, 0x0400, 0x0400, 0x0400, 0x0400, 0x0400, 0x0400,
    0x0400, 0x0400, 0x0400, 0x0400, 0x0400, 0x0400, 0x0400, 0x0400, 0x0400, 0x0400, 0x0400, 0x0400, 0x0400, 0x0400, 0x0400, 0x0400,
    0x0400, 0x0400, 0x0400, 0x0400, 0x0400, 0x0400, 0x0400, 0x0400, 0x0400, 0x0400, 0x0400, 0x0400, 0x0400, 0x0400, 0x0400, 0x0400,
    0x0400, 0x0400, 0x0400, 0x0400, 0x0400, 0x0400, 0x0400, 0x0400, 0x0400, 0x0400, 0x0400, 0x0400, 0x0400, 0x0400, 0x0400, 0x0400,
    0x0400, 0x0400, 0x0400, 0x0400, 0x0400, 0x0400, 0x0400, 0x0400, 0x0400, 0x0400, 0x0400, 0x0400, 0x0400, 0x0400, 0x0400, 0x0400,
    0x0400, 0x0400, 0x0400, 0x0400, 0x0400, 0x0400, 0x0400, 0x0400, 0x0400, 0x0400, 0x0400, 0x0400, 0x0400, 0x0400, 0x0400, 0x0400,
    0x0400, 0x0400, 0x0400, 0x0400, 0x0400, 0x0400, 0x0000, 0x0000, 0x0000, 0x0000, 0x0000, 0x0000, 0x0000, 0x0000, 0x0000, 0x0000,
    0x0000, 0x0000, 0x0000, 0x0000, 0x0000, 0x0000, 0x0000, 0x0000, 0x0000, 0x0000, 0x0000, 0x0000, 0x0000, 0x0000, 0x0000, 0x0000,
    0x0400, 0x0400, 0x0400, 0x0400, 0x0400, 0x0400, 0x0400, 0x0400, 0x0400, 0x0400, 0x0400, 0x0400, 0x0400, 0x0400, 0x0400, 0x0400,
    0x0080, 0x4200, 0x4200, 0x4200, 0x0400, 0x2008, 0x2010, 0x2840, 0x4200, 0x4200, 0x4200, 0x4200, 0x4200, 0x4200, 0x4200, 0x4200,
    0x4200, 0x4200, 0x0400, 0x0400, 0x4200, 0x4200, 0x4200, 0x4200, 0x4200, 0x4200, 0x4200, 0x4200, 0x4200, 0x4200, 0x4200, 0x4200,
    0x0400, 0x2840, 0x2840, 0x2840, 0x2840, 0x2840, 0x2840, 0x2840, 0x2840, 0x2840, 0x2020, 0x2020, 0x2020, 0x2020, 0x2020, 0x2020,
    0x4200, 0x2008, 0x2008, 0x2008, 0x2008, 0x2008, 0x0400, 0x0400, 0x2840, 0x2840, 0x2840, 0x2008, 0x2010, 0x4200, 0x0400, 0x0400,
    0x0000, 0x2010, 0x2010, 0x2010, 0x2010, 0x2010, 0x2010, 0x2010, 0x2010, 0x2010, 0x2010, 0x2010, 0x2010, 0x2010, 0x2010, 0x2010,
    0x2010, 0x2010, 0x2010, 0x2010, 0x2010, 0x2010, 0x2010, 0x2010, 0x2010, 0x2010, 0x2010, 0x2010, 0x2010, 0x2010, 0x2010, 0x2010,
    0x2010, 0x2010, 0x2010, 0x2010, 0x2010, 0x2010, 0x2010, 0x2010, 0x2010, 0x2010, 0x2010, 0x2010, 0x2010, 0x2010, 0x2010, 0x2010,
    0x2010, 0x2010, 0x2010, 0x2010, 0x2010, 0x2010, 0x2010, 0x2010, 0x2010, 0x2010, 0x2010, 0x2010, 0x2010, 0x2010, 0x2010, 0x2010,
    0x2010, 0x2010, 0x2010, 0x2010, 0x2010, 0x2010, 0x2010, 0x2010, 0x2010, 0x2010, 0x2010, 0x2010, 0x2010, 0x2010, 0x2010, 0x2010,
    0x2010, 0x2010, 0x2010, 0x2010, 0x2010, 0x2010, 0x2010, 0x0000, 0x0000, 0x2020, 0x2020, 0x0400, 0x0400, 0x2008, 0x2008, 0x2010,
    0x4200, 0x2010, 0x2010, 0x2010, 0x2010, 0x2010, 0x2010, 0x2010, 0x2010, 0x2010, 0x2010, 0x2010, 0x2010, 0x2010, 0x2010, 0x2010,
    0x2010, 0x2010, 0x2010, 0x2010, 0x2010, 0x2010, 0x2010, 0x2010, 0x2010, 0x2010, 0x2010, 0x2010, 0x2010, 0x2010, 0x2010, 0x2010,
    0x2010, 0x2010, 0x2010, 0x2010, 0x2010, 0x2010, 0x2010, 0x2010, 0x2010, 0x2010, 0x2010, 0x2010, 0x2010, 0x2010, 0x2010, 0x2010,
    0x2010, 0x2010, 0x2010, 0x2010, 0x2010, 0x2010, 0x2010, 0x2010, 0x2010, 0x2010, 0x2010, 0x2010, 0x2010, 0x2010, 0x2010, 0x2010,
    0x2010, 0x2010, 0x2010, 0x2010, 0x2010, 0x2010, 0x2010, 0x2010, 0x2010, 0x2010, 0x2010, 0x2010, 0x2010, 0x2010, 0x2010, 0x2010,
    0x2010, 0x2010, 0x2010, 0x2010, 0x2010, 0x2010, 0x2010, 0x2010, 0x2010, 0x2010, 0x2010, 0x4200, 0x2008, 0x2008, 0x2008, 0x2010,
    0x0000, 0x0000, 0x0000, 0x0000, 0x0000, 0x2010, 0x2010, 0x2010, 0x2010, 0x2010, 0x2010, 0x2010, 0x2010, 0x2010, 0x2010, 0x2010,
    0x2010, 0x2010, 0x2010, 0x2010, 0x2010, 0x2010, 0x2010, 0x2010, 0x2010, 0x2010, 0x2010, 0x2010, 0x2010, 0x2010, 0x2010, 0x2010,
    0x2010, 0x2010, 0x2010, 0x2010, 0x2010, 0x2010, 0x2010, 0x2010, 0x2010, 0x2010, 0x2010, 0x2010, 0x2010, 0x2010, 0x2010, 0x2010,
    0x0000, 0x2010, 0x2010, 0x2010, 0x2010, 0x2010, 0x2010, 0x2010, 0x2010, 0x2010, 0x2010, 0x2010, 0x2010, 0x2010, 0x2010, 0x2010,
    0x2010, 0x2010, 0x2010, 0x2010, 0x2010, 0x2010, 0x2010, 0x2010, 0x2010, 0x2010, 0x2010, 0x2010, 0x2010, 0x2010, 0x2010, 0x2010,
    0x2010, 0x2010, 0x2010, 0x2010, 0x2010, 0x2010, 0x2010, 0x2010, 0x2010, 0x2010, 0x2010, 0x2010, 0x2010, 0x2010, 0x2010, 0x2010,
    0x2010, 0x2010, 0x2010, 0x2010, 0x2010, 0x2010, 0x2010, 0x2010, 0x2010, 0x2010, 0x2010, 0x2010, 0x2010, 0x2010, 0x2010, 0x2010,
    0x2010, 0x2010, 0x2010, 0x2010, 0x2010, 0x2010, 0x2010, 0x2010, 0x2010, 0x2010, 0x2010, 0x2010, 0x2010, 0x2010, 0x2010, 0x2010,
    0x2010, 0x2010, 0x2010, 0x2010, 0x2010, 0x2010, 0x2010, 0x2010, 0x2010, 0x2010, 0x2010, 0x2010, 0x2010, 0x2010, 0x2010, 0x0000,
    0x0400, 0x0400, 0x0840, 0x0840, 0x0840, 0x0840, 0x0400, 0x0400, 0x0400, 0x0400, 0x0400, 0x0400, 0x0400, 0x0400, 0x0400, 0x0400,
    0x2010, 0x2010, 0x2010, 0x2010, 0x2010, 0x2010, 0x2010, 0x2010, 0x2010, 0x2010, 0x2010, 0x2010, 0x2010, 0x2010, 0x2010, 0x2010,
    0x2010, 0x2010, 0x2010, 0x2010, 0x2010, 0x2010, 0x2010, 0x2010, 0x2010, 0x2010, 0x2010, 0x2010, 0x2010, 0x2010, 0x2010, 0x2010,
    0x0400, 0x0400, 0x0400, 0x0400, 0x0400, 0x0400, 0x0400, 0x0400, 0x0400, 0x0400, 0x0400, 0x0400, 0x0400, 0x0400, 0x0400, 0x0400,
    0x0400, 0x0400, 0x0400, 0x0400, 0x0400, 0x0400, 0x0400, 0x0400, 0x0400, 0x0400, 0x0400, 0x0400, 0x0400, 0x0400, 0x0400, 0x0400,
    0x0400, 0x0400, 0x0400, 0x0400, 0x0400, 0x0400, 0x0000, 0x0000, 0x0000, 0x0000, 0x0000, 0x0000, 0x0000, 0x0000, 0x0000, 0x0400,
    0x2010, 0x2010, 0x2010, 0x2010, 0x2010, 0x2010, 0x2010, 0x2010, 0x2010, 0x2010, 0x2010, 0x2010, 0x2010, 0x2010, 0x2010, 0x2010,
    0x0400, 0x0400, 0x0400, 0x0400, 0x0400, 0x0400, 0x0400, 0x0400, 0x0400, 0x0400, 0x0400, 0x0400, 0x0400, 0x0400, 0x0400, 0x0400,
    0x0400, 0x0400, 0x0400, 0x0400, 0x0400, 0x0400, 0x0400, 0x0400, 0x0400, 0x0400, 0x0400, 0x0400, 0x0400, 0x0400, 0x0400, 0x0000,
    0x0840, 0x0840, 0x0840, 0x0840, 0x0840, 0x0840, 0x0840, 0x0840, 0x0840, 0x0840, 0x0400, 0x0400, 0x0400, 0x0400, 0x0400, 0x0400,
    0x0400, 0x0400, 0x0400, 0x0400, 0x0400, 0x0400, 0x0400, 0x0400, 0x0400, 0x0400, 0x0400, 0x0400, 0x0400, 0x0400, 0x0400, 0x0400,
    0x0400, 0x0400, 0x0400, 0x0400, 0x0400, 0x0400, 0x0400, 0x0400, 0x0840, 0x0840, 0x0840, 0x0840, 0x0840, 0x0840, 0x0840, 0x0840,
    0x0400, 0x0840, 0x0840, 0x0840, 0x0840, 0x0840, 0x0840, 0x0840, 0x0840, 0x0840, 0x0840, 0x0840, 0x0840, 0x0840, 0x0840, 0x0840,
    0x0400, 0x0400, 0x0400, 0x0400, 0x0400, 0x0400, 0x0400, 0x0400, 0x0400, 0x0400, 0x0400, 0x0400, 0x0400, 0x0400, 0x0400, 0x0400,
    0x0400, 0x0400, 0x0400, 0x0400, 0x0400, 0x0400, 0x0400, 0x0400, 0x0400, 0x0400, 0x0400, 0x0400, 0x0400, 0x0400, 0x0400, 0x0400,
    0x0840, 0x0840, 0x0840, 0x0840, 0x0840, 0x0840, 0x0840, 0x0840, 0x0840, 0x0840, 0x0400, 0x0400, 0x0400, 0x0400, 0x0400, 0x0400,
    0x0400, 0x0400, 0x0400, 0x0400, 0x0400, 0x0400, 0x0400, 0x0400, 0x0400, 0x0400, 0x0400, 0x0400, 0x0400, 0x0400, 0x0400, 0x0400,
    0x0400, 0x0400, 0x0400, 0x0400, 0x0400, 0x0400, 0x0400, 0x0400, 0x0400, 0x0400, 0x0400, 0x0400, 0x0400, 0x0400, 0x0400, 0x0400,
    0x0400, 0x0840, 0x0840, 0x0840, 0x0840, 0x0840, 0x0840, 0x0840, 0x0840, 0x0840, 0x0840, 0x0840, 0x0840, 0x0840, 0x0840, 0x0840,
    0x0400, 0x0400, 0x0400, 0x0400, 0x0400, 0x0400, 0x0400, 0x0400, 0x0400, 0x0400, 0x0400, 0x0400, 0x0400, 0x0400, 0x0400, 0x0400,
    0x0400, 0x0400, 0x0400, 0x0400, 0x0400, 0x0400, 0x0400, 0x0400, 0x0400, 0x0400, 0x0400, 0x0400, 0x0400, 0x0400, 0x0400, 0x0400,
    0x0400, 0x0400, 0x0400, 0x0400, 0x0400, 0x0400, 0x0400, 0x0400, 0x0400, 0x0400, 0x0400, 0x0400, 0x0400, 0x0400, 0x0400, 0x0400,
    0x0400, 0x0400, 0x0400, 0x0400, 0x0400, 0x0400, 0x0400, 0x0400, 0x0400, 0x0400, 0x0400, 0x0400, 0x0400, 0x0400, 0x0400, 0x0400,
    0x2010, 0x2010, 0x2010, 0x2010, 0x2010, 0x2010, 0x2010, 0x2010, 0x2010, 0x2010, 0x2010, 0x2010, 0x2010, 0x2010, 0x2010, 0x2010,
    0x2010, 0x2010, 0x2010, 0x2010, 0x2010, 0x2010, 0x2010, 0x2010, 0x2010, 0x2010, 0x2010, 0x2010, 0x2010, 0x2010, 0x2010, 0x2010,
    0x2010, 0x2010, 0x2010, 0x2010, 0x2010, 0x2010, 0x2010, 0x2010, 0x2010, 0x2010, 0x2010, 0x2010, 0x2010, 0x2010, 0x2010, 0x2010,
    0x2010, 0x2010, 0x2010, 0x2010, 0x2010, 0x2010, 0x2010, 0x2010, 0x2010, 0x2010, 0x2010, 0x2010, 0x2010, 0x2010, 0x2010, 0x2010,
    0x2010, 0x2010, 0x2010, 0x2010, 0x2010, 0x2010, 0x2010, 0x2010, 0x2010, 0x2010, 0x2010, 0x2010, 0x2010, 0x2010, 0x2010, 0x2010,
    0x2010, 0x2010, 0x2010, 0x2010, 0x2010, 0x2010, 0x2010, 0x2010, 0x2010, 0x2010, 0x2010, 0x2010, 0x2010, 0x2010, 0x2010, 0x2010,
    0x2010, 0x2010, 0x2010, 0x2010, 0x2010, 0x2010, 0x2010, 0x2010, 0x2010, 0x2010, 0x2010, 0x2010, 0x2010, 0x2010, 0x2010, 0x2010,
    0x2010, 0x2010, 0x2010, 0x2010, 0x2010, 0x2010, 0x2010, 0x2010, 0x2010, 0x2010, 0x2010, 0x2010, 0x2010, 0x2010, 0x2010, 0x2010,
    0x2010, 0x2010, 0x2010, 0x2010, 0x2010, 0x2010, 0x2010, 0x2010, 0x2010, 0x2010, 0x2010, 0x2010, 0x2010, 0x2010, 0x2010, 0x2010,
    0x2010, 0x2010, 0x2010, 0x2010, 0x2010, 0x2010, 0x2010, 0x2010, 0x2010, 0x2010, 0x2010, 0x2010, 0x2010, 0x2010, 0x2010, 0x2010,
    0x2010, 0x2010, 0x2010, 0x2010, 0x2010, 0x2010, 0x2010, 0x2010, 0x2010, 0x2010, 0x2010, 0x2010, 0x2010, 0x2010, 0x2010, 0x2010,
    0x2010, 0x2010, 0x2010, 0x2010, 0x2010, 0x2010, 0x2010, 0x2010, 0x2010, 0x2010, 0x2010, 0x2010, 0x2010, 0x2010, 0x2010, 0x2010,
    0x0400, 0x0400, 0x0400, 0x0400, 0x0400, 0x0400, 0x0400, 0x0400, 0x0400, 0x0400, 0x0400, 0x0400, 0x0400, 0x0400, 0x0400, 0x0400,
    0x0400, 0x0400, 0x0400, 0x0400, 0x0400, 0x0400, 0x0400, 0x0400, 0x0400, 0x0400, 0x0400, 0x0400, 0x0400, 0x0400, 0x0400, 0x0400,
    0x0400, 0x0400, 0x0400, 0x0400, 0x0400, 0x0400, 0x0400, 0x0400, 0x0400, 0x0400, 0x0400, 0x0400, 0x0400, 0x0400, 0x0400, 0x0400,
    0x0400, 0x0400, 0x0400, 0x0400, 0x0400, 0x0400, 0x0400, 0x0400, 0x0400, 0x0400, 0x0400, 0x0400, 0x0400, 0x0400, 0x0400, 0x0400,
    0x2010, 0x2010, 0x2010, 0x2010, 0x2010, 0x2010, 0x2010, 0x2010, 0x2010, 0x2010, 0x2010, 0x2010, 0x2010, 0x2010, 0x2010, 0x2010,
    0x2010, 0x2010, 0x2010, 0x2010, 0x2010, 0x2008, 0x2010, 0x2010, 0x2010, 0x2010, 0x2010, 0x2010, 0x2010, 0x2010, 0x2010, 0x2010,
    0x2010, 0x2010, 0x2010, 0x2010, 0x2010, 0x2010, 0x2010, 0x2010, 0x2010, 0x2010, 0x2010, 0x2010, 0x2010, 0x2010, 0x2010, 0x2010,
    0x2010, 0x2010, 0x2010, 0x2010, 0x2010, 0x2010, 0x2010, 0x2010, 0x2010, 0x2010, 0x2010, 0x2010, 0x2010, 0x2010, 0x2010, 0x2010,
    0x2010, 0x2010, 0x2010, 0x2010, 0x2010, 0x2010, 0x2010, 0x2010, 0x2010, 0x2010, 0x2010, 0x2010, 0x2010, 0x2010, 0x2010, 0x2010,
    0x2010, 0x2010, 0x2010, 0x2010, 0x2010, 0x2010, 0x2010, 0x2010, 0x2010, 0x2010, 0x2010, 0x2010, 0x2010, 0x2010, 0x2010, 0x2010,
    0x2010, 0x2010, 0x2010, 0x2010, 0x2010, 0x2010, 0x2010, 0x2010, 0x2010, 0x2010, 0x2010, 0x2010, 0x2010, 0x2010, 0x2010, 0x2010,
    0x2010, 0x2010, 0x2010, 0x2010, 0x2010, 0x2010, 0x2010, 0x2010, 0x2010, 0x2010, 0x2010, 0x2010, 0x2010, 0x2010, 0x2010, 0x2010,
    0x2010, 0x2010, 0x2010, 0x2010, 0x2010, 0x2010, 0x2010, 0x2010, 0x2010, 0x2010, 0x2010, 0x2010, 0x2010, 0x2010, 0x2010, 0x2010,
    0x2010, 0x2010, 0x2010, 0x2010, 0x2010, 0x2010, 0x2010, 0x2010, 0x2010, 0x2010, 0x2010, 0x2010, 0x2010, 0x2010, 0x2010, 0x2010,
    0x2010, 0x2010, 0x2010, 0x2010, 0x2010, 0x2010, 0x2010, 0x2010, 0x2010, 0x2010, 0x2010, 0x2010, 0x2010, 0x2010, 0x2010, 0x2010,
    0x2010, 0x2010, 0x2010, 0x2010, 0x2010, 0x2010, 0x2010, 0x2010, 0x2010, 0x2010, 0x2010, 0x2010, 0x2010, 0x2010, 0x2010, 0x2010,
    0x2010, 0x2010, 0x2010, 0x2010, 0x2010, 0x2010, 0x2010, 0x2010, 0x2010, 0x2010, 0x2010, 0x2010, 0x2010, 0x2010, 0x2010, 0x2010,
    0x2010, 0x2010, 0x2010, 0x2010, 0x2010, 0x2010, 0x2010, 0x2010, 0x2010, 0x2010, 0x2010, 0x2010, 0x2010, 0x2010, 0x2010, 0x2010,
    0x2010, 0x2010, 0x2010, 0x2010, 0x2010, 0x2010, 0x2010, 0x2010, 0x2010, 0x2010, 0x2010, 0x2010, 0x2010, 0x2010, 0x2010, 0x2010,
    0x2010, 0x2010, 0x2010, 0x2010, 0x2010, 0x2010, 0x2010, 0x2010, 0x2010, 0x2010, 0x2010, 0x2010, 0x2010, 0x2010, 0x2010, 0x2010,
    0x2010, 0x2010, 0x2010, 0x2010, 0x2010, 0x2010, 0x2010, 0x2010, 0x2010, 0x2010, 0x2010, 0x2010, 0x2010, 0x2010, 0x2010, 0x2010,
    0x2010, 0x2010, 0x2010, 0x2010, 0x2010, 0x2010, 0x2010, 0x2010, 0x2010, 0x2010, 0x2010, 0x2010, 0x2010, 0x2010, 0x2010, 0x2010,
    0x2010, 0x2010, 0x2010, 0x2010, 0x2010, 0x2010, 0x2010, 0x2010, 0x2010, 0x2010, 0x2010, 0x2010, 0x2010, 0x2010, 0x2010, 0x2010,
    0x2010, 0x2010, 0x2010, 0x2010, 0x2010, 0x2010, 0x2010, 0x2010, 0x2010, 0x2010, 0x2010, 0x2010, 0x2010, 0x2010, 0x2010, 0x2010,
    0x2010, 0x2010, 0x2010, 0x2010, 0x2010, 0x2010, 0x2010, 0x2010, 0x2010, 0x2010, 0x2010, 0x2010, 0x2010, 0x2010, 0x2010, 0x2010,
    0x2010, 0x2010, 0x2010, 0x2010, 0x2010, 0x2010, 0x2010, 0x2010, 0x2010, 0x2010, 0x2010, 0x2010, 0x2010, 0x2010, 0x2010, 0x2010,
    0x2010, 0x2010, 0x2010, 0x2010, 0x2010, 0x2010, 0x2010, 0x2010, 0x2010, 0x2010, 0x2010, 0x2010, 0x2010, 0x2010, 0x2010, 0x2010,
    0x2010, 0x2010, 0x2010, 0x2010, 0x2010, 0x2010, 0x2010, 0x2010, 0x2010, 0x2010, 0x2010, 0x2010, 0x2010, 0x2010, 0x2010, 0x2010,
    0x2010, 0x2010, 0x2010, 0x2010, 0x2010, 0x2010, 0x2010, 0x2010, 0x2010, 0x2010, 0x2010, 0x2010, 0x2010, 0x0000, 0x0000, 0x0000,
    0x0400, 0x0400, 0x0400, 0x0400, 0x0400, 0x0400, 0x0400, 0x0400, 0x0400, 0x0400, 0x0400, 0x0400, 0x0400, 0x0400, 0x0400, 0x0400,
    0x0400, 0x0400, 0x0400, 0x0400, 0x0400, 0x0400, 0x0400, 0x0400, 0x0400, 0x0400, 0x0400, 0x0400, 0x0400, 0x0400, 0x0400, 0x0400,
    0x0400, 0x0400, 0x0400, 0x0400, 0x0400, 0x0400, 0x0400, 0x0400, 0x0400, 0x0400, 0x0400, 0x0400, 0x0400, 0x0400, 0x0400, 0x0400,
    0x0400, 0x0400, 0x0400, 0x0400, 0x0400, 0x0400, 0x0400, 0x0000, 0x0000, 0x0000, 0x0000, 0x0000, 0x0000, 0x0000, 0x0000, 0x0000,
    0x2010, 0x2010, 0x2010, 0x2010, 0x2010, 0x2010, 0x2010, 0x2010, 0x2010, 0x2010, 0x2010, 0x2010, 0x2010, 0x2010, 0x2010, 0x2010,
    0x2010, 0x2010, 0x2010, 0x2010, 0x2010, 0x2010, 0x2010, 0x2010, 0x2010, 0x2010, 0x2010, 0x2010, 0x2010, 0x2010, 0x2010, 0x2010,
    0x2010, 0x2010, 0x2010, 0x2010, 0x2010, 0x2010, 0x2010, 0x2010, 0x2008, 0x2008, 0x2008, 0x2008, 0x2008, 0x2008, 0x4200, 0x4200,
    0x2010, 0x2010, 0x2010, 0x2010, 0x2010, 0x2010, 0x2010, 0x2010, 0x2010, 0x2010, 0x2010, 0x2010, 0x2008, 0x4200, 0x4200, 0x4200,
    0x2010, 0x2010, 0x2010, 0x2010, 0x2010, 0x2010, 0x2010, 0x2010, 0x2010, 0x2010, 0x2010, 0x2010, 0x2010, 0x2010, 0x2010, 0x2010,
    0x3840, 0x3840, 0x3840, 0x3840, 0x3840, 0x3840, 0x3840, 0x3840, 0x3840, 0x3840, 0x2010, 0x2010, 0x0000, 0x0000, 0x0000, 0x0000,
    0x0000, 0x0000, 0x0000, 0x0000, 0x0000, 0x0000, 0x0000, 0x0000, 0x0000, 0x0000, 0x0000, 0x0000, 0x0000, 0x0000, 0x0000, 0x0000,
    0x2001, 0x2002, 0x2001, 0x2002, 0x2001, 0x2002, 0x2001, 0x2002, 0x2001, 0x2002, 0x2001, 0x2002, 0x2001, 0x2002, 0x2001, 0x2002,
    0x2001, 0x2002, 0x2001, 0x2002, 0x2001, 0x2002, 0x2001, 0x2002, 0x2001, 0x2002, 0x2001, 0x2002, 0x2001, 0x2002, 0x2001, 0x2002,
    0x2001, 0x2002, 0x2001, 0x2002, 0x2001, 0x2002, 0x2001, 0x2002, 0x2001, 0x2002, 0x2001, 0x2002, 0x2001, 0x2002, 0x2010, 0x2020,
    0x2020, 0x2020, 0x2020, 0x4200, 0x2020, 0x2020, 0x2020, 0x2020, 0x2020, 0x2020, 0x2020, 0x2020, 0x2020, 0x2020, 0x4200, 0x2008,
    0x2001, 0x2002, 0x2001, 0x2002, 0x2001, 0x2002, 0x2001, 0x2002, 0x2001, 0x2002, 0x2001, 0x2002, 0x2001, 0x2002, 0x2001, 0x2002,
    0x2001, 0x2002, 0x2001, 0x2002, 0x2001, 0x2002, 0x2001, 0x2002, 0x2001, 0x2002, 0x2001, 0x2002, 0x2008, 0x2008, 0x2020, 0x2020,
    0x2010, 0x2010, 0x2010, 0x2010, 0x2010, 0x2010, 0x2010, 0x2010, 0x2010, 0x2010, 0x2010, 0x2010, 0x2010, 0x2010, 0x2010, 0x2010,
    0x2010, 0x2010, 0x2010, 0x2010, 0x2010, 0x2010, 0x2010, 0x2010, 0x2010, 0x2010, 0x2010, 0x2010, 0x2010, 0x2010, 0x2010, 0x2010,
    0x2010, 0x2010, 0x2010, 0x2010, 0x2010, 0x2010, 0x2010, 0x2010, 0x2010, 0x2010, 0x2010, 0x2010, 0x2010, 0x2010, 0x2010, 0x2010,
    0x2010, 0x2010, 0x2010, 0x2010, 0x2010, 0x2010, 0x2010, 0x2010, 0x2010, 0x2010, 0x2010, 0x2010, 0x2010, 0x2010, 0x2010, 0x2010,
    0x2010, 0x2010, 0x2010, 0x2010, 0x2010, 0x2010, 0x2840, 0x2840, 0x2840, 0x2840, 0x2840, 0x2840, 0x2840, 0x2840, 0x2840, 0x2840,
    0x2020, 0x2020, 0x4200, 0x4200, 0x4200, 0x4200, 0x4200, 0x4200, 0x0000, 0x0000, 0x0000, 0x0000, 0x0000, 0x0000, 0x0000, 0x0000,
    0x0400, 0x0400, 0x0400, 0x0400, 0x0400, 0x0400, 0x0400, 0x0400, 0x0400, 0x0400, 0x0400, 0x0400, 0x0400, 0x0400, 0x0400, 0x0400,
    0x0400, 0x0400, 0x0400, 0x0400, 0x0400, 0x0400, 0x0400, 0x2008, 0x2008, 0x2008, 0x2008, 0x2008, 0x2008, 0x2008, 0x2008, 0x2008,
    0x0400, 0x0400, 0x2001, 0x2002, 0x2001, 0x2002, 0x2001, 0x2002, 0x2001, 0x2002, 0x2001, 0x2002, 0x2001, 0x2002, 0x2001, 0x2002,
    0x2002, 0x2002, 0x2001, 0x2002, 0x2001, 0x2002, 0x2001, 0x2002, 0x2001, 0x2002, 0x2001, 0x2002, 0x2001, 0x2002, 0x2001, 0x2002,
    0x2001, 0x2002, 0x2001, 0x2002, 0x2001, 0x2002, 0x2001, 0x2002, 0x2001, 0x2002, 0x2001, 0x2002, 0x2001, 0x2002, 0x2001, 0x2002,
    0x2001, 0x2002, 0x2001, 0x2002, 0x2001, 0x2002, 0x2001, 0x2002, 0x2001, 0x2002, 0x2001, 0x2002, 0x2001, 0x2002, 0x2001, 0x2002,
    0x2001, 0x2002, 0x2001, 0x2002, 0x2001, 0x2002, 0x2001, 0x2002, 0x2001, 0x2002, 0x2001, 0x2002, 0x2001, 0x2002, 0x2001, 0x2002,
    0x2008, 0x2002, 0x2002, 0x2002, 0x2002, 0x2002, 0x2002, 0x2002, 0x2002, 0x2001, 0x2002, 0x2001, 0x2002, 0x2001, 0x2001, 0x2002,
    0x2001, 0x2002, 0x2001, 0x2002, 0x2001, 0x2002, 0x2001, 0x2002, 0x2008, 0x0400, 0x0400, 0x2001, 0x2002, 0x2001, 0x2002, 0x2010,
    0x2001, 0x2002, 0x2001, 0x2002, 0x2002, 0x2002, 0x2001, 0x2002, 0x2001, 0x2002, 0x2001, 0x2002, 0x2001, 0x2002, 0x2001, 0x2002,
    0x2001, 0x2002, 0x2001, 0x2002, 0x2001, 0x2002, 0x2001, 0x2002, 0x2001, 0x2002, 0x2001, 0x2001, 0x2001, 0x2001, 0x2001, 0x2002,
    0x2001, 0x2001, 0x2001, 0x2001, 0x2001, 0x2002, 0x2001, 0x2002, 0x2001, 0x2002, 0x2001, 0x2002, 0x2001, 0x2002, 0x2001, 0x2002,
    0x2001, 0x2002, 0x2001, 0x2002, 0x2001, 0x2001, 0x2001, 0x2001, 0x2002, 0x2001, 0x2002, 0x2001, 0x2001, 0x2002, 0x0000, 0x0000,
    0x2001, 0x2002, 0x0000, 0x2002, 0x0000, 0x2002, 0x2001, 0x2002, 0x2001, 0x2002, 0x2001, 0x2002, 0x2001, 0x0000, 0x0000, 0x0000,
    0x0000, 0x0000, 0x0000, 0x0000, 0x0000, 0x0000, 0x0000, 0x0000, 0x0000, 0x0000, 0x0000, 0x0000, 0x0000, 0x0000, 0x0000, 0x0000,
    0x0000, 0x0000, 0x2008, 0x2008, 0x2008, 0x2001, 0x2002, 0x2010, 0x2008, 0x2008, 0x2002, 0x2010, 0x2010, 0x2010, 0x2010, 0x2010,
    0x2010, 0x2010, 0x2020, 0x2010, 0x2010, 0x2010, 0x2020, 0x2010, 0x2010, 0x2010, 0x2010, 0x2020, 0x2010, 0x2010, 0x2010, 0x2010,
    0x2010, 0x2010, 0x2010, 0x2010, 0x2010, 0x2010, 0x2010, 0x2010, 0x2010, 0x2010, 0x2010, 0x2010, 0x2010, 0x2010, 0x2010, 0x2010,
    0x2010, 0x2010, 0x2010, 0x2020, 0x2020, 0x2020, 0x2020, 0x2020, 0x0400, 0x0400, 0x0400, 0x0400, 0x2020, 0x0000, 0x0000, 0x0000,
    0x0840, 0x0840, 0x0840, 0x0840, 0x0840, 0x0840, 0x0400, 0x0400, 0x0400, 0x0400, 0x0000, 0x0000, 0x0000, 0x0000, 0x0000, 0x0000,
    0x2010, 0x2010, 0x2010, 0x2010, 0x2010, 0x2010, 0x2010, 0x2010, 0x2010, 0x2010, 0x2010, 0x2010, 0x2010, 0x2010, 0x2010, 0x2010,
    0x2010, 0x2010, 0x2010, 0x2010, 0x2010, 0x2010, 0x2010, 0x2010, 0x2010, 0x2010, 0x2010, 0x2010, 0x2010, 0x2010, 0x2010, 0x2010,
    0x2010, 0x2010, 0x2010, 0x2010, 0x2010, 0x2010, 0x2010, 0x2010, 0x2010, 0x2010, 0x2010, 0x2010, 0x2010, 0x2010, 0x2010, 0x2010,
    0x2010, 0x2010, 0x2010, 0x2010, 0x4200, 0x4200, 0x4200, 0x4200, 0x0000, 0x0000, 0x0000, 0x0000, 0x0000, 0x0000, 0x0000, 0x0000,
    0x2020, 0x2020, 0x2010, 0x2010, 0x2010, 0x2010, 0x2010, 0x2010, 0x2010, 0x2010, 0x2010, 0x2010, 0x2010, 0x2010, 0x2010, 0x2010,
    0x2010, 0x2010, 0x2010, 0x2010, 0x2010, 0x2010, 0x2010, 0x2010, 0x2010, 0x2010, 0x2010, 0x2010, 0x2010, 0x2010, 0x2010, 0x2010,
    0x2010, 0x2010, 0x2010, 0x2010, 0x2010, 0x2010, 0x2010, 0x2010, 0x2010, 0x2010, 0x2010, 0x2010, 0x2010, 0x2010, 0x2010, 0x2010,
    0x2010, 0x2010, 0x2010, 0x2010, 0x2020, 0x2020, 0x2020, 0x2020, 0x2020, 0x2020, 0x2020, 0x2020, 0x2020, 0x2020, 0x2020, 0x2020,
    0x2020, 0x2020, 0x2020, 0x2020, 0x2020, 0x2020, 0x0000, 0x0000, 0x0000, 0x0000, 0x0000, 0x0000, 0x0000, 0x0000, 0x4200, 0x4200,
    0x3840, 0x3840, 0x3840, 0x3840, 0x3840, 0x3840, 0x3840, 0x3840, 0x3840, 0x3840, 0x0000, 0x0000, 0x0000, 0x0000, 0x0000, 0x0000,
    0x2020, 0x2020, 0x2020, 0x2020, 0x2020, 0x2020, 0x2020, 0x2020, 0x2020, 0x2020, 0x2020, 0x2020, 0x2020, 0x2020, 0x2020, 0x2020,
    0x2020, 0x2020, 0x2010, 0x2010, 0x2010, 0x2010, 0x2010, 0x2010, 0x4200, 0x4200, 0x4200, 0x2010, 0x4200, 0x2010, 0x2010, 0x2020,
    0x3840, 0x3840, 0x3840, 0x3840, 0x3840, 0x3840, 0x3840, 0x3840, 0x3840, 0x3840, 0x2010, 0x2010, 0x2010, 0x2010, 0x2010, 0x2010,
    0x2010, 0x2010, 0x2010, 0x2010, 0x2010, 0x2010, 0x2010, 0x2010, 0x2010, 0x2010, 0x2010, 0x2010, 0x2010, 0x2010, 0x2010, 0x2010,
    0x2010, 0x2010, 0x2010, 0x2010, 0x2010, 0x2010, 0x2020, 0x2020, 0x2020, 0x2020, 0x2020, 0x2020, 0x2020, 0x2020, 0x4200, 0x4200,
    0x2010, 0x2010, 0x2010, 0x2010, 0x2010, 0x2010, 0x2010, 0x2010, 0x2010, 0x2010, 0x2010, 0x2010, 0x2010, 0x2010, 0x2010, 0x2010,
    0x2010, 0x2010, 0x2010, 0x2010, 0x2010, 0x2010, 0x2010, 0x2020, 0x2020, 0x2020, 0x2020, 0x2020, 0x2020, 0x2020, 0x2020, 0x2020,
    0x2020, 0x2020, 0x2020, 0x2020, 0x0000, 0x0000, 0x0000, 0x0000, 0x0000, 0x0000, 0x0000, 0x0000, 0x0000, 0x0000, 0x0000, 0x4200,
    0x2010, 0x2010, 0x2010, 0x2010, 0x2010, 0x2010, 0x2010, 0x2010, 0x2010, 0x2010, 0x2010, 0x2010, 0x2010, 0x2010, 0x2010, 0x2010,
    0x2010, 0x2010, 0x2010, 0x2010, 0x2010, 0x2010, 0x2010, 0x2010, 0x2010, 0x2010, 0x2010, 0x2010, 0x2010, 0x0000, 0x0000, 0x0000,
    0x2020, 0x2020, 0x2020, 0x2020, 0x2010, 0x2010, 0x2010, 0x2010, 0x2010, 0x2010, 0x2010, 0x2010, 0x2010, 0x2010, 0x2010, 0x2010,
    0x2010, 0x2010, 0x2010, 0x2010, 0x2010, 0x2010, 0x2010, 0x2010, 0x2010, 0x2010, 0x2010, 0x2010, 0x2010, 0x2010, 0x2010, 0x2010,
    0x2010, 0x2010, 0x2010, 0x2010, 0x2010, 0x2010, 0x2010, 0x2010, 0x2010, 0x2010, 0x2010, 0x2010, 0x2010, 0x2010, 0x2010, 0x2010,
    0x2010, 0x2010, 0x2010, 0x2020, 0x2020, 0x2020, 0x2020, 0x2020, 0x2020, 0x2020, 0x2020, 0x2020, 0x2020, 0x2020, 0x2020, 0x2020,
    0x2020, 0x4200, 0x4200, 0x4200, 0x4200, 0x4200, 0x4200, 0x4200, 0x4200, 0x4200, 0x4200, 0x4200, 0x4200, 0x4200, 0x0000, 0x2008,
    0x3840, 0x3840, 0x3840, 0x3840, 0x3840, 0x3840, 0x3840, 0x3840, 0x3840, 0x3840, 0x0000, 0x0000, 0x0000, 0x0000, 0x4200, 0x4200,
    0x2010, 0x2010, 0x2010, 0x2010, 0x2010, 0x2020, 0x2008, 0x2010, 0x2010, 0x2010, 0x2010, 0x2010, 0x2010, 0x2010, 0x2010, 0x2010,
    0x3840, 0x3840, 0x3840, 0x3840, 0x3840, 0x3840, 0x3840, 0x3840, 0x3840, 0x3840, 0x2010, 0x2010, 0x2010, 0x2010, 0x2010, 0x0000,
    0x2010, 0x2010, 0x2010, 0x2010, 0x2010, 0x2010, 0x2010, 0x2010, 0x2010, 0x2010, 0x2010, 0x2010, 0x2010, 0x2010, 0x2010, 0x2010,
    0x2010, 0x2010, 0x2010, 0x2010, 0x2010, 0x2010, 0x2010, 0x2010, 0x2010, 0x2010, 0x2010, 0x2010, 0x2010, 0x2010, 0x2010, 0x2010,
    0x2010, 0x2010, 0x2010, 0x2010, 0x2010, 0x2010, 0x2010, 0x2010, 0x2010, 0x2020, 0x2020, 0x2020, 0x2020, 0x2020, 0x2020, 0x2020,
    0x2020, 0x2020, 0x2020, 0x2020, 0x2020, 0x2020, 0x2020, 0x0000, 0x0000, 0x0000, 0x0000, 0x0000, 0x0000, 0x0000, 0x0000, 0x0000,
    0x2010, 0x2010, 0x2010, 0x2020, 0x2010, 0x2010, 0x2010, 0x2010, 0x2010, 0x2010, 0x2010, 0x2010, 0x2020, 0x2020, 0x0000, 0x0000,
    0x3840, 0x3840, 0x3840, 0x3840, 0x3840, 0x3840, 0x3840, 0x3840, 0x3840, 0x3840, 0x0000, 0x0000, 0x4200, 0x4200, 0x4200, 0x4200,
    0x2010, 0x2010, 0x2010, 0x2010, 0x2010, 0x2010, 0x2010, 0x2010, 0x2010, 0x2010, 0x2010, 0x2010, 0x2010, 0x2010, 0x2010, 0x2010,
    0x2008, 0x2010, 0x2010, 0x2010, 0x2010, 0x2010, 0x2010, 0x0400, 0x0400, 0x0400, 0x2010, 0x2020, 0x2020, 0x2020, 0x2010, 0x2010,
    0x2010, 0x2010, 0x2010, 0x2010, 0x2010, 0x2010, 0x2010, 0x2010, 0x2010, 0x2010, 0x2010, 0x2010, 0x2010, 0x2010, 0x2010, 0x2010,
    0x2010, 0x2010, 0x2010, 0x2010, 0x2010, 0x2010, 0x2010, 0x2010, 0x2010, 0x2010, 0x2010, 0x2010, 0x2010, 0x2010, 0x2010, 0x2010,
    0x2010, 0x2010, 0x2010, 0x2010, 0x2010, 0x2010, 0x2010, 0x2010, 0x2010, 0x2010, 0x2010, 0x2010, 0x2010, 0x2010, 0x2010, 0x2010,
    0x2020, 0x2010, 0x2020, 0x2020, 0x2020, 0x2010, 0x2010, 0x2020, 0x2020, 0x2010, 0x2010, 0x2010, 0x2010, 0x2010, 0x2020, 0x2020,
    0x2010, 0x2020, 0x2010, 0x0000, 0x0000, 0x0000, 0x0000, 0x0000, 0x0000, 0x0000, 0x0000, 0x0000, 0x0000, 0x0000, 0x0000, 0x0000,
    0x0000, 0x0000, 0x0000, 0x0000, 0x0000, 0x0000, 0x0000, 0x0000, 0x0000, 0x0000, 0x0000, 0x2010, 0x2010, 0x2008, 0x4200, 0x4200,
    0x2010, 0x2010, 0x2010, 0x2010, 0x2010, 0x2010, 0x2010, 0x2010, 0x2010, 0x2010, 0x2010, 0x2020, 0x2020, 0x2020, 0x2020, 0x2020,
    0x4200, 0x4200, 0x2010, 0x2008, 0x2008, 0x2020, 0x2020, 0x0000, 0x0000, 0x0000, 0x0000, 0x0000, 0x0000, 0x0000, 0x0000, 0x0000,
    0x0000, 0x2010, 0x2010, 0x2010, 0x2010, 0x2010, 0x2010, 0x0000, 0x0000, 0x2010, 0x2010, 0x2010, 0x2010, 0x2010, 0x2010, 0x0000,
    0x0000, 0x2010, 0x2010, 0x2010, 0x2010, 0x2010, 0x2010, 0x0000, 0x0000, 0x0000, 0x0000, 0x0000, 0x0000, 0x0000, 0x0000, 0x0000,
    0x2010, 0x2010, 0x2010, 0x2010, 0x2010, 0x2010, 0x2010, 0x0000, 0x2010, 0x2010, 0x2010, 0x2010, 0x2010, 0x2010, 0x2010, 0x0000,
    0x2002, 0x2002, 0x2002, 0x2002, 0x2002, 0x2002, 0x2002, 0x2002, 0x2002, 0x2002, 0x2002, 0x2002, 0x2002, 0x2002, 0x2002, 0x2002,
    0x2002, 0x2002, 0x2002, 0x2002, 0x2002, 0x2002, 0x2002, 0x2002, 0x2002, 0x2002, 0x2002, 0x2002, 0x2002, 0x2002, 0x2002, 0x2002,
    0x2002, 0x2002, 0x2002, 0x2002, 0x2002, 0x2002, 0x2002, 0x2002, 0x2002, 0x2002, 0x2002, 0x0400, 0x2008, 0x2008, 0x2008, 0x2008,
    0x2002, 0x2002, 0x2002, 0x2002, 0x2002, 0x2002, 0x2002, 0x2002, 0x2002, 0x2008, 0x0400, 0x0400, 0x0000, 0x0000, 0x0000, 0x0000,
    0x2002, 0x2002, 0x2002, 0x2002, 0x2002, 0x2002, 0x2002, 0x2002, 0x2002, 0x2002, 0x2002, 0x2002, 0x2002, 0x2002, 0x2002, 0x2002,
    0x2002, 0x2002, 0x2002, 0x2002, 0x2002, 0x2002, 0x2002, 0x2002, 0x2002, 0x2002, 0x2002, 0x2002, 0x2002, 0x2002, 0x2002, 0x2002,
    0x2002, 0x2002, 0x2002, 0x2002, 0x2002, 0x2002, 0x2002, 0x2002, 0x2002, 0x2002, 0x2002, 0x2002, 0x2002, 0x2002, 0x2002, 0x2002,
    0x2002, 0x2002, 0x2002, 0x2002, 0x2002, 0x2002, 0x2002, 0x2002, 0x2002, 0x2002, 0x2002, 0x2002, 0x2002, 0x2002, 0x2002, 0x2002,
    0x2002, 0x2002, 0x2002, 0x2002, 0x2002, 0x2002, 0x2002, 0x2002, 0x2002, 0x2002, 0x2002, 0x2002, 0x2002, 0x2002, 0x2002, 0x2002,
    0x2010, 0x2010, 0x2010, 0x2010, 0x2010, 0x2010, 0x2010, 0x2010, 0x2010, 0x2010, 0x2010, 0x2010, 0x2010, 0x2010, 0x2010, 0x2010,
    0x2010, 0x2010, 0x2010, 0x2010, 0x2010, 0x2010, 0x2010, 0x2010, 0x2010, 0x2010, 0x2010, 0x2010, 0x2010, 0x2010, 0x2010, 0x2010,
    0x2010, 0x2010, 0x2010, 0x2020, 0x2020, 0x2020, 0x2020, 0x2020, 0x2020, 0x2020, 0x2020, 0x4200, 0x2020, 0x2020, 0x0000, 0x0000,
    0x3840, 0x3840, 0x3840, 0x3840, 0x3840, 0x3840, 0x3840, 0x3840, 0x3840, 0x3840, 0x0000, 0x0000, 0x0000, 0x0000, 0x0000, 0x0000,
    0x2010, 0x2010, 0x2010, 0x2010, 0x2010, 0x2010, 0x2010, 0x2010, 0x2010, 0x2010, 0x2010, 0x2010, 0x2010, 0x2010, 0x2010, 0x2010,
    0x2010, 0x2010, 0x2010, 0x2010, 0x2010, 0x2010, 0x2010, 0x2010, 0x2010, 0x2010, 0x2010, 0x2010, 0x2010, 0x2010, 0x2010, 0x2010,
    0x2010, 0x2010, 0x2010, 0x2010, 0x2010, 0x2010, 0x2010, 0x2010, 0x2010, 0x2010, 0x2010, 0x2010, 0x2010, 0x2010, 0x2010, 0x2010,
    0x2010, 0x2010, 0x2010, 0x2010, 0x2010, 0x2010, 0x2010, 0x2010, 0x2010, 0x2010, 0x2010, 0x2010, 0x2010, 0x2010, 0x2010, 0x2010,
    0x2010, 0x2010, 0x2010, 0x2010, 0x2010, 0x2010, 0x2010, 0x2010, 0x2010, 0x2010, 0x2010, 0x2010, 0x2010, 0x2010, 0x2010, 0x2010,
    0x2010, 0x2010, 0x2010, 0x2010, 0x2010, 0x2010, 0x2010, 0x2010, 0x2010, 0x2010, 0x2010, 0x2010, 0x2010, 0x2010, 0x2010, 0x2010,
    0x2010, 0x2010, 0x2010, 0x2010, 0x2010, 0x2010, 0x2010, 0x2010, 0x2010, 0x2010, 0x2010, 0x2010, 0x2010, 0x2010, 0x2010, 0x2010,
    0x2010, 0x2010, 0x2010, 0x2010, 0x2010, 0x2010, 0x2010, 0x2010, 0x2010, 0x2010, 0x2010, 0x2010, 0x2010, 0x2010, 0x2010, 0x2010,
    0x2010, 0x2010, 0x2010, 0x2010, 0x2010, 0x2010, 0x2010, 0x2010, 0x2010, 0x2010, 0x2010, 0x2010, 0x2010, 0x2010, 0x2010, 0x2010,
    0x2010, 0x2010, 0x2010, 0x2010, 0x2010, 0x2010, 0x2010, 0x2010, 0x2010, 0x2010, 0x2010, 0x2010, 0x2010, 0x2010, 0x2010, 0x2010,
    0x2010, 0x2010, 0x2010, 0x2010, 0x0000, 0x0000, 0x0000, 0x0000, 0x0000, 0x0000, 0x0000, 0x0000, 0x0000, 0x0000, 0x0000, 0x0000,
    0x2010, 0x2010, 0x2010, 0x2010, 0x2010, 0x2010, 0x2010, 0x2010, 0x2010, 0x2010, 0x2010, 0x2010, 0x2010, 0x2010, 0x2010, 0x2010,
    0x2010, 0x2010, 0x2010, 0x2010, 0x2010, 0x2010, 0x2010, 0x0000, 0x0000, 0x0000, 0x0000, 0x2010, 0x2010, 0x2010, 0x2010, 0x2010,
    0x2010, 0x2010, 0x2010, 0x2010, 0x2010, 0x2010, 0x2010, 0x2010, 0x2010, 0x2010, 0x2010, 0x2010, 0x2010, 0x2010, 0x2010, 0x2010,
    0x2010, 0x2010, 0x2010, 0x2010, 0x2010, 0x2010, 0x2010, 0x2010, 0x2010, 0x2010, 0x2010, 0x2010, 0x2010, 0x2010, 0x2010, 0x2010,
    0x2010, 0x2010, 0x2010, 0x2010, 0x2010, 0x2010, 0x2010, 0x2010, 0x2010, 0x2010, 0x2010, 0x2010, 0x0000, 0x0000, 0x0000, 0x0000,
    0x0000, 0x0000, 0x0000, 0x0000, 0x0000, 0x0000, 0x0000, 0x0000, 0x0000, 0x0000, 0x0000, 0x0000, 0x0000, 0x0000, 0x0000, 0x0000,
    0x0000, 0x0000, 0x0000, 0x0000, 0x0000, 0x0000, 0x0000, 0x0000, 0x0000, 0x0000, 0x0000, 0x0000, 0x0000, 0x0000, 0x0000, 0x0000,
    0x0000, 0x0000, 0x0000, 0x0000, 0x0000, 0x0000, 0x0000, 0x0000, 0x0000, 0x0000, 0x0000, 0x0000, 0x0000, 0x0000, 0x0000, 0x0000,
    0x0000, 0x0000, 0x0000, 0x0000, 0x0000, 0x0000, 0x0000, 0x0000, 0x0000, 0x0000, 0x0000, 0x0000, 0x0000, 0x0000, 0x0000, 0x0000,
    0x0000, 0x0000, 0x0000, 0x0000, 0x0000, 0x0000, 0x0000, 0x0000, 0x0000, 0x0000, 0x0000, 0x0000, 0x0000, 0x0000, 0x0000, 0x0000,
    0x0000, 0x0000, 0x0000, 0x0000, 0x0000, 0x0000, 0x0000, 0x0000, 0x0000, 0x0000, 0x0000, 0x0000, 0x0000, 0x0000, 0x0000, 0x0000,
    0x0000, 0x0000, 0x0000, 0x0000, 0x0000, 0x0000, 0x0000, 0x0000, 0x0000, 0x0000, 0x0000, 0x0000, 0x0000, 0x0000, 0x0000, 0x0000,
    0x0000, 0x0000, 0x0000, 0x0000, 0x0000, 0x0000, 0x0000, 0x0000, 0x0000, 0x0000, 0x0000, 0x0000, 0x0000, 0x0000, 0x0000, 0x0000,
    0x0000, 0x0000, 0x0000, 0x0000, 0x0000, 0x0000, 0x0000, 0x0000, 0x0000, 0x0000, 0x0000, 0x0000, 0x0000, 0x0000, 0x0000, 0x0000,
    0x0000, 0x0000, 0x0000, 0x0000, 0x0000, 0x0000, 0x0000, 0x0000, 0x0000, 0x0000, 0x0000, 0x0000, 0x0000, 0x0000, 0x0000, 0x0000,
    0x0000, 0x0000, 0x0000, 0x0000, 0x0000, 0x0000, 0x0000, 0x0000, 0x0000, 0x0000, 0x0000, 0x0000, 0x0000, 0x0000, 0x0000, 0x0000,
    0x0000, 0x0000, 0x0000, 0x0000, 0x0000, 0x0000, 0x0000, 0x0000, 0x0000, 0x0000, 0x0000, 0x0000, 0x0000, 0x0000, 0x0000, 0x0000,
    0x0000, 0x0000, 0x0000, 0x0000, 0x0000, 0x0000, 0x0000, 0x0000, 0x0000, 0x0000, 0x0000, 0x0000, 0x0000, 0x0000, 0x0000, 0x0000,
    0x0000, 0x0000, 0x0000, 0x0000, 0x0000, 0x0000, 0x0000, 0x0000, 0x0000, 0x0000, 0x0000, 0x0000, 0x0000, 0x0000, 0x0000, 0x0000,
    0x0000, 0x0000, 0x0000, 0x0000, 0x0000, 0x0000, 0x0000, 0x0000, 0x0000, 0x0000, 0x0000, 0x0000, 0x0000, 0x0000, 0x0000, 0x0000,
    0x0000, 0x0000, 0x0000, 0x0000, 0x0000, 0x0000, 0x0000, 0x0000, 0x0000, 0x0000, 0x0000, 0x0000, 0x0000, 0x0000, 0x0000, 0x0000,
    0x2010, 0x2010, 0x2010, 0x2010, 0x2010, 0x2010, 0x2010, 0x2010, 0x2010, 0x2010, 0x2010, 0x2010, 0x2010, 0x2010, 0x2010, 0x2010,
    0x2010, 0x2010, 0x2010, 0x2010, 0x2010, 0x2010, 0x2010, 0x2010, 0x2010, 0x2010, 0x2010, 0x2010, 0x2010, 0x2010, 0x2010, 0x2010,
    0x2010, 0x2010, 0x2010, 0x2010, 0x2010, 0x2010, 0x2010, 0x2010, 0x2010, 0x2010, 0x2010, 0x2010, 0x2010, 0x2010, 0x2010, 0x2010,
    0x2010, 0x2010, 0x2010, 0x2010, 0x2010, 0x2010, 0x2010, 0x2010, 0x2010, 0x2010, 0x2010, 0x2010, 0x2010, 0x2010, 0x2010, 0x2010,
    0x2010, 0x2010, 0x2010, 0x2010, 0x2010, 0x2010, 0x2010, 0x2010, 0x2010, 0x2010, 0x2010, 0x2010, 0x2010, 0x2010, 0x2010, 0x2010,
    0x2010, 0x2010, 0x2010, 0x2010, 0x2010, 0x2010, 0x2010, 0x2010, 0x2010, 0x2010, 0x2010, 0x2010, 0x2010, 0x2010, 0x2010, 0x2010,
    0x2010, 0x2010, 0x2010, 0x2010, 0x2010, 0x2010, 0x2010, 0x2010, 0x2010, 0x2010, 0x2010, 0x2010, 0x2010, 0x2010, 0x0000, 0x0000,
    0x2010, 0x2010, 0x2010, 0x2010, 0x2010, 0x2010, 0x2010, 0x2010, 0x2010, 0x2010, 0x2010, 0x2010, 0x2010, 0x2010, 0x2010, 0x2010,
    0x2010, 0x2010, 0x2010, 0x2010, 0x2010, 0x2010, 0x2010, 0x2010, 0x2010, 0x2010, 0x2010, 0x2010, 0x2010, 0x2010, 0x2010, 0x2010,
    0x2010, 0x2010, 0x2010, 0x2010, 0x2010, 0x2010, 0x2010, 0x2010, 0x2010, 0x2010, 0x2010, 0x2010, 0x2010, 0x2010, 0x2010, 0x2010,
    0x2010, 0x2010, 0x2010, 0x2010, 0x2010, 0x2010, 0x2010, 0x2010, 0x2010, 0x2010, 0x2010, 0x2010, 0x2010, 0x2010, 0x2010, 0x2010,
    0x2010, 0x2010, 0x2010, 0x2010, 0x2010, 0x2010, 0x2010, 0x2010, 0x2010, 0x2010, 0x2010, 0x2010, 0x2010, 0x2010, 0x2010, 0x2010,
    0x2010, 0x2010, 0x2010, 0x2010, 0x2010, 0x2010, 0x2010, 0x2010, 0x2010, 0x2010, 0x2010, 0x2010, 0x2010, 0x2010, 0x2010, 0x2010,
    0x2010, 0x2010, 0x2010, 0x2010, 0x2010, 0x2010, 0x2010, 0x2010, 0x2010, 0x2010, 0x0000, 0x0000, 0x0000, 0x0000, 0x0000, 0x0000,
    0x0000, 0x0000, 0x0000, 0x0000, 0x0000, 0x0000, 0x0000, 0x0000, 0x0000, 0x0000, 0x0000, 0x0000, 0x0000, 0x0000, 0x0000, 0x0000,
    0x0000, 0x0000, 0x0000, 0x0000, 0x0000, 0x0000, 0x0000, 0x0000, 0x0000, 0x0000, 0x0000, 0x0000, 0x0000, 0x0000, 0x0000, 0x0000,
    0x2002, 0x2002, 0x2002, 0x2002, 0x2002, 0x2002, 0x2002, 0x0000, 0x0000, 0x0000, 0x0000, 0x0000, 0x0000, 0x0000, 0x0000, 0x0000,
    0x0000, 0x0000, 0x0000, 0x2002, 0x2002, 0x2002, 0x2002, 0x2002, 0x0000, 0x0000, 0x0000, 0x0000, 0x0000, 0x2010, 0x2020, 0x2010,
    0x2010, 0x2010, 0x2010, 0x2010, 0x2010, 0x2010, 0x2010, 0x2010, 0x2010, 0x0400, 0x2010, 0x2010, 0x2010, 0x2010, 0x2010, 0x2010,
    0x2010, 0x2010, 0x2010, 0x2010, 0x2010, 0x2010, 0x2010, 0x0000, 0x2010, 0x2010, 0x2010, 0x2010, 0x2010, 0x0000, 0x2010, 0x0000,
    0x2010, 0x2010, 0x0000, 0x2010, 0x2010, 0x0000, 0x2010, 0x2010, 0x2010, 0x2010, 0x2010, 0x2010, 0x2010, 0x2010, 0x2010, 0x2010,
    0x2010, 0x2010, 0x2010, 0x2010, 0x2010, 0x2010, 0x2010, 0x2010, 0x2010, 0x2010, 0x2010, 0x2010, 0x2010, 0x2010, 0x2010, 0x2010,
    0x2010, 0x2010, 0x2010, 0x2010, 0x2010, 0x2010, 0x2010, 0x2010, 0x2010, 0x2010, 0x2010, 0x2010, 0x2010, 0x2010, 0x2010, 0x2010,
    0x2010, 0x2010, 0x2010, 0x2010, 0x2010, 0x2010, 0x2010, 0x2010, 0x2010, 0x2010, 0x2010, 0x2010, 0x2010, 0x2010, 0x2010, 0x2010,
    0x2010, 0x2010, 0x2010, 0x2010, 0x2010, 0x2010, 0x2010, 0x2010, 0x2010, 0x2010, 0x2010, 0x2010, 0x2010, 0x2010, 0x2010, 0x2010,
    0x2010, 0x2010, 0x2010, 0x2010, 0x2010, 0x2010, 0x2010, 0x2010, 0x2010, 0x2010, 0x2010, 0x2010, 0x2010, 0x2010, 0x2010, 0x2010,
    0x2010, 0x2010, 0x2010, 0x2010, 0x2010, 0x2010, 0x2010, 0x2010, 0x2010, 0x2010, 0x2010, 0x2010, 0x2010, 0x2010, 0x2010, 0x2010,
    0x2010, 0x2010, 0x0400, 0x0400, 0x0400, 0x0400, 0x0400, 0x0400, 0x0400, 0x0400, 0x0400, 0x0400, 0x0400, 0x0400, 0x0400, 0x0400,
    0x0400, 0x0400, 0x0400, 0x0000, 0x0000, 0x0000, 0x0000, 0x0000, 0x0000, 0x0000, 0x0000, 0x0000, 0x0000, 0x0000, 0x0000, 0x0000,
    0x0000, 0x0000, 0x0000, 0x2010, 0x2010, 0x2010, 0x2010, 0x2010, 0x2010, 0x2010, 0x2010, 0x2010, 0x2010, 0x2010, 0x2010, 0x2010,
    0x2010, 0x2010, 0x2010, 0x2010, 0x2010, 0x2010, 0x2010, 0x2010, 0x2010, 0x2010, 0x2010, 0x2010, 0x2010, 0x2010, 0x2010, 0x2010,
    0x2010, 0x2010, 0x2010, 0x2010, 0x2010, 0x2010, 0x2010, 0x2010, 0x2010, 0x2010, 0x2010, 0x2010, 0x2010, 0x2010, 0x2010, 0x2010,
    0x2010, 0x2010, 0x2010, 0x2010, 0x2010, 0x2010, 0x2010, 0x2010, 0x2010, 0x2010, 0x2010, 0x2010, 0x2010, 0x2010, 0x2010, 0x2010,
    0x2010, 0x2010, 0x2010, 0x2010, 0x2010, 0x2010, 0x2010, 0x2010, 0x2010, 0x2010, 0x2010, 0x2010, 0x2010, 0x2010, 0x2010, 0x2010,
    0x2010, 0x2010, 0x2010, 0x2010, 0x2010, 0x2010, 0x2010, 0x2010, 0x2010, 0x2010, 0x2010, 0x2010, 0x2010, 0x2010, 0x2010, 0x2010,
    0x2010, 0x2010, 0x2010, 0x2010, 0x2010, 0x2010, 0x2010, 0x2010, 0x2010, 0x2010, 0x2010, 0x2010, 0x2010, 0x2010, 0x4200, 0x4200,
    0x0400, 0x0400, 0x0400, 0x0400, 0x0400, 0x0400, 0x0400, 0x0400, 0x0400, 0x0400, 0x0400, 0x0400, 0x0400, 0x0400, 0x0400, 0x0400,
    0x2010, 0x2010, 0x2010, 0x2010, 0x2010, 0x2010, 0x2010, 0x2010, 0x2010, 0x2010, 0x2010, 0x2010, 0x2010, 0x2010, 0x2010, 0x2010,
    0x2010, 0x2010, 0x2010, 0x2010, 0x2010, 0x2010, 0x2010, 0x2010, 0x2010, 0x2010, 0x2010, 0x2010, 0x2010, 0x2010, 0x2010, 0x2010,
    0x2010, 0x2010, 0x2010, 0x2010, 0x2010, 0x2010, 0x2010, 0x2010, 0x2010, 0x2010, 0x2010, 0x2010, 0x2010, 0x2010, 0x2010, 0x2010,
    0x2010, 0x2010, 0x2010, 0x2010, 0x2010, 0x2010, 0x2010, 0x2010, 0x2010, 0x2010, 0x2010, 0x2010, 0x2010, 0x2010, 0x2010, 0x2010,
    0x0000, 0x0000, 0x2010, 0x2010, 0x2010, 0x2010, 0x2010, 0x2010, 0x2010, 0x2010, 0x2010, 0x2010, 0x2010, 0x2010, 0x2010, 0x2010,
    0x2010, 0x2010, 0x2010, 0x2010, 0x2010, 0x2010, 0x2010, 0x2010, 0x2010, 0x2010, 0x2010, 0x2010, 0x2010, 0x2010, 0x2010, 0x2010,
    0x2010, 0x2010, 0x2010, 0x2010, 0x2010, 0x2010, 0x2010, 0x2010, 0x2010, 0x2010, 0x2010, 0x2010, 0x2010, 0x2010, 0x2010, 0x2010,
    0x2010, 0x2010, 0x2010, 0x2010, 0x2010, 0x2010, 0x2010, 0x2010, 0x0000, 0x0000, 0x0000, 0x0000, 0x0000, 0x0000, 0x0000, 0x0400,
    0x0000, 0x0000, 0x0000, 0x0000, 0x0000, 0x0000, 0x0000, 0x0000, 0x0000, 0x0000, 0x0000, 0x0000, 0x0000, 0x0000, 0x0000, 0x0000,
    0x0000, 0x0000, 0x0000, 0x0000, 0x0000, 0x0000, 0x0000, 0x0000, 0x0000, 0x0000, 0x0000, 0x0000, 0x0000, 0x0000, 0x0000, 0x0000,
    0x2010, 0x2010, 0x2010, 0x2010, 0x2010, 0x2010, 0x2010, 0x2010, 0x2010, 0x2010, 0x2010, 0x2010, 0x0400, 0x0400, 0x0400, 0x0400,
    0x2020, 0x2020, 0x2020, 0x2020, 0x2020, 0x2020, 0x2020, 0x2020, 0x2020, 0x2020, 0x2020, 0x2020, 0x2020, 0x2020, 0x2020, 0x2020,
    0x4200, 0x4200, 0x4200, 0x4200, 0x4200, 0x4200, 0x4200, 0x4200, 0x4200, 0x4200, 0x0000, 0x0000, 0x0000, 0x0000, 0x0000, 0x0000,
    0x2020, 0x2020, 0x2020, 0x2020, 0x2020, 0x2020, 0x2020, 0x2020, 0x2020, 0x2020, 0x2020, 0x2020, 0x2020, 0x2020, 0x2020, 0x2020,
    0x4200, 0x4200, 0x4200, 0x6200, 0x6200, 0x4200, 0x4200, 0x4200, 0x4200, 0x4200, 0x4200, 0x4200, 0x4200, 0x4200, 0x4200, 0x4200,
    0x4200, 0x4200, 0x4200, 0x4200, 0x4200, 0x4200, 0x4200, 0x4200, 0x4200, 0x4200, 0x4200, 0x4200, 0x4200, 0x6200, 0x6200, 0x6200,
    0x4200, 0x4200, 0x4200, 0x0000, 0x4200, 0x4200, 0x4200, 0x4200, 0x4200, 0x4200, 0x4200, 0x4200, 0x4200, 0x4200, 0x4200, 0x4200,
    0x4200, 0x4200, 0x0400, 0x4200, 0x0400, 0x0400, 0x0400, 0x0000, 0x4200, 0x0400, 0x4200, 0x4200, 0x0000, 0x0000, 0x0000, 0x0000,
    0x2010, 0x2010, 0x2010, 0x2010, 0x2010, 0x0000, 0x2010, 0x2010, 0x2010, 0x2010, 0x2010, 0x2010, 0x2010, 0x2010, 0x2010, 0x2010,
    0x2010, 0x2010, 0x2010, 0x2010, 0x2010, 0x2010, 0x2010, 0x2010, 0x2010, 0x2010, 0x2010, 0x2010, 0x2010, 0x2010, 0x2010, 0x2010,
    0x2010, 0x2010, 0x2010, 0x2010, 0x2010, 0x2010, 0x2010, 0x2010, 0x2010, 0x2010, 0x2010, 0x2010, 0x2010, 0x2010, 0x2010, 0x2010,
    0x2010, 0x2010, 0x2010, 0x2010, 0x2010, 0x2010, 0x2010, 0x2010, 0x2010, 0x2010, 0x2010, 0x2010, 0x2010, 0x2010, 0x2010, 0x2010,
    0x2010, 0x2010, 0x2010, 0x2010, 0x2010, 0x2010, 0x2010, 0x2010, 0x2010, 0x2010, 0x2010, 0x2010, 0x2010, 0x2010, 0x2010, 0x2010,
    0x2010, 0x2010, 0x2010, 0x2010, 0x2010, 0x2010, 0x2010, 0x2010, 0x2010, 0x2010, 0x2010, 0x2010, 0x2010, 0x2010, 0x2010, 0x2010,
    0x2010, 0x2010, 0x2010, 0x2010, 0x2010, 0x2010, 0x2010, 0x2010, 0x2010, 0x2010, 0x2010, 0x2010, 0x2010, 0x2010, 0x2010, 0x2010,
    0x2010, 0x2010, 0x2010, 0x2010, 0x2010, 0x2010, 0x2010, 0x2010, 0x2010, 0x2010, 0x2010, 0x2010, 0x2010, 0x2010, 0x2010, 0x2010,
    0x2010, 0x2010, 0x2010, 0x2010, 0x2010, 0x2010, 0x2010, 0x2010, 0x2010, 0x2010, 0x2010, 0x2010, 0x2010, 0x0000, 0x0000, 0x0000,
    0x0000, 0x4200, 0x4200, 0x4200, 0x0400, 0x4200, 0x4200, 0x4200, 0x4200, 0x4200, 0x4200, 0x0400, 0x4200, 0x4200, 0x4200, 0x4200,
    0x3840, 0x3840, 0x3840, 0x3840, 0x3840, 0x3840, 0x3840, 0x3840, 0x3840, 0x3840, 0x4200, 0x4200, 0x0400, 0x0400, 0x0400, 0x4200,
    0x4200, 0x2001, 0x2001, 0x2001, 0x2001, 0x2001, 0x2001, 0x2001, 0x2001, 0x2001, 0x2001, 0x2001, 0x2001, 0x2001, 0x2001, 0x2001,
    0x2001, 0x2001, 0x2001, 0x2001, 0x2001, 0x2001, 0x2001, 0x2001, 0x2001, 0x2001, 0x2001, 0x4200, 0x4200, 0x4200, 0x0400, 0x6200,
    0x0400, 0x2002, 0x2002, 0x2002, 0x2002, 0x2002, 0x2002, 0x2002, 0x2002, 0x2002, 0x2002, 0x2002, 0x2002, 0x2002, 0x2002, 0x2002,
    0x2002, 0x2002, 0x2002, 0x2002, 0x2002, 0x2002, 0x2002, 0x2002, 0x2002, 0x2002, 0x2002, 0x4200, 0x0400, 0x4200, 0x0400, 0x4200,
    0x4200, 0x4200, 0x4200, 0x4200, 0x4200, 0x4200, 0x2010, 0x2010, 0x2010, 0x2010, 0x2010, 0x2010, 0x2010, 0x2010, 0x2010, 0x2010,
    0x2008, 0x2010, 0x2010, 0x2010, 0x2010, 0x2010, 0x2010, 0x2010, 0x2010, 0x2010, 0x2010, 0x2010, 0x2010, 0x2010, 0x2010, 0x2010,
    0x2010, 0x2010, 0x2010, 0x2010, 0x2010, 0x2010, 0x2010, 0x2010, 0x2010, 0x2010, 0x2010, 0x2010, 0x2010, 0x2010, 0x2010, 0x2010,
    0x2010, 0x2010, 0x2010, 0x2010, 0x2010, 0x2010, 0x2010, 0x2010, 0x2010, 0x2010, 0x2010, 0x2010, 0x2010, 0x2010, 0x2008, 0x2008,
    0x2010, 0x2010, 0x2010, 0x2010, 0x2010, 0x2010, 0x2010, 0x2010, 0x2010, 0x2010, 0x2010, 0x2010, 0x2010, 0x2010, 0x2010, 0x2010,
    0x2010, 0x2010, 0x2010, 0x2010, 0x2010, 0x2010, 0x2010, 0x2010, 0x2010, 0x2010, 0x2010, 0x2010, 0x2010, 0x2010, 0x2010, 0x0000,
    0x0000, 0x0000, 0x2010, 0x2010, 0x2010, 0x2010, 0x2010, 0x2010, 0x0000, 0x0000, 0x2010, 0x2010, 0x2010, 0x2010, 0x2010, 0x2010,
    0x0000, 0x0000, 0x2010, 0x2010, 0x2010, 0x2010, 0x2010, 0x2010, 0x0000, 0x0000, 0x2010, 0x2010, 0x2010, 0x0000, 0x0000, 0x0000,
    0x0400, 0x0400, 0x0400, 0x0400, 0x0400, 0x0400, 0x0400, 0x0000, 0x0400, 0x0400, 0x0400, 0x0400, 0x0400, 0x0400, 0x0400, 0x0000,
    0x0000, 0x0000, 0x0000, 0x0000, 0x0000, 0x0000, 0x0000, 0x0000, 0x0000, 0x0000, 0x0000, 0x0000, 0x0400, 0x0400, 0x0000, 0x0000,
    0x2010, 0x2010, 0x2010, 0x2010, 0x2010, 0x2010, 0x2010, 0x2010, 0x2010, 0x2010, 0x2010, 0x2010, 0x0000, 0x2010, 0x2010, 0x2010,
    0x2010, 0x2010, 0x2010, 0x2010, 0x2010, 0x2010, 0x2010, 0x2010, 0x2010, 0x2010, 0x2010, 0x2010, 0x2010, 0x2010, 0x2010, 0x2010,
    0x2010, 0x2010, 0x2010, 0x2010, 0x2010, 0x2010, 0x2010, 0x0000, 0x2010, 0x2010, 0x2010, 0x2010, 0x2010, 0x2010, 0x2010, 0x2010,
    0x2010, 0x2010, 0x2010, 0x2010, 0x2010, 0x2010, 0x2010, 0x2010, 0x2010, 0x2010, 0x2010, 0x0000, 0x2010, 0x2010, 0x0000, 0x2010,
    0x2010, 0x2010, 0x2010, 0x2010, 0x2010, 0x2010, 0x2010, 0x2010, 0x2010, 0x2010, 0x2010, 0x2010, 0x2010, 0x2010, 0x0000, 0x0000,
    0x2010, 0x2010, 0x2010, 0x2010, 0x2010, 0x2010, 0x2010, 0x2010, 0x2010, 0x2010, 0x2010, 0x2010, 0x2010, 0x2010, 0x0000, 0x0000,
    0x0000, 0x0000, 0x0000, 0x0000, 0x0000, 0x0000, 0x0000, 0x0000, 0x0000, 0x0000, 0x0000, 0x0000, 0x0000, 0x0000, 0x0000, 0x0000,
    0x0000, 0x0000, 0x0000, 0x0000, 0x0000, 0x0000, 0x0000, 0x0000, 0x0000, 0x0000, 0x0000, 0x0000, 0x0000, 0x0000, 0x0000, 0x0000,
    0x2010, 0x2010, 0x2010, 0x2010, 0x2010, 0x2010, 0x2010, 0x2010, 0x2010, 0x2010, 0x2010, 0x2010, 0x2010, 0x2010, 0x2010, 0x2010,
    0x2010, 0x2010, 0x2010, 0x2010, 0x2010, 0x2010, 0x2010, 0x2010, 0x2010, 0x2010, 0x2010, 0x2010, 0x2010, 0x2010, 0x2010, 0x2010,
    0x2010, 0x2010, 0x2010, 0x2010, 0x2010, 0x2010, 0x2010, 0x2010, 0x2010, 0x2010, 0x2010, 0x2010, 0x2010, 0x2010, 0x2010, 0x2010,
    0x2010, 0x2010, 0x2010, 0x2010, 0x2010, 0x2010, 0x2010, 0x2010, 0x2010, 0x2010, 0x2010, 0x2010, 0x2010, 0x2010, 0x2010, 0x2010,
    0x2010, 0x2010, 0x2010, 0x2010, 0x2010, 0x2010, 0x2010, 0x2010, 0x2010, 0x2010, 0x2010, 0x2010, 0x2010, 0x2010, 0x2010, 0x2010,
    0x2010, 0x2010, 0x2010, 0x2010, 0x2010, 0x2010, 0x2010, 0x2010, 0x2010, 0x2010, 0x2010, 0x2010, 0x2010, 0x2010, 0x2010, 0x2010,
    0x2010, 0x2010, 0x2010, 0x2010, 0x2010, 0x2010, 0x2010, 0x2010, 0x2010, 0x2010, 0x2010, 0x2010, 0x2010, 0x2010, 0x2010, 0x2010,
    0x2010, 0x2010, 0x2010, 0x2010, 0x2010, 0x2010, 0x2010, 0x2010, 0x2010, 0x2010, 0x2010, 0x0000, 0x0000, 0x0000, 0x0000, 0x0000,
    0x4200, 0x4200, 0x4200, 0x0000, 0x0000, 0x0000, 0x0000, 0x0840, 0x0840, 0x0840, 0x0840, 0x0840, 0x0840, 0x0840, 0x0840, 0x0840,
    0x0840, 0x0840, 0x0840, 0x0840, 0x0840, 0x0840, 0x0840, 0x0840, 0x0840, 0x0840, 0x0840, 0x0840, 0x0840, 0x0840, 0x0840, 0x0840,
    0x0840, 0x0840, 0x0840, 0x0840, 0x0840, 0x0840, 0x0840, 0x0840, 0x0840, 0x0840, 0x0840, 0x0840, 0x0840, 0x0840, 0x0840, 0x0840,
    0x0840, 0x0840, 0x0840, 0x0840, 0x0000, 0x0000, 0x0000, 0x0400, 0x0400, 0x0400, 0x0400, 0x0400, 0x0400, 0x0400, 0x0400, 0x0400,
    0x2840, 0x2840, 0x2840, 0x2840, 0x2840, 0x2840, 0x2840, 0x2840, 0x2840, 0x2840, 0x2840, 0x2840, 0x2840, 0x2840, 0x2840, 0x2840,
    0x2840, 0x2840, 0x2840, 0x2840, 0x2840, 0x2840, 0x2840, 0x2840, 0x2840, 0x2840, 0x2840, 0x2840, 0x2840, 0x2840, 0x2840, 0x2840,
    0x2840, 0x2840, 0x2840, 0x2840, 0x2840, 0x2840, 0x2840, 0x2840, 0x2840, 0x2840, 0x2840, 0x2840, 0x2840, 0x2840, 0x2840, 0x2840,
    0x2840, 0x2840, 0x2840, 0x2840, 0x2840, 0x0840, 0x0840, 0x0840, 0x0840, 0x0400, 0x0400, 0x0400, 0x0400, 0x0400, 0x0400, 0x0400,
    0x0400, 0x0400, 0x0400, 0x0400, 0x0400, 0x0400, 0x0400, 0x0400, 0x0400, 0x0400, 0x0840, 0x0840, 0x0400, 0x0400, 0x0400, 0x0000,
    0x0400, 0x0400, 0x0400, 0x0400, 0x0400, 0x0400, 0x0400, 0x0400, 0x0400, 0x0400, 0x0400, 0x0400, 0x0400, 0x0000, 0x0000, 0x0000,
    0x0400, 0x0000, 0x0000, 0x0000, 0x0000, 0x0000, 0x0000, 0x0000, 0x0000, 0x0000, 0x0000, 0x0000, 0x0000, 0x0000, 0x0000, 0x0000,
    0x0000, 0x0000, 0x0000, 0x0000, 0x0000, 0x0000, 0x0000, 0x0000, 0x0000, 0x0000, 0x0000, 0x0000, 0x0000, 0x0000, 0x0000, 0x0000,
    0x0000, 0x0000, 0x0000, 0x0000, 0x0000, 0x0000, 0x0000, 0x0000, 0x0000, 0x0000, 0x0000, 0x0000, 0x0000, 0x0000, 0x0000, 0x0000,
    0x0400, 0x0400, 0x0400, 0x0400, 0x0400, 0x0400, 0x0400, 0x0400, 0x0400, 0x0400, 0x0400, 0x0400, 0x0400, 0x0400, 0x0400, 0x0400,
    0x0400, 0x0400, 0x0400, 0x0400, 0x0400, 0x0400, 0x0400, 0x0400, 0x0400, 0x0400, 0x0400, 0x0400, 0x0400, 0x0400, 0x0400, 0x0400,
    0x0400, 0x0400, 0x0400, 0x0400, 0x0400, 0x0400, 0x0400, 0x0400, 0x0400, 0x0400, 0x0400, 0x0400, 0x0400, 0x2020, 0x0000, 0x0000,
    0x0000, 0x0000, 0x0000, 0x0000, 0x0000, 0x0000, 0x0000, 0x0000, 0x0000, 0x0000, 0x0000, 0x0000, 0x0000, 0x0000, 0x0000, 0x0000,
    0x0000, 0x0000, 0x0000, 0x0000, 0x0000, 0x0000, 0x0000, 0x0000, 0x0000, 0x0000, 0x0000, 0x0000, 0x0000, 0x0000, 0x0000, 0x0000,
    0x0000, 0x0000, 0x0000, 0x0000, 0x0000, 0x0000, 0x0000, 0x0000, 0x0000, 0x0000, 0x0000, 0x0000, 0x0000, 0x0000, 0x0000, 0x0000,
    0x0000, 0x0000, 0x0000, 0x0000, 0x0000, 0x0000, 0x0000, 0x0000, 0x0000, 0x0000, 0x0000, 0x0000, 0x0000, 0x0000, 0x0000, 0x0000,
    0x0000, 0x0000, 0x0000, 0x0000, 0x0000, 0x0000, 0x0000, 0x0000, 0x0000, 0x0000, 0x0000, 0x0000, 0x0000, 0x0000, 0x0000, 0x0000,
    0x0000, 0x0000, 0x0000, 0x0000, 0x0000, 0x0000, 0x0000, 0x0000, 0x0000, 0x0000, 0x0000, 0x0000, 0x0000, 0x0000, 0x0000, 0x0000,
    0x0000, 0x0000, 0x0000, 0x0000, 0x0000, 0x0000, 0x0000, 0x0000, 0x0000, 0x0000, 0x0000, 0x0000, 0x0000, 0x0000, 0x0000, 0x0000,
    0x0000, 0x0000, 0x0000, 0x0000, 0x0000, 0x0000, 0x0000, 0x0000, 0x0000, 0x0000, 0x0000, 0x0000, 0x0000, 0x0000, 0x0000, 0x0000,
    0x2010, 0x2010, 0x2010, 0x2010, 0x2010, 0x2010, 0x2010, 0x2010, 0x2010, 0x2010, 0x2010, 0x2010, 0x2010, 0x2010, 0x2010, 0x2010,
    0x2010, 0x2010, 0x2010, 0x2010, 0x2010, 0x2010, 0x2010, 0x2010, 0x2010, 0x2010, 0x2010, 0x2010, 0x2010, 0x0000, 0x0000, 0x0000,
    0x2010, 0x2010, 0x2010, 0x2010, 0x2010, 0x2010, 0x2010, 0x2010, 0x2010, 0x2010, 0x2010, 0x2010, 0x2010, 0x2010, 0x2010, 0x2010,
    0x2010, 0x2010, 0x2010, 0x2010, 0x2010, 0x2010, 0x2010, 0x2010, 0x2010, 0x2010, 0x2010, 0x2010, 0x2010, 0x2010, 0x2010, 0x2010,
    0x2010, 0x2010, 0x2010, 0x2010, 0x2010, 0x2010, 0x2010, 0x2010, 0x2010, 0x2010, 0x2010, 0x2010, 0x2010, 0x2010, 0x2010, 0x2010,
    0x2010, 0x0000, 0x0000, 0x0000, 0x0000, 0x0000, 0x0000, 0x0000, 0x0000, 0x0000, 0x0000, 0x0000, 0x0000, 0x0000, 0x0000, 0x0000,
    0x2020, 0x0840, 0x0840, 0x0840, 0x0840, 0x0840, 0x0840, 0x0840, 0x0840, 0x0840, 0x0840, 0x0840, 0x0840, 0x0840, 0x0840, 0x0840,
    0x0840, 0x0840, 0x0840, 0x0840, 0x0840, 0x0840, 0x0840, 0x0840, 0x0840, 0x0840, 0x0840, 0x0840, 0x0000, 0x0000, 0x0000, 0x0000,
    0x2010, 0x2010, 0x2010, 0x2010, 0x2010, 0x2010, 0x2010, 0x2010, 0x2010, 0x2010, 0x2010, 0x2010, 0x2010, 0x2010, 0x2010, 0x2010,
    0x2010, 0x2010, 0x2010, 0x2010, 0x2010, 0x2010, 0x2010, 0x2010, 0x2010, 0x2010, 0x2010, 0x2010, 0x2010, 0x2010, 0x2010, 0x2010,
    0x0840, 0x0840, 0x0840, 0x0840, 0x0000, 0x0000, 0x0000, 0x0000, 0x0000, 0x0000, 0x0000, 0x0000, 0x0000, 0x2010, 0x2010, 0x2010,
    0x2010, 0x2010, 0x2010, 0x2010, 0x2010, 0x2010, 0x2010, 0x2010, 0x2010, 0x2010, 0x2010, 0x2010, 0x2010, 0x2010, 0x2010, 0x2010,
    0x2010, 0x2840, 0x2010, 0x2010, 0x2010, 0x2010, 0x2010, 0x2010, 0x2010, 0x2010, 0x2840, 0x0000, 0x0000, 0x0000, 0x0000, 0x0000,
    0x2010, 0x2010, 0x2010, 0x2010, 0x2010, 0x2010, 0x2010, 0x2010, 0x2010, 0x2010, 0x2010, 0x2010, 0x2010, 0x2010, 0x2010, 0x2010,
    0x2010, 0x2010, 0x2010, 0x2010, 0x2010, 0x2010, 0x2010, 0x2010, 0x2010, 0x2010, 0x2010, 0x2010, 0x2010, 0x2010, 0x2010, 0x2010,
    0x2010, 0x2010, 0x2010, 0x2010, 0x2010, 0x2010, 0x2020, 0x2020, 0x2020, 0x2020, 0x2020, 0x0000, 0x0000, 0x0000, 0x0000, 0x0000,
    0x2010, 0x2010, 0x2010, 0x2010, 0x2010, 0x2010, 0x2010, 0x2010, 0x2010, 0x2010, 0x2010, 0x2010, 0x2010, 0x2010, 0x2010, 0x2010,
    0x2010, 0x2010, 0x2010, 0x2010, 0x2010, 0x2010, 0x2010, 0x2010, 0x2010, 0x2010, 0x2010, 0x2010, 0x2010, 0x2010, 0x0000, 0x4200,
    0x2010, 0x2010, 0x2010, 0x2010, 0x2010, 0x2010, 0x2010, 0x2010, 0x2010, 0x2010, 0x2010, 0x2010, 0x2010, 0x2010, 0x2010, 0x2010,
    0x2010, 0x2010, 0x2010, 0x2010, 0x2010, 0x2010, 0x2010, 0x2010, 0x2010, 0x2010, 0x2010, 0x2010, 0x2010, 0x2010, 0x2010, 0x2010,
    0x2010, 0x2010, 0x2010, 0x2010, 0x0000, 0x0000, 0x0000, 0x0000, 0x2010, 0x2010, 0x2010, 0x2010, 0x2010, 0x2010, 0x2010, 0x2010,
    0x4200, 0x2840, 0x2840, 0x2840, 0x2840, 0x2840, 0x0000, 0x0000, 0x0000, 0x0000, 0x0000, 0x0000, 0x0000, 0x0000, 0x0000, 0x0000,
    0x0000, 0x0000, 0x0000, 0x0000, 0x0000, 0x0000, 0x0000, 0x0000, 0x0000, 0x0000, 0x0000, 0x0000, 0x0000, 0x0000, 0x0000, 0x0000,
    0x0000, 0x0000, 0x0000, 0x0000, 0x0000, 0x0000, 0x0000, 0x0000, 0x0000, 0x0000, 0x0000, 0x0000, 0x0000, 0x0000, 0x0000, 0x0000,
    0x2001, 0x2001, 0x2001, 0x2001, 0x2001, 0x2001, 0x2001, 0x2001, 0x2001, 0x2001, 0x2001, 0x2001, 0x2001, 0x2001, 0x2001, 0x2001,
    0x2001, 0x2001, 0x2001, 0x2001, 0x2001, 0x2001, 0x2001, 0x2001, 0x2001, 0x2001, 0x2001, 0x2001, 0x2001, 0x2001, 0x2001, 0x2001,
    0x2001, 0x2001, 0x2001, 0x2001, 0x2001, 0x2001, 0x2001, 0x2001, 0x2002, 0x2002, 0x2002, 0x2002, 0x2002, 0x2002, 0x2002, 0x2002,
    0x2002, 0x2002, 0x2002, 0x2002, 0x2002, 0x2002, 0x2002, 0x2002, 0x2002, 0x2002, 0x2002, 0x2002, 0x2002, 0x2002, 0x2002, 0x2002,
    0x2002, 0x2002, 0x2002, 0x2002, 0x2002, 0x2002, 0x2002, 0x2002, 0x2002, 0x2002, 0x2002, 0x2002, 0x2002, 0x2002, 0x2002, 0x2002,
    0x2010, 0x2010, 0x2010, 0x2010, 0x2010, 0x2010, 0x2010, 0x2010, 0x2010, 0x2010, 0x2010, 0x2010, 0x2010, 0x2010, 0x2010, 0x2010,
    0x2010, 0x2010, 0x2010, 0x2010, 0x2010, 0x2010, 0x2010, 0x2010, 0x2010, 0x2010, 0x2010, 0x2010, 0x2010, 0x2010, 0x2010, 0x2010,
    0x2010, 0x2010, 0x2010, 0x2010, 0x2010, 0x2010, 0x2010, 0x2010, 0x2010, 0x2010, 0x2010, 0x2010, 0x2010, 0x2010, 0x2010, 0x2010,
    0x2010, 0x2010, 0x2010, 0x2010, 0x2010, 0x2010, 0x2010, 0x2010, 0x2010, 0x2010, 0x2010, 0x2010, 0x2010, 0x2010, 0x2010, 0x2010,
    0x2010, 0x2010, 0x2010, 0x2010, 0x2010, 0x2010, 0x2010, 0x2010, 0x2010, 0x2010, 0x2010, 0x2010, 0x2010, 0x2010, 0x0000, 0x0000,
    0x3840, 0x3840, 0x3840, 0x3840, 0x3840, 0x3840, 0x3840, 0x3840, 0x3840, 0x3840, 0x0000, 0x0000, 0x0000, 0x0000, 0x0000, 0x0000,
    0x2001, 0x2001, 0x2001, 0x2001, 0x2001, 0x2001, 0x2001, 0x2001, 0x2001, 0x2001, 0x2001, 0x2001, 0x2001, 0x2001, 0x2001, 0x2001,
    0x2001, 0x2001, 0x2001, 0x2001, 0x2001, 0x2001, 0x2001, 0x2001, 0x2001, 0x2001, 0x2001, 0x2001, 0x2001, 0x2001, 0x2001, 0x2001,
    0x2001, 0x2001, 0x2001, 0x2001, 0x0000, 0x0000, 0x0000, 0x0000, 0x2002, 0x2002, 0x2002, 0x2002, 0x2002, 0x2002, 0x2002, 0x2002,
    0x2002, 0x2002, 0x2002, 0x2002, 0x2002, 0x2002, 0x2002, 0x2002, 0x2002, 0x2002, 0x2002, 0x2002, 0x2002, 0x2002, 0x2002, 0x2002,
    0x2002, 0x2002, 0x2002, 0x2002, 0x2002, 0x2002, 0x2002, 0x2002, 0x2002, 0x2002, 0x2002, 0x2002, 0x0000, 0x0000, 0x0000, 0x0000,
    0x2010, 0x2010, 0x2010, 0x2010, 0x2010, 0x2010, 0x2010, 0x2010, 0x2010, 0x2010, 0x2010, 0x2010, 0x2010, 0x2010, 0x2010, 0x2010,
    0x2010, 0x2010, 0x2010, 0x2010, 0x2010, 0x2010, 0x2010, 0x2010, 0x2010, 0x2010, 0x2010, 0x2010, 0x2010, 0x2010, 0x2010, 0x2010,
    0x2010, 0x2010, 0x2010, 0x2010, 0x2010, 0x2010, 0x2010, 0x2010, 0x0000, 0x0000, 0x0000, 0x0000, 0x0000, 0x0000, 0x0000, 0x0000,
    0x2010, 0x2010, 0x2010, 0x2010, 0x2010, 0x2010, 0x2010, 0x2010, 0x2010, 0x2010, 0x2010, 0x2010, 0x2010, 0x2010, 0x2010, 0x2010,
    0x2010, 0x2010, 0x2010, 0x2010, 0x2010, 0x2010, 0x2010, 0x2010, 0x2010, 0x2010, 0x2010, 0x2010, 0x2010, 0x2010, 0x2010, 0x2010,
    0x2010, 0x2010, 0x2010, 0x2010, 0x2010, 0x2010, 0x2010, 0x2010, 0x2010, 0x2010, 0x2010, 0x2010, 0x2010, 0x2010, 0x2010, 0x2010,
    0x2010, 0x2010, 0x2010, 0x2010, 0x0000, 0x0000, 0x0000, 0x0000, 0x0000, 0x0000, 0x0000, 0x0000, 0x0000, 0x0000, 0x0000, 0x4200,
    0x2001, 0x2001, 0x2001, 0x2001, 0x2001, 0x2001, 0x2001, 0x2001, 0x2001, 0x2001, 0x2001, 0x0000, 0x2001, 0x2001, 0x2001, 0x2001,
    0x2001, 0x2001, 0x2001, 0x2001, 0x2001, 0x2001, 0x2001, 0x2001, 0x2001, 0x2001, 0x2001, 0x0000, 0x2001, 0x2001, 0x2001, 0x2001,
    0x2001, 0x2001, 0x2001, 0x0000, 0x2001, 0x2001, 0x0000, 0x2002, 0x2002, 0x2002, 0x2002, 0x2002, 0x2002, 0x2002, 0x2002, 0x2002,
    0x2002, 0x2002, 0x0000, 0x2002, 0x2002, 0x2002, 0x2002, 0x2002, 0x2002, 0x2002, 0x2002, 0x2002, 0x2002, 0x2002, 0x2002, 0x2002,
    0x2002, 0x2002, 0x0000, 0x2002, 0x2002, 0x2002, 0x2002, 0x2002, 0x2002, 0x2002, 0x0000, 0x2002, 0x2002, 0x0000, 0x0000, 0x0000,
    0x2010, 0x2010, 0x2010, 0x2010, 0x2010, 0x2010, 0x2010, 0x2010, 0x2010, 0x2010, 0x2010, 0x2010, 0x2010, 0x2010, 0x2010, 0x2010,
    0x2010, 0x2010, 0x2010, 0x2010, 0x2010, 0x2010, 0x2010, 0x2010, 0x2010, 0x2010, 0x2010, 0x2010, 0x2010, 0x2010, 0x2010, 0x2010,
    0x2010, 0x2010, 0x2010, 0x2010, 0x2010, 0x2010, 0x2010, 0x2010, 0x2010, 0x2010, 0x2010, 0x2010, 0x2010, 0x2010, 0x2010, 0x2010,
    0x2010, 0x2010, 0x2010, 0x2010, 0x0000, 0x0000, 0x0000, 0x0000, 0x0000, 0x0000, 0x0000, 0x0000, 0x0000, 0x0000, 0x0000, 0x0000,
    0x2010, 0x2010, 0x2010, 0x2010, 0x2010, 0x2010, 0x2010, 0x2010, 0x2010, 0x2010, 0x2010, 0x2010, 0x2010, 0x2010, 0x2010, 0x2010,
    0x2010, 0x2010, 0x2010, 0x2010, 0x2010, 0x2010, 0x2010, 0x2010, 0x2010, 0x2010, 0x2010, 0x2010, 0x2010, 0x2010, 0x2010, 0x2010,
    0x2010, 0x2010, 0x2010, 0x2010, 0x2010, 0x2010, 0x2010, 0x2010, 0x2010, 0x2010, 0x2010, 0x2010, 0x2010, 0x2010, 0x2010, 0x2010,
    0x2010, 0x2010, 0x2010, 0x2010, 0x2010, 0x2010, 0x2010, 0x0000, 0x0000, 0x0000, 0x0000, 0x0000, 0x0000, 0x0000, 0x0000, 0x0000,
    0x2010, 0x2010, 0x2010, 0x2010, 0x2010, 0x2010, 0x2010, 0x2010, 0x2010, 0x2010, 0x2010, 0x2010, 0x2010, 0x2010, 0x2010, 0x2010,
    0x2010, 0x2010, 0x2010, 0x2010, 0x2010, 0x2010, 0x0000, 0x0000, 0x0000, 0x0000, 0x0000, 0x0000, 0x0000, 0x0000, 0x0000, 0x0000,
    0x2010, 0x2010, 0x2010, 0x2010, 0x2010, 0x2010, 0x2010, 0x2010, 0x0000, 0x0000, 0x0000, 0x0000, 0x0000, 0x0000, 0x0000, 0x0000,
    0x0000, 0x0000, 0x0000, 0x0000, 0x0000, 0x0000, 0x0000, 0x0000, 0x0000, 0x0000, 0x0000, 0x0000, 0x0000, 0x0000, 0x0000, 0x0000,
    0x2008, 0x2008, 0x2008, 0x2008, 0x2008, 0x2008, 0x0000, 0x2008, 0x2008, 0x2008, 0x2008, 0x2008, 0x2008, 0x2008, 0x2008, 0x2008,
    0x2008, 0x2008, 0x2008, 0x2008, 0x2008, 0x2008, 0x2008, 0x2008, 0x2008, 0x2008, 0x2008, 0x2008, 0x2008, 0x2008, 0x2008, 0x2008,
    0x2008, 0x2008, 0x2008, 0x2008, 0x2008, 0x2008, 0x2008, 0x2008, 0x2008, 0x2008, 0x2008, 0x2008, 0x2008, 0x2008, 0x2008, 0x2008,
    0x2008, 0x0000, 0x2008, 0x2008, 0x2008, 0x2008, 0x2008, 0x2008, 0x2008, 0x2008, 0x2008, 0x0000, 0x0000, 0x0000, 0x0000, 0x0000,
    0x0000, 0x0000, 0x0000, 0x0000, 0x0000, 0x0000, 0x0000, 0x0000, 0x0000, 0x0000, 0x0000, 0x0000, 0x0000, 0x0000, 0x0000, 0x0000,
    0x0000, 0x0000, 0x0000, 0x0000, 0x0000, 0x0000, 0x0000, 0x0000, 0x0000, 0x0000, 0x0000, 0x0000, 0x0000, 0x0000, 0x0000, 0x0000,
    0x0000, 0x0000, 0x0000, 0x0000, 0x0000, 0x0000, 0x0000, 0x0000, 0x0000, 0x0000, 0x0000, 0x0000, 0x0000, 0x0000, 0x0000, 0x0000,
    0x0000, 0x0000, 0x0000, 0x0000, 0x0000, 0x0000, 0x0000, 0x0000, 0x0000, 0x0000, 0x0000, 0x0000, 0x0000, 0x0000, 0x0000, 0x0000,
    0x2010, 0x2010, 0x2010, 0x2010, 0x2010, 0x2010, 0x0000, 0x0000, 0x2010, 0x0000, 0x2010, 0x2010, 0x2010, 0x2010, 0x2010, 0x2010,
    0x2010, 0x2010, 0x2010, 0x2010, 0x2010, 0x2010, 0x2010, 0x2010, 0x2010, 0x2010, 0x2010, 0x2010, 0x2010, 0x2010, 0x2010, 0x2010,
    0x2010, 0x2010, 0x2010, 0x2010, 0x2010, 0x2010, 0x2010, 0x2010, 0x2010, 0x2010, 0x2010, 0x2010, 0x2010, 0x2010, 0x2010, 0x2010,
    0x2010, 0x2010, 0x2010, 0x2010, 0x2010, 0x2010, 0x0000, 0x2010, 0x2010, 0x0000, 0x0000, 0x0000, 0x2010, 0x0000, 0x0000, 0x2010,
    0x2010, 0x2010, 0x2010, 0x2010, 0x2010, 0x2010, 0x2010, 0x2010, 0x2010, 0x2010, 0x2010, 0x2010, 0x2010, 0x2010, 0x2010, 0x2010,
    0x2010, 0x2010, 0x2010, 0x2010, 0x2010, 0x2010, 0x0000, 0x4200, 0x0840, 0x0840, 0x0840, 0x0840, 0x0840, 0x0840, 0x0840, 0x0840,
    0x2010, 0x2010, 0x2010, 0x2010, 0x2010, 0x2010, 0x2010, 0x2010, 0x2010, 0x2010, 0x2010, 0x2010, 0x2010, 0x2010, 0x2010, 0x2010,
    0x2010, 0x2010, 0x2010, 0x2010, 0x2010, 0x2010, 0x2010, 0x0400, 0x0400, 0x0840, 0x0840, 0x0840, 0x0840, 0x0840, 0x0840, 0x0840,
    0x2010, 0x2010, 0x2010, 0x2010, 0x2010, 0x2010, 0x2010, 0x2010, 0x2010, 0x2010, 0x2010, 0x2010, 0x2010, 0x2010, 0x2010, 0x2010,
    0x2010, 0x2010, 0x2010, 0x2010, 0x2010, 0x2010, 0x2010, 0x2010, 0x2010, 0x2010, 0x2010, 0x2010, 0x2010, 0x2010, 0x2010, 0x0000,
    0x0000, 0x0000, 0x0000, 0x0000, 0x0000, 0x0000, 0x0000, 0x0840, 0x0840, 0x0840, 0x0840, 0x0840, 0x0840, 0x0840, 0x0840, 0x0840,
    0x0000, 0x0000, 0x0000, 0x0000, 0x0000, 0x0000, 0x0000, 0x0000, 0x0000, 0x0000, 0x0000, 0x0000, 0x0000, 0x0000, 0x0000, 0x0000,
    0x0000, 0x0000, 0x0000, 0x0000, 0x0000, 0x0000, 0x0000, 0x0000, 0x0000, 0x0000, 0x0000, 0x0000, 0x0000, 0x0000, 0x0000, 0x0000,
    0x0000, 0x0000, 0x0000, 0x0000, 0x0000, 0x0000, 0x0000, 0x0000, 0x0000, 0x0000, 0x0000, 0x0000, 0x0000, 0x0000, 0x0000, 0x0000,
    0x2010, 0x2010, 0x2010, 0x2010, 0x2010, 0x2010, 0x2010, 0x2010, 0x2010, 0x2010, 0x2010, 0x2010, 0x2010, 0x2010, 0x2010, 0x2010,
    0x2010, 0x2010, 0x2010, 0x0000, 0x2010, 0x2010, 0x0000, 0x0000, 0x0000, 0x0000, 0x0000, 0x0840, 0x0840, 0x0840, 0x0840, 0x0840,
    0x2010, 0x2010, 0x2010, 0x2010, 0x2010, 0x2010, 0x2010, 0x2010, 0x2010, 0x2010, 0x2010, 0x2010, 0x2010, 0x2010, 0x2010, 0x2010,
    0x2010, 0x2010, 0x2010, 0x2010, 0x2010, 0x2010, 0x0840, 0x0840, 0x0840, 0x0840, 0x0840, 0x0840, 0x0000, 0x0000, 0x0000, 0x4200,
    0x2010, 0x2010, 0x2010, 0x2010, 0x2010, 0x2010, 0x2010, 0x2010, 0x2010, 0x2010, 0x2010, 0x2010, 0x2010, 0x2010, 0x2010, 0x2010,
    0x2010, 0x2010, 0x2010, 0x2010, 0x2010, 0x2010, 0x2010, 0x2010, 0x2010, 0x2010, 0x0000, 0x0000, 0x0000, 0x0000, 0x0000, 0x4200,
    0x0000, 0x0000, 0x0000, 0x0000, 0x0000, 0x0000, 0x0000, 0x0000, 0x0000, 0x0000, 0x0000, 0x0000, 0x0000, 0x0000, 0x0000, 0x0000,
    0x0000, 0x0000, 0x0000, 0x0000, 0x0000, 0x0000, 0x0000, 0x0000, 0x0000, 0x0000, 0x0000, 0x0000, 0x0000, 0x0000, 0x0000, 0x0000,
    0x0000, 0x0000, 0x0000, 0x0000, 0x0000, 0x0000, 0x0000, 0x0000, 0x0000, 0x0000, 0x0000, 0x0000, 0x0000, 0x0000, 0x0000, 0x0000,
    0x0000, 0x0000, 0x0000, 0x0000, 0x0000, 0x0000, 0x0000, 0x0000, 0x0000, 0x0000, 0x0000, 0x0000, 0x0000, 0x0000, 0x0000, 0x0000,
    0x2010, 0x2010, 0x2010, 0x2010, 0x2010, 0x2010, 0x2010, 0x2010, 0x2010, 0x2010, 0x2010, 0x2010, 0x2010, 0x2010, 0x2010, 0x2010,
    0x2010, 0x2010, 0x2010, 0x2010, 0x2010, 0x2010, 0x2010, 0x2010, 0x2010, 0x2010, 0x2010, 0x2010, 0x2010, 0x2010, 0x2010, 0x2010,
    0x2010, 0x2010, 0x2010, 0x2010, 0x2010, 0x2010, 0x2010, 0x2010, 0x2010, 0x2010, 0x2010, 0x2010, 0x2010, 0x2010, 0x2010, 0x2010,
    0x2010, 0x2010, 0x2010, 0x2010, 0x2010, 0x2010, 0x2010, 0x2010, 0x0000, 0x0000, 0x0000, 0x0000, 0x0840, 0x0840, 0x2010, 0x2010,
    0x0840, 0x0840, 0x0840, 0x0840, 0x0840, 0x0840, 0x0840, 0x0840, 0x0840, 0x0840, 0x0840, 0x0840, 0x0840, 0x0840, 0x0840, 0x0840,
    0x0000, 0x0000, 0x0840, 0x0840, 0x0840, 0x0840, 0x0840, 0x0840, 0x0840, 0x0840, 0x0840, 0x0840, 0x0840, 0x0840, 0x0840, 0x0840,
    0x0840, 0x0840, 0x0840, 0x0840, 0x0840, 0x0840, 0x0840, 0x0840, 0x0840, 0x0840, 0x0840, 0x0840, 0x0840, 0x0840, 0x0840, 0x0840,
    0x0840, 0x0840, 0x0840, 0x0840, 0x0840, 0x0840, 0x0840, 0x0840, 0x0840, 0x0840, 0x0840, 0x0840, 0x0840, 0x0840, 0x0840, 0x0840,
    0x2010, 0x2020, 0x2020, 0x2020, 0x0000, 0x2020, 0x2020, 0x0000, 0x0000, 0x0000, 0x0000, 0x0000, 0x2020, 0x2020, 0x2020, 0x2020,
    0x2010, 0x2010, 0x2010, 0x2010, 0x0000, 0x2010, 0x2010, 0x2010, 0x0000, 0x2010, 0x2010, 0x2010, 0x2010, 0x2010, 0x2010, 0x2010,
    0x2010, 0x2010, 0x2010, 0x2010, 0x2010, 0x2010, 0x2010, 0x2010, 0x2010, 0x2010, 0x2010, 0x2010, 0x2010, 0x2010, 0x2010, 0x2010,
    0x2010, 0x2010, 0x2010, 0x2010, 0x2010, 0x2010, 0x0000, 0x0000, 0x2020, 0x2020, 0x2020, 0x0000, 0x0000, 0x0000, 0x0000, 0x2020,
    0x0840, 0x0840, 0x0840, 0x0840, 0x0840, 0x0840, 0x0840, 0x0840, 0x0840, 0x0000, 0x0000, 0x0000, 0x0000, 0x0000, 0x0000, 0x0000,
    0x4200, 0x4200, 0x4200, 0x4200, 0x4200, 0x4200, 0x4200, 0x4200, 0x4200, 0x0000, 0x0000, 0x0000, 0x0000, 0x0000, 0x0000, 0x0000,
    0x2010, 0x2010, 0x2010, 0x2010, 0x2010, 0x2010, 0x2010, 0x2010, 0x2010, 0x2010, 0x2010, 0x2010, 0x2010, 0x2010, 0x2010, 0x2010,
    0x2010, 0x2010, 0x2010, 0x2010, 0x2010, 0x2010, 0x2010, 0x2010, 0x2010, 0x2010, 0x2010, 0x2010, 0x2010, 0x0840, 0x0840, 0x4200,
    0x2010, 0x2010, 0x2010, 0x2010, 0x2010, 0x2010, 0x2010, 0x2010, 0x2010, 0x2010, 0x2010, 0x2010, 0x2010, 0x2010, 0x2010, 0x2010,
    0x2010, 0x2010, 0x2010, 0x2010, 0x2010, 0x2010, 0x2010, 0x2010, 0x2010, 0x2010, 0x2010, 0x2010, 0x2010, 0x0840, 0x0840, 0x0840,
    0x0000, 0x0000, 0x0000, 0x0000, 0x0000, 0x0000, 0x0000, 0x0000, 0x0000, 0x0000, 0x0000, 0x0000, 0x0000, 0x0000, 0x0000, 0x0000,
    0x0000, 0x0000, 0x0000, 0x0000, 0x0000, 0x0000, 0x0000, 0x0000, 0x0000, 0x0000, 0x0000, 0x0000, 0x0000, 0x0000, 0x0000, 0x0000,
    0x2010, 0x2010, 0x2010, 0x2010, 0x2010, 0x2010, 0x2010, 0x2010, 0x0400, 0x2010, 0x2010, 0x2010, 0x2010, 0x2010, 0x2010, 0x2010,
    0x2010, 0x2010, 0x2010, 0x2010, 0x2010, 0x2010, 0x2010, 0x2010, 0x2010, 0x2010, 0x2010, 0x2010, 0x2010, 0x2010, 0x2010, 0x2010,
    0x2010, 0x2010, 0x2010, 0x2010, 0x2010, 0x2020, 0x2020, 0x0000, 0x0000, 0x0000, 0x0000, 0x0840, 0x0840, 0x0840, 0x0840, 0x0840,
    0x4200, 0x4200, 0x4200, 0x4200, 0x4200, 0x4200, 0x4200, 0x0000, 0x0000, 0x0000, 0x0000, 0x0000, 0x0000, 0x0000, 0x0000, 0x0000,
    0x2010, 0x2010, 0x2010, 0x2010, 0x2010, 0x2010, 0x2010, 0x2010, 0x2010, 0x2010, 0x2010, 0x2010, 0x2010, 0x2010, 0x2010, 0x2010,
    0x2010, 0x2010, 0x2010, 0x2010, 0x2010, 0x2010, 0x2010, 0x2010, 0x2010, 0x2010, 0x2010, 0x2010, 0x2010, 0x2010, 0x2010, 0x2010,
    0x2010, 0x2010, 0x2010, 0x2010, 0x2010, 0x2010, 0x2010, 0x2010, 0x2010, 0x2010, 0x2010, 0x2010, 0x2010, 0x2010, 0x2010, 0x2010,
    0x2010, 0x2010, 0x2010, 0x2010, 0x2010, 0x2010, 0x0000, 0x0000, 0x0000, 0x4200, 0x4200, 0x4200, 0x4200, 0x4200, 0x4200, 0x4200,
    0x2010, 0x2010, 0x2010, 0x2010, 0x2010, 0x2010, 0x2010, 0x2010, 0x2010, 0x2010, 0x2010, 0x2010, 0x2010, 0x2010, 0x2010, 0x2010,
    0x2010, 0x2010, 0x2010, 0x2010, 0x2010, 0x2010, 0x0000, 0x0000, 0x0840, 0x0840, 0x0840, 0x0840, 0x0840, 0x0840, 0x0840, 0x0840,
    0x2010, 0x2010, 0x2010, 0x2010, 0x2010, 0x2010, 0x2010, 0x2010, 0x2010, 0x2010, 0x2010, 0x2010, 0x2010, 0x2010, 0x2010, 0x2010,
    0x2010, 0x2010, 0x2010, 0x0000, 0x0000, 0x0000, 0x0000, 0x0000, 0x0840, 0x0840, 0x0840, 0x0840, 0x0840, 0x0840, 0x0840, 0x0840,
    0x2010, 0x2010, 0x2010, 0x2010, 0x2010, 0x2010, 0x2010, 0x2010, 0x2010, 0x2010, 0x2010, 0x2010, 0x2010, 0x2010, 0x2010, 0x2010,
    0x2010, 0x2010, 0x0000, 0x0000, 0x0000, 0x0000, 0x0000, 0x0000, 0x0000, 0x4200, 0x4200, 0x4200, 0x4200, 0x0000, 0x0000, 0x0000,
    0x0000, 0x0000, 0x0000, 0x0000, 0x0000, 0x0000, 0x0000, 0x0000, 0x0000, 0x0840, 0x0840, 0x0840, 0x0840, 0x0840, 0x0840, 0x0840,
    0x0000, 0x0000, 0x0000, 0x0000, 0x0000, 0x0000, 0x0000, 0x0000, 0x0000, 0x0000, 0x0000, 0x0000, 0x0000, 0x0000, 0x0000, 0x0000,
    0x0000, 0x0000, 0x0000, 0x0000, 0x0000, 0x0000, 0x0000, 0x0000, 0x0000, 0x0000, 0x0000, 0x0000, 0x0000, 0x0000, 0x0000, 0x0000,
    0x0000, 0x0000, 0x0000, 0x0000, 0x0000, 0x0000, 0x0000, 0x0000, 0x0000, 0x0000, 0x0000, 0x0000, 0x0000, 0x0000, 0x0000, 0x0000,
    0x0000, 0x0000, 0x0000, 0x0000, 0x0000, 0x0000, 0x0000, 0x0000, 0x0000, 0x0000, 0x0000, 0x0000, 0x0000, 0x0000, 0x0000, 0x0000,
    0x0000, 0x0000, 0x0000, 0x0000, 0x0000, 0x0000, 0x0000, 0x0000, 0x0000, 0x0000, 0x0000, 0x0000, 0x0000, 0x0000, 0x0000, 0x0000,
    0x2010, 0x2010, 0x2010, 0x2010, 0x2010, 0x2010, 0x2010, 0x2010, 0x2010, 0x2010, 0x2010, 0x2010, 0x2010, 0x2010, 0x2010, 0x2010,
    0x2010, 0x2010, 0x2010, 0x2010, 0x2010, 0x2010, 0x2010, 0x2010, 0x2010, 0x2010, 0x2010, 0x2010, 0x2010, 0x2010, 0x2010, 0x2010,
    0x2010, 0x2010, 0x2010, 0x2010, 0x2010, 0x2010, 0x2010, 0x2010, 0x2010, 0x2010, 0x2010, 0x2010, 0x2010, 0x2010, 0x2010, 0x2010,
    0x2010, 0x2010, 0x2010, 0x2010, 0x2010, 0x2010, 0x2010, 0x2010, 0x2010, 0x2010, 0x2010, 0x2010, 0x2010, 0x2010, 0x2010, 0x2010,
    0x2010, 0x2010, 0x2010, 0x2010, 0x2010, 0x2010, 0x2010, 0x2010, 0x2010, 0x0000, 0x0000, 0x0000, 0x0000, 0x0000, 0x0000, 0x0000,
    0x0000, 0x0000, 0x0000, 0x0000, 0x0000, 0x0000, 0x0000, 0x0000, 0x0000, 0x0000, 0x0000, 0x0000, 0x0000, 0x0000, 0x0000, 0x0000,
    0x0000, 0x0000, 0x0000, 0x0000, 0x0000, 0x0000, 0x0000, 0x0000, 0x0000, 0x0000, 0x0000, 0x0000, 0x0000, 0x0000, 0x0000, 0x0000,
    0x0000, 0x0000, 0x0000, 0x0000, 0x0000, 0x0000, 0x0000, 0x0000, 0x0000, 0x0000, 0x0000, 0x0000, 0x0000, 0x0000, 0x0000, 0x0000,
    0x2001, 0x2001, 0x2001, 0x2001, 0x2001, 0x2001, 0x2001, 0x2001, 0x2001, 0x2001, 0x2001, 0x2001, 0x2001, 0x2001, 0x2001, 0x2001,
    0x2001, 0x2001, 0x2001, 0x2001, 0x2001, 0x2001, 0x2001, 0x2001, 0x2001, 0x2001, 0x2001, 0x2001, 0x2001, 0x2001, 0x2001, 0x2001,
    0x2001, 0x2001, 0x2001, 0x2001, 0x2001, 0x2001, 0x2001, 0x2001, 0x2001, 0x2001, 0x2001, 0x2001, 0x2001, 0x2001, 0x2001, 0x2001,
    0x2001, 0x2001, 0x2001, 0x0000, 0x0000, 0x0000, 0x0000, 0x0000, 0x0000, 0x0000, 0x0000, 0x0000, 0x0000, 0x0000, 0x0000, 0x0000,
    0x2002, 0x2002, 0x2002, 0x2002, 0x2002, 0x2002, 0x2002, 0x2002, 0x2002, 0x2002, 0x2002, 0x2002, 0x2002, 0x2002, 0x2002, 0x2002,
    0x2002, 0x2002, 0x2002, 0x2002, 0x2002, 0x2002, 0x2002, 0x2002, 0x2002, 0x2002, 0x2002, 0x2002, 0x2002, 0x2002, 0x2002, 0x2002,
    0x2002, 0x2002, 0x2002, 0x2002, 0x2002, 0x2002, 0x2002, 0x2002, 0x2002, 0x2002, 0x2002, 0x2002, 0x2002, 0x2002, 0x2002, 0x2002,
    0x2002, 0x2002, 0x2002, 0x0000, 0x0000, 0x0000, 0x0000, 0x0000, 0x0000, 0x0000, 0x0840, 0x0840, 0x0840, 0x0840, 0x0840, 0x0840,
    0x2010, 0x2010, 0x2010, 0x2010, 0x2010, 0x2010, 0x2010, 0x2010, 0x2010, 0x2010, 0x2010, 0x2010, 0x2010, 0x2010, 0x2010, 0x2010,
    0x2010, 0x2010, 0x2010, 0x2010, 0x2010, 0x2010, 0x2010, 0x2010, 0x2010, 0x2010, 0x2010, 0x2010, 0x2010, 0x2010, 0x2010, 0x2010,
    0x2010, 0x2010, 0x2010, 0x2010, 0x2020, 0x2020, 0x2020, 0x2020, 0x0000, 0x0000, 0x0000, 0x0000, 0x0000, 0x0000, 0x0000, 0x0000,
    0x3840, 0x3840, 0x3840, 0x3840, 0x3840, 0x3840, 0x3840, 0x3840, 0x3840, 0x3840, 0x0000, 0x0000, 0x0000, 0x0000, 0x0000, 0x0000,
    0x3840, 0x3840, 0x3840, 0x3840, 0x3840, 0x3840, 0x3840, 0x3840, 0x3840, 0x3840, 0x2010, 0x2010, 0x2010, 0x2010, 0x2008, 0x2010,
    0x2001, 0x2001, 0x2001, 0x2001, 0x2001, 0x2001, 0x2001, 0x2001, 0x2001, 0x2001, 0x2001, 0x2001, 0x2001, 0x2001, 0x2001, 0x2001,
    0x2001, 0x2001, 0x2001, 0x2001, 0x2001, 0x2001, 0x0000, 0x0000, 0x0000, 0x2020, 0x2020, 0x2020, 0x2020, 0x2020, 0x0200, 0x2008,
    0x2002, 0x2002, 0x2002, 0x2002, 0x2002, 0x2002, 0x2002, 0x2002, 0x2002, 0x2002, 0x2002, 0x2002, 0x2002, 0x2002, 0x2002, 0x2002,
    0x2002, 0x2002, 0x2002, 0x2002, 0x2002, 0x2002, 0x0000, 0x0000, 0x0000, 0x0000, 0x0000, 0x0000, 0x0000, 0x0000, 0x0400, 0x0400,
    0x0000, 0x0000, 0x0000, 0x0000, 0x0000, 0x0000, 0x0000, 0x0000, 0x0000, 0x0000, 0x0000, 0x0000, 0x0000, 0x0000, 0x0000, 0x0000,
    0x0000, 0x0000, 0x0000, 0x0000, 0x0000, 0x0000, 0x0000, 0x0000, 0x0000, 0x0000, 0x0000, 0x0000, 0x0000, 0x0000, 0x0000, 0x0000,
    0x0000, 0x0000, 0x0000, 0x0000, 0x0000, 0x0000, 0x0000, 0x0000, 0x0000, 0x0000, 0x0000, 0x0000, 0x0000, 0x0000, 0x0000, 0x0000,
    0x0000, 0x0000, 0x0000, 0x0000, 0x0000, 0x0000, 0x0000, 0x0000, 0x0000, 0x0000, 0x0000, 0x0000, 0x0000, 0x0000, 0x0000, 0x0000,
    0x0000, 0x0000, 0x0000, 0x0000, 0x0000, 0x0000, 0x0000, 0x0000, 0x0000, 0x0000, 0x0000, 0x0000, 0x0000, 0x0000, 0x0000, 0x0000,
    0x0000, 0x0000, 0x0000, 0x0000, 0x0000, 0x0000, 0x0000, 0x0000, 0x0000, 0x0000, 0x0000, 0x0000, 0x0000, 0x0000, 0x0000, 0x0000,
    0x0000, 0x0000, 0x0000, 0x0000, 0x0000, 0x0000, 0x0000, 0x0000, 0x0000, 0x0000, 0x0000, 0x0000, 0x0000, 0x0000, 0x0000, 0x0000,
    0x0000, 0x0000, 0x0000, 0x0000, 0x0000, 0x0000, 0x0000, 0x0000, 0x0000, 0x0000, 0x0000, 0x0000, 0x0000, 0x0000, 0x0000, 0x0000,
    0x0000, 0x0000, 0x0000, 0x0000, 0x0000, 0x0000, 0x0000, 0x0000, 0x0000, 0x0000, 0x0000, 0x0000, 0x0000, 0x0000, 0x0000, 0x0000,
    0x0000, 0x0000, 0x0000, 0x0000, 0x0000, 0x0000, 0x0000, 0x0000, 0x0000, 0x0000, 0x0000, 0x0000, 0x0000, 0x0000, 0x0000, 0x0000,
    0x0000, 0x0000, 0x0000, 0x0000, 0x0000, 0x0000, 0x0000, 0x0000, 0x0000, 0x0000, 0x0000, 0x0000, 0x0000, 0x0000, 0x0000, 0x0000,
    0x0000, 0x0000, 0x0000, 0x0000, 0x0000, 0x0000, 0x0000, 0x0000, 0x0000, 0x0000, 0x0000, 0x0000, 0x0000, 0x0000, 0x0000, 0x0000,
    0x0000, 0x0000, 0x0000, 0x0000, 0x0000, 0x0000, 0x0000, 0x0000, 0x0000, 0x0000, 0x0000, 0x0000, 0x0000, 0x0000, 0x0000, 0x0000,
    0x0840, 0x0840, 0x0840, 0x0840, 0x0840, 0x0840, 0x0840, 0x0840, 0x0840, 0x0840, 0x0840, 0x0840, 0x0840, 0x0840, 0x0840, 0x0840,
    0x0840, 0x0840, 0x0840, 0x0840, 0x0840, 0x0840, 0x0840, 0x0840, 0x0840, 0x0840, 0x0840, 0x0840, 0x0840, 0x0840, 0x0840, 0x0000,
    0x2010, 0x2010, 0x2010, 0x2010, 0x2010, 0x2010, 0x2010, 0x2010, 0x2010, 0x2010, 0x2010, 0x2010, 0x2010, 0x2010, 0x2010, 0x2010,
    0x2010, 0x2010, 0x2010, 0x2010, 0x2010, 0x2010, 0x2010, 0x2010, 0x2010, 0x2010, 0x2010, 0x2010, 0x2010, 0x2010, 0x2010, 0x2010,
    0x2010, 0x2010, 0x2010, 0x2010, 0x2010, 0x2010, 0x2010, 0x2010, 0x2010, 0x2010, 0x0000, 0x2020, 0x2020, 0x0200, 0x0000, 0x0000,
    0x2010, 0x2010, 0x0000, 0x0000, 0x0000, 0x0000, 0x0000, 0x0000, 0x0000, 0x0000, 0x0000, 0x0000, 0x0000, 0x0000, 0x0000, 0x0000,
    0x0000, 0x0000, 0x2010, 0x2010, 0x2010, 0x0000, 0x0000, 0x0000, 0x0000, 0x0000, 0x0000, 0x0000, 0x0000, 0x0000, 0x0000, 0x0000,
    0x0000, 0x0000, 0x0000, 0x0000, 0x0000, 0x0000, 0x0000, 0x0000, 0x0000, 0x0000, 0x0000, 0x0000, 0x0000, 0x0000, 0x0000, 0x0000,
    0x0000, 0x0000, 0x0000, 0x0000, 0x0000, 0x0000, 0x0000, 0x0000, 0x0000, 0x0000, 0x0000, 0x0000, 0x0000, 0x0000, 0x0000, 0x0000,
    0x0000, 0x0000, 0x0000, 0x0000, 0x0000, 0x0000, 0x0000, 0x0000, 0x0000, 0x0000, 0x0000, 0x0000, 0x2020, 0x2020, 0x2020, 0x2020,
    0x2010, 0x2010, 0x2010, 0x2010, 0x2010, 0x2010, 0x2010, 0x2010, 0x2010, 0x2010, 0x2010, 0x2010, 0x2010, 0x2010, 0x2010, 0x2010,
    0x2010, 0x2010, 0x2010, 0x2010, 0x2010, 0x2010, 0x2010, 0x2010, 0x2010, 0x2010, 0x2010, 0x2010, 0x2010, 0x0840, 0x0840, 0x0840,
    0x0840, 0x0840, 0x0840, 0x0840, 0x0840, 0x0840, 0x0840, 0x2010, 0x0000, 0x0000, 0x0000, 0x0000, 0x0000, 0x0000, 0x0000, 0x0000,
    0x2010, 0x2010, 0x2010, 0x2010, 0x2010, 0x2010, 0x2010, 0x2010, 0x2010, 0x2010, 0x2010, 0x2010, 0x2010, 0x2010, 0x2010, 0x2010,
    0x2010, 0x2010, 0x2010, 0x2010, 0x2010, 0x2010, 0x2020, 0x2020, 0x2020, 0x2020, 0x2020, 0x2020, 0x2020, 0x2020, 0x2020, 0x2020,
    0x2020, 0x0840, 0x0840, 0x0840, 0x0840, 0x0200, 0x0200, 0x0200, 0x0200, 0x0200, 0x0000, 0x0000, 0x0000, 0x0000, 0x0000, 0x0000,
    0x0000, 0x0000, 0x0000, 0x0000, 0x0000, 0x0000, 0x0000, 0x0000, 0x0000, 0x0000, 0x0000, 0x0000, 0x0000, 0x0000, 0x0000, 0x0000,
    0x2010, 0x2010, 0x2010, 0x2010, 0x2010, 0x2010, 0x2010, 0x2010, 0x2010, 0x2010, 0x2010, 0x2010, 0x2010, 0x2010, 0x2010, 0x2010,
    0x2010, 0x2010, 0x2020, 0x2020, 0x2020, 0x2020, 0x0200, 0x0200, 0x0200, 0x0200, 0x0000, 0x0000, 0x0000, 0x0000, 0x0000, 0x0000,
    0x0000, 0x0000, 0x0000, 0x0000, 0x0000, 0x0000, 0x0000, 0x0000, 0x0000, 0x0000, 0x0000, 0x0000, 0x0000, 0x0000, 0x0000, 0x0000,
    0x0000, 0x0000, 0x0000, 0x0000, 0x0000, 0x0000, 0x0000, 0x0000, 0x0000, 0x0000, 0x0000, 0x0000, 0x0000, 0x0000, 0x0000, 0x0000,
    0x2010, 0x2010, 0x2010, 0x2010, 0x2010, 0x2010, 0x2010, 0x2010, 0x2010, 0x2010, 0x2010, 0x2010, 0x2010, 0x2010, 0x2010, 0x2010,
    0x2010, 0x2010, 0x2010, 0x2010, 0x2010, 0x0840, 0x0840, 0x0840, 0x0840, 0x0840, 0x0840, 0x0840, 0x0000, 0x0000, 0x0000, 0x0000,
    0x0000, 0x0000, 0x0000, 0x0000, 0x0000, 0x0000, 0x0000, 0x0000, 0x0000, 0x0000, 0x0000, 0x0000, 0x0000, 0x0000, 0x0000, 0x0000,
    0x2010, 0x2010, 0x2010, 0x2010, 0x2010, 0x2010, 0x2010, 0x2010, 0x2010, 0x2010, 0x2010, 0x2010, 0x2010, 0x2010, 0x2010, 0x2010,
    0x2010, 0x2010, 0x2010, 0x2010, 0x2010, 0x2010, 0x2010, 0x0000, 0x0000, 0x0000, 0x0000, 0x0000, 0x0000, 0x0000, 0x0000, 0x0000,
    0x2020, 0x2020, 0x2020, 0x2010, 0x2010, 0x2010, 0x2010, 0x2010, 0x2010, 0x2010, 0x2010, 0x2010, 0x2010, 0x2010, 0x2010, 0x2010,
    0x2010, 0x2010, 0x2010, 0x2010, 0x2010, 0x2010, 0x2010, 0x2010, 0x2010, 0x2010, 0x2010, 0x2010, 0x2010, 0x2010, 0x2010, 0x2010,
    0x2010, 0x2010, 0x2010, 0x2010, 0x2010, 0x2010, 0x2010, 0x2010, 0x2010, 0x2010, 0x2010, 0x2010, 0x2010, 0x2010, 0x2010, 0x2010,
    0x2010, 0x2010, 0x2010, 0x2010, 0x2010, 0x2010, 0x2010, 0x2010, 0x2020, 0x2020, 0x2020, 0x2020, 0x2020, 0x2020, 0x2020, 0x2020,
    0x2020, 0x2020, 0x2020, 0x2020, 0x2020, 0x2020, 0x2020, 0x4200, 0x4200, 0x4200, 0x4200, 0x4200, 0x4200, 0x4200, 0x0000, 0x0000,
    0x0000, 0x0000, 0x0840, 0x0840, 0x0840, 0x0840, 0x0840, 0x0840, 0x0840, 0x0840, 0x0840, 0x0840, 0x0840, 0x0840, 0x0840, 0x0840,
    0x0840, 0x0840, 0x0840, 0x0840, 0x0840, 0x0840, 0x3840, 0x3840, 0x3840, 0x3840, 0x3840, 0x3840, 0x3840, 0x3840, 0x3840, 0x3840,
    0x2020, 0x2010, 0x2010, 0x2020, 0x2020, 0x2010, 0x0000, 0x0000, 0x0000, 0x0000, 0x0000, 0x0000, 0x0000, 0x0000, 0x0000, 0x2020,
    0x2020, 0x2020, 0x2020, 0x2010, 0x2010, 0x2010, 0x2010, 0x2010, 0x2010, 0x2010, 0x2010, 0x2010, 0x2010, 0x2010, 0x2010, 0x2010,
    0x2010, 0x2010, 0x2010, 0x2010, 0x2010, 0x2010, 0x2010, 0x2010, 0x2010, 0x2010, 0x2010, 0x2010, 0x2010, 0x2010, 0x2010, 0x2010,
    0x2010, 0x2010, 0x2010, 0x2010, 0x2010, 0x2010, 0x2010, 0x2010, 0x2010, 0x2010, 0x2010, 0x2010, 0x2010, 0x2010, 0x2010, 0x2010,
    0x2020, 0x2020, 0x2020, 0x2020, 0x2020, 0x2020, 0x2020, 0x2020, 0x2020, 0x2020, 0x2020, 0x4200, 0x4200, 0x0000, 0x4200, 0x4200,
    0x4200, 0x4200, 0x2020, 0x0000, 0x0000, 0x0000, 0x0000, 0x0000, 0x0000, 0x0000, 0x0000, 0x0000, 0x0000, 0x0000, 0x0000, 0x0000,
    0x2010, 0x2010, 0x2010, 0x2010, 0x2010, 0x2010, 0x2010, 0x2010, 0x2010, 0x2010, 0x2010, 0x2010, 0x2010, 0x2010, 0x2010, 0x2010,
    0x2010, 0x2010, 0x2010, 0x2010, 0x2010, 0x2010, 0x2010, 0x2010, 0x2010, 0x0000, 0x0000, 0x0000, 0x0000, 0x0000, 0x0000, 0x0000,
    0x3840, 0x3840, 0x3840, 0x3840, 0x3840, 0x3840, 0x3840, 0x3840, 0x3840, 0x3840, 0x0000, 0x0000, 0x0000, 0x0000, 0x0000, 0x0000,
    0x2020, 0x2020, 0x2020, 0x2010, 0x2010, 0x2010, 0x2010, 0x2010, 0x2010, 0x2010, 0x2010, 0x2010, 0x2010, 0x2010, 0x2010, 0x2010,
    0x2010, 0x2010, 0x2010, 0x2010, 0x2010, 0x2010, 0x2010, 0x2010, 0x2010, 0x2010, 0x2010, 0x2010, 0x2010, 0x2010, 0x2010, 0x2010,
    0x2010, 0x2010, 0x2010, 0x2010, 0x2010, 0x2010, 0x2010, 0x2020, 0x2020, 0x2020, 0x2020, 0x2020, 0x2020, 0x2020, 0x2020, 0x2020,
    0x2020, 0x2020, 0x2020, 0x2020, 0x2020, 0x0000, 0x3840, 0x3840, 0x3840, 0x3840, 0x3840, 0x3840, 0x3840, 0x3840, 0x3840, 0x3840,
    0x4200, 0x4200, 0x4200, 0x4200, 0x2010, 0x2020, 0x2020, 0x2010, 0x0000, 0x0000, 0x0000, 0x0000, 0x0000, 0x0000, 0x0000, 0x0000,
    0x2010, 0x2010, 0x2010, 0x2010, 0x2010, 0x2010, 0x2010, 0x2010, 0x2010, 0x2010, 0x2010, 0x2010, 0x2010, 0x2010, 0x2010, 0x2010,
    0x2010, 0x2010, 0x2010, 0x2010, 0x2010, 0x2010, 0x2010, 0x2010, 0x2010, 0x2010, 0x2010, 0x2010, 0x2010, 0x2010, 0x2010, 0x2010,
    0x2010, 0x2010, 0x2010, 0x2020, 0x4200, 0x4200, 0x2010, 0x0000, 0x0000, 0x0000, 0x0000, 0x0000, 0x0000, 0x0000, 0x0000, 0x0000,
    0x2020, 0x2020, 0x2020, 0x2010, 0x2010, 0x2010, 0x2010, 0x2010, 0x2010, 0x2010, 0x2010, 0x2010, 0x2010, 0x2010, 0x2010, 0x2010,
    0x2010, 0x2010, 0x2010, 0x2010, 0x2010, 0x2010, 0x2010, 0x2010, 0x2010, 0x2010, 0x2010, 0x2010, 0x2010, 0x2010, 0x2010, 0x2010,
    0x2010, 0x2010, 0x2010, 0x2010, 0x2010, 0x2010, 0x2010, 0x2010, 0x2010, 0x2010, 0x2010, 0x2010, 0x2010, 0x2010, 0x2010, 0x2010,
    0x2010, 0x2010, 0x2010, 0x2020, 0x2020, 0x2020, 0x2020, 0x2020, 0x2020, 0x2020, 0x2020, 0x2020, 0x2020, 0x2020, 0x2020, 0x2020,
    0x2020, 0x2010, 0x2010, 0x2010, 0x2010, 0x4200, 0x4200, 0x4200, 0x4200, 0x6020, 0x2020, 0x2020, 0x2020, 0x4200, 0x2020, 0x2020,
    0x3840, 0x3840, 0x3840, 0x3840, 0x3840, 0x3840, 0x3840, 0x3840, 0x3840, 0x3840, 0x2010, 0x4200, 0x2010, 0x4200, 0x4200, 0x4200,
    0x0000, 0x0840, 0x0840, 0x0840, 0x0840, 0x0840, 0x0840, 0x0840, 0x0840, 0x0840, 0x0840, 0x0840, 0x0840, 0x0840, 0x0840, 0x0840,
    0x0840, 0x0840, 0x0840, 0x0840, 0x0840, 0x0000, 0x0000, 0x0000, 0x0000, 0x0000, 0x0000, 0x0000, 0x0000, 0x0000, 0x0000, 0x0000,
    0x2010, 0x2010, 0x2010, 0x2010, 0x2010, 0x2010, 0x2010, 0x2010, 0x2010, 0x2010, 0x2010, 0x2010, 0x2010, 0x2010, 0x2010, 0x2010,
    0x2010, 0x2010, 0x0000, 0x2010, 0x2010, 0x2010, 0x2010, 0x2010, 0x2010, 0x2010, 0x2010, 0x2010, 0x2010, 0x2010, 0x2010, 0x2010,
    0x2010, 0x2010, 0x2010, 0x2010, 0x2010, 0x2010, 0x2010, 0x2010, 0x2010, 0x2010, 0x2010, 0x2010, 0x2020, 0x2020, 0x2020, 0x2020,
    0x2020, 0x2020, 0x2020, 0x2020, 0x2020, 0x2020, 0x2020, 0x2020, 0x4200, 0x4200, 0x4200, 0x4200, 0x4200, 0x4200, 0x2020, 0x2010,
    0x2010, 0x2020, 0x0000, 0x0000, 0x0000, 0x0000, 0x0000, 0x0000, 0x0000, 0x0000, 0x0000, 0x0000, 0x0000, 0x0000, 0x0000, 0x0000,
    0x0000, 0x0000, 0x0000, 0x0000, 0x0000, 0x0000, 0x0000, 0x0000, 0x0000, 0x0000, 0x0000, 0x0000, 0x0000, 0x0000, 0x0000, 0x0000,
    0x0000, 0x0000, 0x0000, 0x0000, 0x0000, 0x0000, 0x0000, 0x0000, 0x0000, 0x0000, 0x0000, 0x0000, 0x0000, 0x0000, 0x0000, 0x0000,
    0x0000, 0x0000, 0x0000, 0x0000, 0x0000, 0x0000, 0x0000, 0x0000, 0x0000, 0x0000, 0x0000, 0x0000, 0x0000, 0x0000, 0x0000, 0x0000,
    0x2010, 0x2010, 0x2010, 0x2010, 0x2010, 0x2010, 0x2010, 0x0000, 0x2010, 0x0000, 0x2010, 0x2010, 0x2010, 0x2010, 0x0000, 0x2010,
    0x2010, 0x2010, 0x2010, 0x2010, 0x2010, 0x2010, 0x2010, 0x2010, 0x2010, 0x2010, 0x2010, 0x2010, 0x2010, 0x2010, 0x0000, 0x2010,
    0x2010, 0x2010, 0x2010, 0x2010, 0x2010, 0x2010, 0x2010, 0x2010, 0x2010, 0x4200, 0x0000, 0x0000, 0x0000, 0x0000, 0x0000, 0x0000,
    0x2010, 0x2010, 0x2010, 0x2010, 0x2010, 0x2010, 0x2010, 0x2010, 0x2010, 0x2010, 0x2010, 0x2010, 0x2010, 0x2010, 0x2010, 0x2010,
    0x2010, 0x2010, 0x2010, 0x2010, 0x2010, 0x2010, 0x2010, 0x2010, 0x2010, 0x2010, 0x2010, 0x2010, 0x2010, 0x2010, 0x2010, 0x2010,
    0x2010, 0x2010, 0x2010, 0x2010, 0x2010, 0x2010, 0x2010, 0x2010, 0x2010, 0x2010, 0x2010, 0x2010, 0x2010, 0x2010, 0x2010, 0x2020,
    0x2020, 0x2020, 0x2020, 0x2020, 0x2020, 0x2020, 0x2020, 0x2020, 0x2020, 0x2020, 0x2020, 0x0000, 0x0000, 0x0000, 0x0000, 0x0000,
    0x3840, 0x3840, 0x3840, 0x3840, 0x3840, 0x3840, 0x3840, 0x3840, 0x3840, 0x3840, 0x0000, 0x0000, 0x0000, 0x0000, 0x0000, 0x0000,
    0x2020, 0x2020, 0x2020, 0x2020, 0x0000, 0x2010, 0x2010, 0x2010, 0x2010, 0x2010, 0x2010, 0x2010, 0x2010, 0x0000, 0x0000, 0x2010,
    0x2010, 0x0000, 0x0000, 0x2010, 0x2010, 0x2010, 0x2010, 0x2010, 0x2010, 0x2010, 0x2010, 0x2010, 0x2010, 0x2010, 0x2010, 0x2010,
    0x2010, 0x2010, 0x2010, 0x2010, 0x2010, 0x2010, 0x2010, 0x2010, 0x2010, 0x0000, 0x2010, 0x2010, 0x2010, 0x2010, 0x2010, 0x2010,
    0x2010, 0x0000, 0x2010, 0x2010, 0x0000, 0x2010, 0x2010, 0x2010, 0x2010, 0x2010, 0x0000, 0x2020, 0x2020, 0x2010, 0x2020, 0x2020,
    0x2020, 0x2020, 0x2020, 0x2020, 0x2020, 0x0000, 0x0000, 0x2020, 0x2020, 0x0000, 0x0000, 0x2020, 0x2020, 0x2020, 0x0000, 0x0000,
    0x2010, 0x0000, 0x0000, 0x0000, 0x0000, 0x0000, 0x0000, 0x2020, 0x0000, 0x0000, 0x0000, 0x0000, 0x0000, 0x2010, 0x2010, 0x2010,
    0x2010, 0x2010, 0x2020, 0x2020, 0x0000, 0x0000, 0x2020, 0x2020, 0x2020, 0x2020, 0x2020, 0x2020, 0x2020, 0x0000, 0x0000, 0x0000,
    0x2020, 0x2020, 0x2020, 0x2020, 0x2020, 0x0000, 0x0000, 0x0000, 0x0000, 0x0000, 0x0000, 0x0000, 0x0000, 0x0000, 0x0000, 0x0000,
    0x2010, 0x2010, 0x2010, 0x2010, 0x2010, 0x2010, 0x2010, 0x2010, 0x2010, 0x2010, 0x0000, 0x2010, 0x0000, 0x0000, 0x2010, 0x0000,
    0x2010, 0x2010, 0x2010, 0x2010, 0x2010, 0x2010, 0x2010, 0x2010, 0x2010, 0x2010, 0x2010, 0x2010, 0x2010, 0x2010, 0x2010, 0x2010,
    0x2010, 0x2010, 0x2010, 0x2010, 0x2010, 0x2010, 0x2010, 0x2010, 0x2010, 0x2010, 0x2010, 0x2010, 0x2010, 0x2010, 0x2010, 0x2010,
    0x2010, 0x2010, 0x2010, 0x2010, 0x2010, 0x2010, 0x0000, 0x2010, 0x2020, 0x2020, 0x2020, 0x2020, 0x2020, 0x2020, 0x2020, 0x2020,
    0x2020, 0x0000, 0x2020, 0x0000, 0x0000, 0x2020, 0x0000, 0x2020, 0x2020, 0x2020, 0x2020, 0x0000, 0x2020, 0x2020, 0x2020, 0x2020,
    0x2020, 0x2010, 0x2020, 0x2010, 0x0200, 0x0200, 0x0000, 0x0200, 0x0200, 0x0000, 0x0000, 0x0000, 0x0000, 0x0000, 0x0000, 0x0000,
    0x0000, 0x2020, 0x2020, 0x0000, 0x0000, 0x0000, 0x0000, 0x0000, 0x0000, 0x0000, 0x0000, 0x0000, 0x0000, 0x0000, 0x0000, 0x0000,
    0x0000, 0x0000, 0x0000, 0x0000, 0x0000, 0x0000, 0x0000, 0x0000, 0x0000, 0x0000, 0x0000, 0x0000, 0x0000, 0x0000, 0x0000, 0x0000,
    0x2010, 0x2010, 0x2010, 0x2010, 0x2010, 0x2010, 0x2010, 0x2010, 0x2010, 0x2010, 0x2010, 0x2010, 0x2010, 0x2010, 0x2010, 0x2010,
    0x2010, 0x2010, 0x2010, 0x2010, 0x2010, 0x2010, 0x2010, 0x2010, 0x2010, 0x2010, 0x2010, 0x2010, 0x2010, 0x2010, 0x2010, 0x2010,
    0x2010, 0x2010, 0x2010, 0x2010, 0x2010, 0x2010, 0x2010, 0x2010, 0x2010, 0x2010, 0x2010, 0x2010, 0x2010, 0x2010, 0x2010, 0x2010,
    0x2010, 0x2010, 0x2010, 0x2010, 0x2010, 0x2020, 0x2020, 0x2020, 0x2020, 0x2020, 0x2020, 0x2020, 0x2020, 0x2020, 0x2020, 0x2020,
    0x2020, 0x2020, 0x2020, 0x2020, 0x2020, 0x2020, 0x2020, 0x2010, 0x2010, 0x2010, 0x2010, 0x0200, 0x0200, 0x0200, 0x0200, 0x0200,
    0x3840, 0x3840, 0x3840, 0x3840, 0x3840, 0x3840, 0x3840, 0x3840, 0x3840, 0x3840, 0x0200, 0x0200, 0x0000, 0x0200, 0x2020, 0x2010,
    0x2010, 0x2010, 0x0000, 0x0000, 0x0000, 0x0000, 0x0000, 0x0000, 0x0000, 0x0000, 0x0000, 0x0000, 0x0000, 0x0000, 0x0000, 0x0000,
    0x0000, 0x0000, 0x0000, 0x0000, 0x0000, 0x0000, 0x0000, 0x0000, 0x0000, 0x0000, 0x0000, 0x0000, 0x0000, 0x0000, 0x0000, 0x0000,
    0x2010, 0x2010, 0x2010, 0x2010, 0x2010, 0x2010, 0x2010, 0x2010, 0x2010, 0x2010, 0x2010, 0x2010, 0x2010, 0x2010, 0x2010, 0x2010,
    0x2010, 0x2010, 0x2010, 0x2010, 0x2010, 0x2010, 0x2010, 0x2010, 0x2010, 0x2010, 0x2010, 0x2010, 0x2010, 0x2010, 0x2010, 0x2010,
    0x2010, 0x2010, 0x2010, 0x2010, 0x2010, 0x2010, 0x2010, 0x2010, 0x2010, 0x2010, 0x2010, 0x2010, 0x2010, 0x2010, 0x2010, 0x2010,
    0x2020, 0x2020, 0x2020, 0x2020, 0x2020, 0x2020, 0x2020, 0x2020, 0x2020, 0x2020, 0x2020, 0x2020, 0x2020, 0x2020, 0x2020, 0x2020,
    0x2020, 0x2020, 0x2020, 0x2020, 0x2010, 0x2010, 0x4200, 0x2010, 0x0000, 0x0000, 0x0000, 0x0000, 0x0000, 0x0000, 0x0000, 0x0000,
    0x3840, 0x3840, 0x3840, 0x3840, 0x3840, 0x3840, 0x3840, 0x3840, 0x3840, 0x3840, 0x0000, 0x0000, 0x0000, 0x0000, 0x0000, 0x0000,
    0x0000, 0x0000, 0x0000, 0x0000, 0x0000, 0x0000, 0x0000, 0x0000, 0x0000, 0x0000, 0x0000, 0x0000, 0x0000, 0x0000, 0x0000, 0x0000,
    0x0000, 0x0000, 0x0000, 0x0000, 0x0000, 0x0000, 0x0000, 0x0000, 0x0000, 0x0000, 0x0000, 0x0000, 0x0000, 0x0000, 0x0000, 0x0000,
    0x0000, 0x0000, 0x0000, 0x0000, 0x0000, 0x0000, 0x0000, 0x0000, 0x0000, 0x0000, 0x0000, 0x0000, 0x0000, 0x0000, 0x0000, 0x0000,
    0x0000, 0x0000, 0x0000, 0x0000, 0x0000, 0x0000, 0x0000, 0x0000, 0x0000, 0x0000, 0x0000, 0x0000, 0x0000, 0x0000, 0x0000, 0x0000,
    0x0000, 0x0000, 0x0000, 0x0000, 0x0000, 0x0000, 0x0000, 0x0000, 0x0000, 0x0000, 0x0000, 0x0000, 0x0000, 0x0000, 0x0000, 0x0000,
    0x0000, 0x0000, 0x0000, 0x0000, 0x0000, 0x0000, 0x0000, 0x0000, 0x0000, 0x0000, 0x0000, 0x0000, 0x0000, 0x0000, 0x0000, 0x0000,
    0x0000, 0x0000, 0x0000, 0x0000, 0x0000, 0x0000, 0x0000, 0x0000, 0x0000, 0x0000, 0x0000, 0x0000, 0x0000, 0x0000, 0x0000, 0x0000,
    0x0000, 0x0000, 0x0000, 0x0000, 0x0000, 0x0000, 0x0000, 0x0000, 0x0000, 0x0000, 0x0000, 0x0000, 0x0000, 0x0000, 0x0000, 0x0000,
    0x0000, 0x0000, 0x0000, 0x0000, 0x0000, 0x0000, 0x0000, 0x0000, 0x0000, 0x0000, 0x0000, 0x0000, 0x0000, 0x0000, 0x0000, 0x0000,
    0x0000, 0x0000, 0x0000, 0x0000, 0x0000, 0x0000, 0x0000, 0x0000, 0x0000, 0x0000, 0x0000, 0x0000, 0x0000, 0x0000, 0x0000, 0x0000,
    0x2010, 0x2010, 0x2010, 0x2010, 0x2010, 0x2010, 0x2010, 0x2010, 0x2010, 0x2010, 0x2010, 0x2010, 0x2010, 0x2010, 0x2010, 0x2010,
    0x2010, 0x2010, 0x2010, 0x2010, 0x2010, 0x2010, 0x2010, 0x2010, 0x2010, 0x2010, 0x2010, 0x2010, 0x2010, 0x2010, 0x2010, 0x2010,
    0x2010, 0x2010, 0x2010, 0x2010, 0x2010, 0x2010, 0x2010, 0x2010, 0x2010, 0x2010, 0x2010, 0x2010, 0x2010, 0x2010, 0x2010, 0x2020,
    0x2020, 0x2020, 0x2020, 0x2020, 0x2020, 0x2020, 0x0000, 0x0000, 0x2020, 0x2020, 0x2020, 0x2020, 0x2020, 0x2020, 0x2020, 0x2020,
    0x2020, 0x4200, 0x4200, 0x4200, 0x4200, 0x4200, 0x4200, 0x4200, 0x4200, 0x4200, 0x4200, 0x4200, 0x4200, 0x4200, 0x4200, 0x4200,
    0x4200, 0x4200, 0x4200, 0x4200, 0x4200, 0x4200, 0x4200, 0x4200, 0x2010, 0x2010, 0x2010, 0x2010, 0x2020, 0x2020, 0x0000, 0x0000,
    0x0000, 0x0000, 0x0000, 0x0000, 0x0000, 0x0000, 0x0000, 0x0000, 0x0000, 0x0000, 0x0000, 0x0000, 0x0000, 0x0000, 0x0000, 0x0000,
    0x0000, 0x0000, 0x0000, 0x0000, 0x0000, 0x0000, 0x0000, 0x0000, 0x0000, 0x0000, 0x0000, 0x0000, 0x0000, 0x0000, 0x0000, 0x0000,
    0x2010, 0x2010, 0x2010, 0x2010, 0x2010, 0x2010, 0x2010, 0x2010, 0x2010, 0x2010, 0x2010, 0x2010, 0x2010, 0x2010, 0x2010, 0x2010,
    0x2010, 0x2010, 0x2010, 0x2010, 0x2010, 0x2010, 0x2010, 0x2010, 0x2010, 0x2010, 0x2010, 0x2010, 0x2010, 0x2010, 0x2010, 0x2010,
    0x2010, 0x2010, 0x2010, 0x2010, 0x2010, 0x2010, 0x2010, 0x2010, 0x2010, 0x2010, 0x2010, 0x2010, 0x2010, 0x2010, 0x2010, 0x2010,
    0x2020, 0x2020, 0x2020, 0x2020, 0x2020, 0x2020, 0x2020, 0x2020, 0x2020, 0x2020, 0x2020, 0x2020, 0x2020, 0x2020, 0x2020, 0x2020,
    0x2020, 0x4200, 0x4200, 0x4200, 0x2010, 0x0000, 0x0000, 0x0000, 0x0000, 0x0000, 0x0000, 0x0000, 0x0000, 0x0000, 0x0000, 0x0000,
    0x3840, 0x3840, 0x3840, 0x3840, 0x3840, 0x3840, 0x3840, 0x3840, 0x3840, 0x3840, 0x0000, 0x0000, 0x0000, 0x0000, 0x0000, 0x0000,
    0x0200, 0x0200, 0x0200, 0x0200, 0x0200, 0x0200, 0x0200, 0x0200, 0x0200, 0x0200, 0x0200, 0x0200, 0x0200, 0x0000, 0x0000, 0x0000,
    0x0000, 0x0000, 0x0000, 0x0000, 0x0000, 0x0000, 0x0000, 0x0000, 0x0000, 0x0000, 0x0000, 0x0000, 0x0000, 0x0000, 0x0000, 0x0000,
    0x2010, 0x2010, 0x2010, 0x2010, 0x2010, 0x2010, 0x2010, 0x2010, 0x2010, 0x2010, 0x2010, 0x2010, 0x2010, 0x2010, 0x2010, 0x2010,
    0x2010, 0x2010, 0x2010, 0x2010, 0x2010, 0x2010, 0x2010, 0x2010, 0x2010, 0x2010, 0x2010, 0x2010, 0x2010, 0x2010, 0x2010, 0x2010,
    0x2010, 0x2010, 0x2010, 0x2010, 0x2010, 0x2010, 0x2010, 0x2010, 0x2010, 0x2010, 0x2010, 0x2020, 0x2020, 0x2020, 0x2020, 0x2020,
    0x2020, 0x2020, 0x2020, 0x2020, 0x2020, 0x2020, 0x2020, 0x2020, 0x2010, 0x0200, 0x0000, 0x0000, 0x0000, 0x0000, 0x0000, 0x0000,
    0x3840, 0x3840, 0x3840, 0x3840, 0x3840, 0x3840, 0x3840, 0x3840, 0x3840, 0x3840, 0x0000, 0x0000, 0x0000, 0x0000, 0x0000, 0x0000,
    0x3840, 0x3840, 0x3840, 0x3840, 0x3840, 0x3840, 0x3840, 0x3840, 0x3840, 0x3840, 0x3840, 0x3840, 0x3840, 0x3840, 0x3840, 0x3840,
    0x3840, 0x3840, 0x3840, 0x3840, 0x0000, 0x0000, 0x0000, 0x0000, 0x0000, 0x0000, 0x0000, 0x0000, 0x0000, 0x0000, 0x0000, 0x0000,
    0x0000, 0x0000, 0x0000, 0x0000, 0x0000, 0x0000, 0x0000, 0x0000, 0x0000, 0x0000, 0x0000, 0x0000, 0x0000, 0x0000, 0x0000, 0x0000,
    0x2010, 0x2010, 0x2010, 0x2010, 0x2010, 0x2010, 0x2010, 0x2010, 0x2010, 0x2010, 0x2010, 0x2010, 0x2010, 0x2010, 0x2010, 0x2010,
    0x2010, 0x2010, 0x2010, 0x2010, 0x2010, 0x2010, 0x2010, 0x2010, 0x2010, 0x2010, 0x2010, 0x0000, 0x0000, 0x2020, 0x2020, 0x2020,
    0x2020, 0x2020, 0x2020, 0x2020, 0x2020, 0x2020, 0x2020, 0x2020, 0x2020, 0x2020, 0x2020, 0x2020, 0x0000, 0x0000, 0x0000, 0x0000,
    0x3840, 0x3840, 0x3840, 0x3840, 0x3840, 0x3840, 0x3840, 0x3840, 0x3840, 0x3840, 0x0840, 0x0840, 0x4200, 0x4200, 0x4200, 0x0400,
    0x2010, 0x2010, 0x2010, 0x2010, 0x2010, 0x2010, 0x2010, 0x0000, 0x0000, 0x0000, 0x0000, 0x0000, 0x0000, 0x0000, 0x0000, 0x0000,
    0x0000, 0x0000, 0x0000, 0x0000, 0x0000, 0x0000, 0x0000, 0x0000, 0x0000, 0x0000, 0x0000, 0x0000, 0x0000, 0x0000, 0x0000, 0x0000,
    0x0000, 0x0000, 0x0000, 0x0000, 0x0000, 0x0000, 0x0000, 0x0000, 0x0000, 0x0000, 0x0000, 0x0000, 0x0000, 0x0000, 0x0000, 0x0000,
    0x0000, 0x0000, 0x0000, 0x0000, 0x0000, 0x0000, 0x0000, 0x0000, 0x0000, 0x0000, 0x0000, 0x0000, 0x0000, 0x0000, 0x0000, 0x0000,
    0x0000, 0x0000, 0x0000, 0x0000, 0x0000, 0x0000, 0x0000, 0x0000, 0x0000, 0x0000, 0x0000, 0x0000, 0x0000, 0x0000, 0x0000, 0x0000,
    0x0000, 0x0000, 0x0000, 0x0000, 0x0000, 0x0000, 0x0000, 0x0000, 0x0000, 0x0000, 0x0000, 0x0000, 0x0000, 0x0000, 0x0000, 0x0000,
    0x0000, 0x0000, 0x0000, 0x0000, 0x0000, 0x0000, 0x0000, 0x0000, 0x0000, 0x0000, 0x0000, 0x0000, 0x0000, 0x0000, 0x0000, 0x0000,
    0x0000, 0x0000, 0x0000, 0x0000, 0x0000, 0x0000, 0x0000, 0x0000, 0x0000, 0x0000, 0x0000, 0x0000, 0x0000, 0x0000, 0x0000, 0x0000,
    0x0000, 0x0000, 0x0000, 0x0000, 0x0000, 0x0000, 0x0000, 0x0000, 0x0000, 0x0000, 0x0000, 0x0000, 0x0000, 0x0000, 0x0000, 0x0000,
    0x0000, 0x0000, 0x0000, 0x0000, 0x0000, 0x0000, 0x0000, 0x0000, 0x0000, 0x0000, 0x0000, 0x0000, 0x0000, 0x0000, 0x0000, 0x0000,
    0x0000, 0x0000, 0x0000, 0x0000, 0x0000, 0x0000, 0x0000, 0x0000, 0x0000, 0x0000, 0x0000, 0x0000, 0x0000, 0x0000, 0x0000, 0x0000,
    0x0000, 0x0000, 0x0000, 0x0000, 0x0000, 0x0000, 0x0000, 0x0000, 0x0000, 0x0000, 0x0000, 0x0000, 0x0000, 0x0000, 0x0000, 0x0000,
    0x2010, 0x2010, 0x2010, 0x2010, 0x2010, 0x2010, 0x2010, 0x2010, 0x2010, 0x2010, 0x2010, 0x2010, 0x2010, 0x2010, 0x2010, 0x2010,
    0x2010, 0x2010, 0x2010, 0x2010, 0x2010, 0x2010, 0x2010, 0x2010, 0x2010, 0x2010, 0x2010, 0x2010, 0x2010, 0x2010, 0x2010, 0x2010,
    0x2010, 0x2010, 0x2010, 0x2010, 0x2010, 0x2010, 0x2010, 0x2010, 0x2010, 0x2010, 0x2010, 0x2010, 0x2020, 0x2020, 0x2020, 0x2020,
    0x2020, 0x2020, 0x2020, 0x2020, 0x2020, 0x2020, 0x2020, 0x2020, 0x2020, 0x2020, 0x2020, 0x0200, 0x0000, 0x0000, 0x0000, 0x0000,
    0x0000, 0x0000, 0x0000, 0x0000, 0x0000, 0x0000, 0x0000, 0x0000, 0x0000, 0x0000, 0x0000, 0x0000, 0x0000, 0x0000, 0x0000, 0x0000,
    0x0000, 0x0000, 0x0000, 0x0000, 0x0000, 0x0000, 0x0000, 0x0000, 0x0000, 0x0000, 0x0000, 0x0000, 0x0000, 0x0000, 0x0000, 0x0000,
    0x0000, 0x0000, 0x0000, 0x0000, 0x0000, 0x0000, 0x0000, 0x0000, 0x0000, 0x0000, 0x0000, 0x0000, 0x0000, 0x0000, 0x0000, 0x0000,
    0x0000, 0x0000, 0x0000, 0x0000, 0x0000, 0x0000, 0x0000, 0x0000, 0x0000, 0x0000, 0x0000, 0x0000, 0x0000, 0x0000, 0x0000, 0x0000,
    0x0000, 0x0000, 0x0000, 0x0000, 0x0000, 0x0000, 0x0000, 0x0000, 0x0000, 0x0000, 0x0000, 0x0000, 0x0000, 0x0000, 0x0000, 0x0000,
    0x0000, 0x0000, 0x0000, 0x0000, 0x0000, 0x0000, 0x0000, 0x0000, 0x0000, 0x0000, 0x0000, 0x0000, 0x0000, 0x0000, 0x0000, 0x0000,
    0x2001, 0x2001, 0x2001, 0x2001, 0x2001, 0x2001, 0x2001, 0x2001, 0x2001, 0x2001, 0x2001, 0x2001, 0x2001, 0x2001, 0x2001, 0x2001,
    0x2001, 0x2001, 0x2001, 0x2001, 0x2001, 0x2001, 0x2001, 0x2001, 0x2001, 0x2001, 0x2001, 0x2001, 0x2001, 0x2001, 0x2001, 0x2001,
    0x2002, 0x2002, 0x2002, 0x2002, 0x2002, 0x2002, 0x2002, 0x2002, 0x2002, 0x2002, 0x2002, 0x2002, 0x2002, 0x2002, 0x2002, 0x2002,
    0x2002, 0x2002, 0x2002, 0x2002, 0x2002, 0x2002, 0x2002, 0x2002, 0x2002, 0x2002, 0x2002, 0x2002, 0x2002, 0x2002, 0x2002, 0x2002,
    0x3840, 0x3840, 0x3840, 0x3840, 0x3840, 0x3840, 0x3840, 0x3840, 0x3840, 0x3840, 0x0840, 0x0840, 0x0840, 0x0840, 0x0840, 0x0840,
    0x0840, 0x0840, 0x0840, 0x0000, 0x0000, 0x0000, 0x0000, 0x0000, 0x0000, 0x0000, 0x0000, 0x0000, 0x0000, 0x0000, 0x0000, 0x2010,
    0x2010, 0x2010, 0x2010, 0x2010, 0x2010, 0x2010, 0x2010, 0x0000, 0x0000, 0x2010, 0x0000, 0x0000, 0x2010, 0x2010, 0x2010, 0x2010,
    0x2010, 0x2010, 0x2010, 0x2010, 0x0000, 0x2010, 0x2010, 0x0000, 0x2010, 0x2010, 0x2010, 0x2010, 0x2010, 0x2010, 0x2010, 0x2010,
    0x2010, 0x2010, 0x2010, 0x2010, 0x2010, 0x2010, 0x2010, 0x2010, 0x2010, 0x2010, 0x2010, 0x2010, 0x2010, 0x2010, 0x2010, 0x2010,
    0x2020, 0x2020, 0x2020, 0x2020, 0x2020, 0x2020, 0x0000, 0x2020, 0x2020, 0x0000, 0x0000, 0x2020, 0x2020, 0x2020, 0x2020, 0x2010,
    0x2020, 0x2010, 0x2020, 0x2020, 0x0200, 0x0200, 0x0200, 0x0000, 0x0000, 0x0000, 0x0000, 0x0000, 0x0000, 0x0000, 0x0000, 0x0000,
    0x3840, 0x3840, 0x3840, 0x3840, 0x3840, 0x3840, 0x3840, 0x3840, 0x3840, 0x3840, 0x0000, 0x0000, 0x0000, 0x0000, 0x0000, 0x0000,
    0x0000, 0x0000, 0x0000, 0x0000, 0x0000, 0x0000, 0x0000, 0x0000, 0x0000, 0x0000, 0x0000, 0x0000, 0x0000, 0x0000, 0x0000, 0x0000,
    0x0000, 0x0000, 0x0000, 0x0000, 0x0000, 0x0000, 0x0000, 0x0000, 0x0000, 0x0000, 0x0000, 0x0000, 0x0000, 0x0000, 0x0000, 0x0000,
    0x0000, 0x0000, 0x0000, 0x0000, 0x0000, 0x0000, 0x0000, 0x0000, 0x0000, 0x0000, 0x0000, 0x0000, 0x0000, 0x0000, 0x0000, 0x0000,
    0x0000, 0x0000, 0x0000, 0x0000, 0x0000, 0x0000, 0x0000, 0x0000, 0x0000, 0x0000, 0x0000, 0x0000, 0x0000, 0x0000, 0x0000, 0x0000,
    0x2010, 0x2010, 0x2010, 0x2010, 0x2010, 0x2010, 0x2010, 0x2010, 0x0000, 0x0000, 0x2010, 0x2010, 0x2010, 0x2010, 0x2010, 0x2010,
    0x2010, 0x2010, 0x2010, 0x2010, 0x2010, 0x2010, 0x2010, 0x2010, 0x2010, 0x2010, 0x2010, 0x2010, 0x2010, 0x2010, 0x2010, 0x2010,
    0x2010, 0x2010, 0x2010, 0x2010, 0x2010, 0x2010, 0x2010, 0x2010, 0x2010, 0x2010, 0x2010, 0x2010, 0x2010, 0x2010, 0x2010, 0x2010,
    0x2010, 0x2020, 0x2020, 0x2020, 0x2020, 0x2020, 0x2020, 0x2020, 0x0000, 0x0000, 0x2020, 0x2020, 0x2020, 0x2020, 0x2020, 0x2020,
    0x2020, 0x2010, 0x0200, 0x2010, 0x2020, 0x0000, 0x0000, 0x0000, 0x0000, 0x0000, 0x0000, 0x0000, 0x0000, 0x0000, 0x0000, 0x0000,
    0x0000, 0x0000, 0x0000, 0x0000, 0x0000, 0x0000, 0x0000, 0x0000, 0x0000, 0x0000, 0x0000, 0x0000, 0x0000, 0x0000, 0x0000, 0x0000,
    0x2010, 0x2020, 0x2020, 0x2020, 0x2020, 0x2020, 0x2020, 0x2020, 0x2020, 0x2020, 0x2020, 0x2010, 0x2010, 0x2010, 0x2010, 0x2010,
    0x2010, 0x2010, 0x2010, 0x2010, 0x2010, 0x2010, 0x2010, 0x2010, 0x2010, 0x2010, 0x2010, 0x2010, 0x2010, 0x2010, 0x2010, 0x2010,
    0x2010, 0x2010, 0x2010, 0x2010, 0x2010, 0x2010, 0x2010, 0x2010, 0x2010, 0x2010, 0x2010, 0x2010, 0x2010, 0x2010, 0x2010, 0x2010,
    0x2010, 0x2010, 0x2010, 0x2020, 0x2020, 0x2020, 0x2020, 0x2020, 0x2020, 0x2020, 0x2010, 0x2020, 0x2020, 0x2020, 0x2020, 0x0200,
    0x0200, 0x0200, 0x0200, 0x0200, 0x0200, 0x0200, 0x0200, 0x2020, 0x0000, 0x0000, 0x0000, 0x0000, 0x0000, 0x0000, 0x0000, 0x0000,
    0x2010, 0x2020, 0x2020, 0x2020, 0x2020, 0x2020, 0x2020, 0x2020, 0x2020, 0x2020, 0x2020, 0x2020, 0x2010, 0x2010, 0x2010, 0x2010,
    0x2010, 0x2010, 0x2010, 0x2010, 0x2010, 0x2010, 0x2010, 0x2010, 0x2010, 0x2010, 0x2010, 0x2010, 0x2010, 0x2010, 0x2010, 0x2010,
    0x2010, 0x2010, 0x2010, 0x2010, 0x2010, 0x2010, 0x2010, 0x2010, 0x2010, 0x2010, 0x2010, 0x2010, 0x2010, 0x2010, 0x2010, 0x2010,
    0x2010, 0x2010, 0x2010, 0x2010, 0x2010, 0x2010, 0x2010, 0x2010, 0x2010, 0x2010, 0x2020, 0x2020, 0x2020, 0x2020, 0x2020, 0x2020,
    0x2020, 0x2020, 0x2020, 0x2020, 0x2020, 0x2020, 0x2020, 0x2020, 0x2020, 0x2020, 0x0200, 0x0200, 0x0200, 0x2010, 0x0200, 0x0200,
    0x0200, 0x0200, 0x0200, 0x0000, 0x0000, 0x0000, 0x0000, 0x0000, 0x0000, 0x0000, 0x0000, 0x0000, 0x0000, 0x0000, 0x0000, 0x0000,
    0x2010, 0x2010, 0x2010, 0x2010, 0x2010, 0x2010, 0x2010, 0x2010, 0x2010, 0x2010, 0x2010, 0x2010, 0x2010, 0x2010, 0x2010, 0x2010,
    0x2010, 0x2010, 0x2010, 0x2010, 0x2010, 0x2010, 0x2010, 0x2010, 0x2010, 0x2010, 0x2010, 0x2010, 0x2010, 0x2010, 0x2010, 0x2010,
    0x2010, 0x2010, 0x2010, 0x2010, 0x2010, 0x2010, 0x2010, 0x2010, 0x2010, 0x2010, 0x2010, 0x2010, 0x2010, 0x2010, 0x2010, 0x2010,
    0x2010, 0x2010, 0x2010, 0x2010, 0x2010, 0x2010, 0x2010, 0x2010, 0x2010, 0x2010, 0x2010, 0x2010, 0x2010, 0x2010, 0x2010, 0x2010,
    0x2010, 0x2010, 0x2010, 0x2010, 0x2010, 0x2010, 0x2010, 0x2010, 0x2010, 0x0000, 0x0000, 0x0000, 0x0000, 0x0000, 0x0000, 0x0000,
    0x0200, 0x0200, 0x0200, 0x0200, 0x0200, 0x0200, 0x0200, 0x0200, 0x0200, 0x0200, 0x0000, 0x0000, 0x0000, 0x0000, 0x0000, 0x0000,
    0x0000, 0x0000, 0x0000, 0x0000, 0x0000, 0x0000, 0x0000, 0x0000, 0x0000, 0x0000, 0x0000, 0x0000, 0x0000, 0x0000, 0x0000, 0x0000,
    0x0000, 0x0000, 0x0000, 0x0000, 0x0000, 0x0000, 0x0000, 0x0000, 0x0000, 0x0000, 0x0000, 0x0000, 0x0000, 0x0000, 0x0000, 0x0000,
    0x0000, 0x0000, 0x0000, 0x0000, 0x0000, 0x0000, 0x0000, 0x0000, 0x0000, 0x0000, 0x0000, 0x0000, 0x0000, 0x0000, 0x0000, 0x0000,
    0x0000, 0x0000, 0x0000, 0x0000, 0x0000, 0x0000, 0x0000, 0x0000, 0x0000, 0x0000, 0x0000, 0x0000, 0x0000, 0x0000, 0x0000, 0x0000,
    0x0000, 0x0000, 0x0000, 0x0000, 0x0000, 0x0000, 0x0000, 0x0000, 0x0000, 0x0000, 0x0000, 0x0000, 0x0000, 0x0000, 0x0000, 0x0000,
    0x0000, 0x0000, 0x0000, 0x0000, 0x0000, 0x0000, 0x0000, 0x0000, 0x0000, 0x0000, 0x0000, 0x0000, 0x0000, 0x0000, 0x0000, 0x0000,
    0x0000, 0x0000, 0x0000, 0x0000, 0x0000, 0x0000, 0x0000, 0x0000, 0x0000, 0x0000, 0x0000, 0x0000, 0x0000, 0x0000, 0x0000, 0x0000,
    0x0000, 0x0000, 0x0000, 0x0000, 0x0000, 0x0000, 0x0000, 0x0000, 0x0000, 0x0000, 0x0000, 0x0000, 0x0000, 0x0000, 0x0000, 0x0000,
    0x0000, 0x0000, 0x0000, 0x0000, 0x0000, 0x0000, 0x0000, 0x0000, 0x0000, 0x0000, 0x0000, 0x0000, 0x0000, 0x0000, 0x0000, 0x0000,
    0x0000, 0x0000, 0x0000, 0x0000, 0x0000, 0x0000, 0x0000, 0x0000, 0x0000, 0x0000, 0x0000, 0x0000, 0x0000, 0x0000, 0x0000, 0x0000,
    0x0000, 0x0000, 0x0000, 0x0000, 0x0000, 0x0000, 0x0000, 0x0000, 0x0000, 0x0000, 0x0000, 0x0000, 0x0000, 0x0000, 0x0000, 0x0000,
    0x2010, 0x2010, 0x2010, 0x2010, 0x2010, 0x2010, 0x2010, 0x2010, 0x2010, 0x2010, 0x2010, 0x2010, 0x2010, 0x2010, 0x2010, 0x2010,
    0x2010, 0x2010, 0x2010, 0x2010, 0x2010, 0x2010, 0x2010, 0x2010, 0x2010, 0x2010, 0x2010, 0x2010, 0x2010, 0x2010, 0x2010, 0x2010,
    0x2010, 0x0200, 0x0000, 0x0000, 0x0000, 0x0000, 0x0000, 0x0000, 0x0000, 0x0000, 0x0000, 0x0000, 0x0000, 0x0000, 0x0000, 0x0000,
    0x3840, 0x3840, 0x3840, 0x3840, 0x3840, 0x3840, 0x3840, 0x3840, 0x3840, 0x3840, 0x0000, 0x0000, 0x0000, 0x0000, 0x0000, 0x0000,
    0x2010, 0x2010, 0x2010, 0x2010, 0x2010, 0x2010, 0x2010, 0x2010, 0x2010, 0x0000, 0x2010, 0x2010, 0x2010, 0x2010, 0x2010, 0x2010,
    0x2010, 0x2010, 0x2010, 0x2010, 0x2010, 0x2010, 0x2010, 0x2010, 0x2010, 0x2010, 0x2010, 0x2010, 0x2010, 0x2010, 0x2010, 0x2010,
    0x2010, 0x2010, 0x2010, 0x2010, 0x2010, 0x2010, 0x2010, 0x2010, 0x2010, 0x2010, 0x2010, 0x2010, 0x2010, 0x2010, 0x2010, 0x2020,
    0x2020, 0x2020, 0x2020, 0x2020, 0x2020, 0x2020, 0x2020, 0x0000, 0x2020, 0x2020, 0x2020, 0x2020, 0x2020, 0x2020, 0x2020, 0x2020,
    0x2010, 0x0200, 0x0200, 0x0200, 0x0200, 0x0200, 0x0000, 0x0000, 0x0000, 0x0000, 0x0000, 0x0000, 0x0000, 0x0000, 0x0000, 0x0000,
    0x3840, 0x3840, 0x3840, 0x3840, 0x3840, 0x3840, 0x3840, 0x3840, 0x3840, 0x3840, 0x0840, 0x0840, 0x0840, 0x0840, 0x0840, 0x0840,
    0x0840, 0x0840, 0x0840, 0x0840, 0x0840, 0x0840, 0x0840, 0x0840, 0x0840, 0x0840, 0x0840, 0x0840, 0x0840, 0x0000, 0x0000, 0x0000,
    0x0200, 0x0200, 0x2010, 0x2010, 0x2010, 0x2010, 0x2010, 0x2010, 0x2010, 0x2010, 0x2010, 0x2010, 0x2010, 0x2010, 0x2010, 0x2010,
    0x2010, 0x2010, 0x2010, 0x2010, 0x2010, 0x2010, 0x2010, 0x2010, 0x2010, 0x2010, 0x2010, 0x2010, 0x2010, 0x2010, 0x2010, 0x2010,
    0x0000, 0x0000, 0x2020, 0x2020, 0x2020, 0x2020, 0x2020, 0x2020, 0x2020, 0x2020, 0x2020, 0x2020, 0x2020, 0x2020, 0x2020, 0x2020,
    0x2020, 0x2020, 0x2020, 0x2020, 0x2020, 0x2020, 0x2020, 0x2020, 0x0000, 0x2020, 0x2020, 0x2020, 0x2020, 0x2020, 0x2020, 0x2020,
    0x2020, 0x2020, 0x2020, 0x2020, 0x2020, 0x2020, 0x2020, 0x0000, 0x0000, 0x0000, 0x0000, 0x0000, 0x0000, 0x0000, 0x0000, 0x0000,
    0x0000, 0x0000, 0x0000, 0x0000, 0x0000, 0x0000, 0x0000, 0x0000, 0x0000, 0x0000, 0x0000, 0x0000, 0x0000, 0x0000, 0x0000, 0x0000,
    0x0000, 0x0000, 0x0000, 0x0000, 0x0000, 0x0000, 0x0000, 0x0000, 0x0000, 0x0000, 0x0000, 0x0000, 0x0000, 0x0000, 0x0000, 0x0000,
    0x0000, 0x0000, 0x0000, 0x0000, 0x0000, 0x0000, 0x0000, 0x0000, 0x0000, 0x0000, 0x0000, 0x0000, 0x0000, 0x0000, 0x0000, 0x0000,
    0x0000, 0x0000, 0x0000, 0x0000, 0x0000, 0x0000, 0x0000, 0x0000, 0x0000, 0x0000, 0x0000, 0x0000, 0x0000, 0x0000, 0x0000, 0x0000,
    0x2010, 0x2010, 0x2010, 0x2010, 0x2010, 0x2010, 0x2010, 0x0000, 0x2010, 0x2010, 0x0000, 0x2010, 0x2010, 0x2010, 0x2010, 0x2010,
    0x2010, 0x2010, 0x2010, 0x2010, 0x2010, 0x2010, 0x2010, 0x2010, 0x2010, 0x2010, 0x2010, 0x2010, 0x2010, 0x2010, 0x2010, 0x2010,
    0x2010, 0x2010, 0x2010, 0x2010, 0x2010, 0x2010, 0x2010, 0x2010, 0x2010, 0x2010, 0x2010, 0x2010, 0x2010, 0x2010, 0x2010, 0x2010,
    0x2010, 0x2020, 0x2020, 0x2020, 0x2020, 0x2020, 0x2020, 0x0000, 0x0000, 0x0000, 0x2020, 0x0000, 0x2020, 0x2020, 0x0000, 0x2020,
    0x2020, 0x2020, 0x2020, 0x2020, 0x2020, 0x2020, 0x2010, 0x2020, 0x0000, 0x0000, 0x0000, 0x0000, 0x0000, 0x0000, 0x0000, 0x0000,
    0x3840, 0x3840, 0x3840, 0x3840, 0x3840, 0x3840, 0x3840, 0x3840, 0x3840, 0x3840, 0x0000, 0x0000, 0x0000, 0x0000, 0x0000, 0x0000,
    0x2010, 0x2010, 0x2010, 0x2010, 0x2010, 0x2010, 0x0000, 0x2010, 0x2010, 0x0000, 0x2010, 0x2010, 0x2010, 0x2010, 0x2010, 0x2010,
    0x2010, 0x2010, 0x2010, 0x2010, 0x2010, 0x2010, 0x2010, 0x2010, 0x2010, 0x2010, 0x2010, 0x2010, 0x2010, 0x2010, 0x2010, 0x2010,
    0x2010, 0x2010, 0x2010, 0x2010, 0x2010, 0x2010, 0x2010, 0x2010, 0x2010, 0x2010, 0x2020, 0x2020, 0x2020, 0x2020, 0x2020, 0x0000,
    0x2020, 0x2020, 0x0000, 0x2020, 0x2020, 0x2020, 0x2020, 0x2020, 0x2010, 0x0000, 0x0000, 0x0000, 0x0000, 0x0000, 0x0000, 0x0000,
    0x3840, 0x3840, 0x3840, 0x3840, 0x3840, 0x3840, 0x3840, 0x3840, 0x3840, 0x3840, 0x0000, 0x0000, 0x0000, 0x0000, 0x0000, 0x0000,
    0x0000, 0x0000, 0x0000, 0x0000, 0x0000, 0x0000, 0x0000, 0x0000, 0x0000, 0x0000, 0x0000, 0x0000, 0x0000, 0x0000, 0x0000, 0x0000,
    0x0000, 0x0000, 0x0000, 0x0000, 0x0000, 0x0000, 0x0000, 0x0000, 0x0000, 0x0000, 0x0000, 0x0000, 0x0000, 0x0000, 0x0000, 0x0000,
    0x0000, 0x0000, 0x0000, 0x0000, 0x0000, 0x0000, 0x0000, 0x0000, 0x0000, 0x0000, 0x0000, 0x0000, 0x0000, 0x0000, 0x0000, 0x0000,
    0x0800, 0x0800, 0x0800, 0x0800, 0x0800, 0x0800, 0x0800, 0x0800, 0x0800, 0x0800, 0x0000, 0x0000, 0x0000, 0x0000, 0x0000, 0x0000,
    0x0000, 0x0000, 0x0000, 0x0000, 0x0000, 0x0000, 0x0000, 0x0000, 0x0000, 0x0000, 0x0000, 0x0000, 0x0000, 0x0000, 0x0000, 0x0000,
    0x0000, 0x0000, 0x0000, 0x0000, 0x0000, 0x0000, 0x0000, 0x0000, 0x0000, 0x0000, 0x0000, 0x0000, 0x0000, 0x0000, 0x0000, 0x0000,
    0x0000, 0x0000, 0x0000, 0x0000, 0x0000, 0x0000, 0x0000, 0x0000, 0x0000, 0x0000, 0x0000, 0x0000, 0x0000, 0x0000, 0x0000, 0x0000,
    0x0000, 0x0000, 0x0000, 0x0000, 0x0000, 0x0000, 0x0000, 0x0000, 0x0000, 0x0000, 0x0000, 0x0000, 0x0000, 0x0000, 0x0000, 0x0000,
    0x0000, 0x0000, 0x0000, 0x0000, 0x0000, 0x0000, 0x0000, 0x0000, 0x0000, 0x0000, 0x0000, 0x0000, 0x0000, 0x0000, 0x0000, 0x0000,
    0x0000, 0x0000, 0x0000, 0x0000, 0x0000, 0x0000, 0x0000, 0x0000, 0x0000, 0x0000, 0x0000, 0x0000, 0x0000, 0x0000, 0x0000, 0x0000,
    0x0000, 0x0000, 0x0000, 0x0000, 0x0000, 0x0000, 0x0000, 0x0000, 0x0000, 0x0000, 0x0000, 0x0000, 0x0000, 0x0000, 0x0000, 0x0000,
    0x0000, 0x0000, 0x0000, 0x0000, 0x0000, 0x0000, 0x0000, 0x0000, 0x0000, 0x0000, 0x0000, 0x0000, 0x0000, 0x0000, 0x0000, 0x0000,
    0x0000, 0x0000, 0x0000, 0x0000, 0x0000, 0x0000, 0x0000, 0x0000, 0x0000, 0x0000, 0x0000, 0x0000, 0x0000, 0x0000, 0x0000, 0x0000,
    0x0000, 0x0000, 0x0000, 0x0000, 0x0000, 0x0000, 0x0000, 0x0000, 0x0000, 0x0000, 0x0000, 0x0000, 0x0000, 0x0000, 0x0000, 0x0000,
    0x0000, 0x0000, 0x0000, 0x0000, 0x0000, 0x0000, 0x0000, 0x0000, 0x0000, 0x0000, 0x0000, 0x0000, 0x0000, 0x0000, 0x0000, 0x0000,
    0x0000, 0x0000, 0x0000, 0x0000, 0x0000, 0x0000, 0x0000, 0x0000, 0x0000, 0x0000, 0x0000, 0x0000, 0x0000, 0x0000, 0x0000, 0x0000,
    0x0000, 0x0000, 0x0000, 0x0000, 0x0000, 0x0000, 0x0000, 0x0000, 0x0000, 0x0000, 0x0000, 0x0000, 0x0000, 0x0000, 0x0000, 0x0000,
    0x0000, 0x0000, 0x0000, 0x0000, 0x0000, 0x0000, 0x0000, 0x0000, 0x0000, 0x0000, 0x0000, 0x0000, 0x0000, 0x0000, 0x0000, 0x0000,
    0x0000, 0x0000, 0x0000, 0x0000, 0x0000, 0x0000, 0x0000, 0x0000, 0x0000, 0x0000, 0x0000, 0x0000, 0x0000, 0x0000, 0x0000, 0x0000,
    0x2010, 0x2010, 0x2010, 0x2010, 0x2010, 0x2010, 0x2010, 0x2010, 0x2010, 0x2010, 0x2010, 0x2010, 0x2010, 0x2010, 0x2010, 0x2010,
    0x2010, 0x2010, 0x2010, 0x2020, 0x2020, 0x2020, 0x2020, 0x0200, 0x0200, 0x0000, 0x0000, 0x0000, 0x0000, 0x0000, 0x0000, 0x0000,
    0x2020, 0x2020, 0x2010, 0x2020, 0x2010, 0x2010, 0x2010, 0x2010, 0x2010, 0x2010, 0x2010, 0x2010, 0x2010, 0x2010, 0x2010, 0x2010,
    0x2010, 0x0000, 0x2010, 0x2010, 0x2010, 0x2010, 0x2010, 0x2010, 0x2010, 0x2010, 0x2010, 0x2010, 0x2010, 0x2010, 0x2010, 0x2010,
    0x2010, 0x2010, 0x2010, 0x2010, 0x2010, 0x2010, 0x2010, 0x2010, 0x2010, 0x2010, 0x2010, 0x2010, 0x2010, 0x2010, 0x2010, 0x2010,
    0x2010, 0x2010, 0x2010, 0x2010, 0x2020, 0x2020, 0x2020, 0x2020, 0x2020, 0x2020, 0x2020, 0x0000, 0x0000, 0x0000, 0x2020, 0x2020,
    0x2020, 0x2020, 0x2020, 0x0200, 0x0200, 0x0200, 0x0200, 0x0200, 0x0200, 0x0200, 0x0200, 0x0200, 0x0200, 0x0200, 0x0200, 0x0200,
    0x3840, 0x3840, 0x3840, 0x3840, 0x3840, 0x3840, 0x3840, 0x3840, 0x3840, 0x3840, 0x2020, 0x0000, 0x0000, 0x0000, 0x0000, 0x0000,
    0x0000, 0x0000, 0x0000, 0x0000, 0x0000, 0x0000, 0x0000, 0x0000, 0x0000, 0x0000, 0x0000, 0x0000, 0x0000, 0x0000, 0x0000, 0x0000,
    0x0000, 0x0000, 0x0000, 0x0000, 0x0000, 0x0000, 0x0000, 0x0000, 0x0000, 0x0000, 0x0000, 0x0000, 0x0000, 0x0000, 0x0000, 0x0000,
    0x0000, 0x0000, 0x0000, 0x0000, 0x0000, 0x0000, 0x0000, 0x0000, 0x0000, 0x0000, 0x0000, 0x0000, 0x0000, 0x0000, 0x0000, 0x0000,
    0x0000, 0x0000, 0x0000, 0x0000, 0x0000, 0x0000, 0x0000, 0x0000, 0x0000, 0x0000, 0x0000, 0x0000, 0x0000, 0x0000, 0x0000, 0x0000,
    0x0000, 0x0000, 0x0000, 0x0000, 0x0000, 0x0000, 0x0000, 0x0000, 0x0000, 0x0000, 0x0000, 0x0000, 0x0000, 0x0000, 0x0000, 0x0000,
    0x2010, 0x0000, 0x0000, 0x0000, 0x0000, 0x0000, 0x0000, 0x0000, 0x0000, 0x0000, 0x0000, 0x0000, 0x0000, 0x0000, 0x0000, 0x0000,
    0x0840, 0x0840, 0x0840, 0x0840, 0x0840, 0x0840, 0x0840, 0x0840, 0x0840, 0x0840, 0x0840, 0x0840, 0x0840, 0x0840, 0x0840, 0x0840,
    0x0840, 0x0840, 0x0840, 0x0840, 0x0840, 0x0400, 0x0400, 0x0400, 0x0400, 0x0400, 0x0400, 0x0400, 0x0400, 0x0400, 0x0400, 0x0400,
    0x0400, 0x0400, 0x0400, 0x0400, 0x0400, 0x0400, 0x0400, 0x0400, 0x0400, 0x0400, 0x0400, 0x0400, 0x0400, 0x0400, 0x0400, 0x0400,
    0x0400, 0x0400, 0x0000, 0x0000, 0x0000, 0x0000, 0x0000, 0x0000, 0x0000, 0x0000, 0x0000, 0x0000, 0x0000, 0x0000, 0x0000, 0x0200,
    0x2010, 0x2010, 0x2010, 0x2010, 0x2010, 0x2010, 0x2010, 0x2010, 0x2010, 0x2010, 0x2010, 0x2010, 0x2010, 0x2010, 0x2010, 0x2010,
    0x2010, 0x2010, 0x2010, 0x2010, 0x2010, 0x2010, 0x2010, 0x2010, 0x2010, 0x2010, 0x2010, 0x2010, 0x2010, 0x2010, 0x2010, 0x2010,
    0x2010, 0x2010, 0x2010, 0x2010, 0x2010, 0x2010, 0x2010, 0x2010, 0x2010, 0x2010, 0x2010, 0x2010, 0x2010, 0x2010, 0x2010, 0x2010,
    0x2010, 0x2010, 0x2010, 0x2010, 0x2010, 0x2010, 0x2010, 0x2010, 0x2010, 0x2010, 0x2010, 0x2010, 0x2010, 0x2010, 0x2010, 0x2010,
    0x2010, 0x2010, 0x2010, 0x2010, 0x2010, 0x2010, 0x2010, 0x2010, 0x2010, 0x2010, 0x2010, 0x2010, 0x2010, 0x2010, 0x2010, 0x2010,
    0x2010, 0x2010, 0x2010, 0x2010, 0x2010, 0x2010, 0x2010, 0x2010, 0x2010, 0x2010, 0x2010, 0x2010, 0x2010, 0x2010, 0x2010, 0x2010,
    0x2010, 0x2010, 0x2010, 0x2010, 0x2010, 0x2010, 0x2010, 0x2010, 0x2010, 0x2010, 0x2010, 0x2010, 0x2010, 0x2010, 0x2010, 0x2010,
    0x2010, 0x2010, 0x2010, 0x2010, 0x2010, 0x2010, 0x2010, 0x2010, 0x2010, 0x2010, 0x2010, 0x2010, 0x2010, 0x2010, 0x2010, 0x2010,
    0x2010, 0x2010, 0x2010, 0x2010, 0x2010, 0x2010, 0x2010, 0x2010, 0x2010, 0x2010, 0x2010, 0x2010, 0x2010, 0x2010, 0x2010, 0x2010,
    0x2010, 0x2010, 0x2010, 0x2010, 0x2010, 0x2010, 0x2010, 0x2010, 0x2010, 0x2010, 0x0000, 0x0000, 0x0000, 0x0000, 0x0000, 0x0000,
    0x0000, 0x0000, 0x0000, 0x0000, 0x0000, 0x0000, 0x0000, 0x0000, 0x0000, 0x0000, 0x0000, 0x0000, 0x0000, 0x0000, 0x0000, 0x0000,
    0x0000, 0x0000, 0x0000, 0x0000, 0x0000, 0x0000, 0x0000, 0x0000, 0x0000, 0x0000, 0x0000, 0x0000, 0x0000, 0x0000, 0x0000, 0x0000,
    0x0000, 0x0000, 0x0000, 0x0000, 0x0000, 0x0000, 0x0000, 0x0000, 0x0000, 0x0000, 0x0000, 0x0000, 0x0000, 0x0000, 0x0000, 0x0000,
    0x0000, 0x0000, 0x0000, 0x0000, 0x0000, 0x0000, 0x0000, 0x0000, 0x0000, 0x0000, 0x0000, 0x0000, 0x0000, 0x0000, 0x0000, 0x0000,
    0x0000, 0x0000, 0x0000, 0x0000, 0x0000, 0x0000, 0x0000, 0x0000, 0x0000, 0x0000, 0x0000, 0x0000, 0x0000, 0x0000, 0x0000, 0x0000,
    0x0000, 0x0000, 0x0000, 0x0000, 0x0000, 0x0000, 0x0000, 0x0000, 0x0000, 0x0000, 0x0000, 0x0000, 0x0000, 0x0000, 0x0000, 0x0000,
    0x2840, 0x2840, 0x2840, 0x2840, 0x2840, 0x2840, 0x2840, 0x2840, 0x2840, 0x2840, 0x2840, 0x2840, 0x2840, 0x2840, 0x2840, 0x2840,
    0x2840, 0x2840, 0x2840, 0x2840, 0x2840, 0x2840, 0x2840, 0x2840, 0x2840, 0x2840, 0x2840, 0x2840, 0x2840, 0x2840, 0x2840, 0x2840,
    0x2840, 0x2840, 0x2840, 0x2840, 0x2840, 0x2840, 0x2840, 0x2840, 0x2840, 0x2840, 0x2840, 0x2840, 0x2840, 0x2840, 0x2840, 0x2840,
    0x2840, 0x2840, 0x2840, 0x2840, 0x2840, 0x2840, 0x2840, 0x2840, 0x2840, 0x2840, 0x2840, 0x2840, 0x2840, 0x2840, 0x2840, 0x2840,
    0x2840, 0x2840, 0x2840, 0x2840, 0x2840, 0x2840, 0x2840, 0x2840, 0x2840, 0x2840, 0x2840, 0x2840, 0x2840, 0x2840, 0x2840, 0x2840,
    0x2840, 0x2840, 0x2840, 0x2840, 0x2840, 0x2840, 0x2840, 0x2840, 0x2840, 0x2840, 0x2840, 0x2840, 0x2840, 0x2840, 0x2840, 0x2840,
    0x2840, 0x2840, 0x2840, 0x2840, 0x2840, 0x2840, 0x2840, 0x2840, 0x2840, 0x2840, 0x2840, 0x2840, 0x2840, 0x2840, 0x2840, 0x0000,
    0x4200, 0x4200, 0x4200, 0x4200, 0x4200, 0x0000, 0x0000, 0x0000, 0x0000, 0x0000, 0x0000, 0x0000, 0x0000, 0x0000, 0x0000, 0x0000,
    0x2010, 0x2010, 0x2010, 0x2010, 0x2010, 0x2010, 0x2010, 0x2010, 0x2010, 0x2010, 0x2010, 0x2010, 0x2010, 0x2010, 0x2010, 0x2010,
    0x2010, 0x2010, 0x2010, 0x2010, 0x2010, 0x2010, 0x2010, 0x2010, 0x2010, 0x2010, 0x2010, 0x2010, 0x2010, 0x2010, 0x2010, 0x2010,
    0x2010, 0x2010, 0x2010, 0x2010, 0x2010, 0x2010, 0x2010, 0x2010, 0x2010, 0x2010, 0x2010, 0x2010, 0x2010, 0x2010, 0x2010, 0x2010,
    0x2010, 0x2010, 0x2010, 0x2010, 0x2010, 0x2010, 0x2010, 0x2010, 0x2010, 0x2010, 0x2010, 0x2010, 0x2010, 0x2010, 0x2010, 0x2010,
    0x2010, 0x2010, 0x2010, 0x2010, 0x2010, 0x2010, 0x2010, 0x2010, 0x2010, 0x2010, 0x2010, 0x2010, 0x2010, 0x2010, 0x2010, 0x2010,
    0x2010, 0x2010, 0x2010, 0x2010, 0x2010, 0x2010, 0x2010, 0x2010, 0x2010, 0x2010, 0x2010, 0x2010, 0x2010, 0x2010, 0x2010, 0x2010,
    0x2010, 0x2010, 0x2010, 0x2010, 0x2010, 0x2010, 0x2010, 0x2010, 0x2010, 0x2010, 0x2010, 0x2010, 0x2010, 0x2010, 0x2010, 0x2010,
    0x2010, 0x2010, 0x2010, 0x2010, 0x2010, 0x2010, 0x2010, 0x2010, 0x2010, 0x2010, 0x2010, 0x2010, 0x2010, 0x2010, 0x2010, 0x2010,
    0x2010, 0x2010, 0x2010, 0x2010, 0x2010, 0x2010, 0x2010, 0x2010, 0x2010, 0x2010, 0x2010, 0x2010, 0x2010, 0x2010, 0x2010, 0x2010,
    0x2010, 0x2010, 0x2010, 0x2010, 0x2010, 0x2010, 0x2010, 0x2010, 0x2010, 0x2010, 0x2010, 0x2010, 0x2010, 0x2010, 0x2010, 0x2010,
    0x2010, 0x2010, 0x2010, 0x2010, 0x2010, 0x2010, 0x2010, 0x2010, 0x2010, 0x2010, 0x2010, 0x2010, 0x2010, 0x2010, 0x2010, 0x2010,
    0x2010, 0x2010, 0x2010, 0x2010, 0x2010, 0x2010, 0x2010, 0x2010, 0x2010, 0x2010, 0x2010, 0x2010, 0x2010, 0x2010, 0x2010, 0x2010,
    0x2010, 0x2010, 0x2010, 0x2010, 0x0000, 0x0000, 0x0000, 0x0000, 0x0000, 0x0000, 0x0000, 0x0000, 0x0000, 0x0000, 0x0000, 0x0000,
    0x0000, 0x0000, 0x0000, 0x0000, 0x0000, 0x0000, 0x0000, 0x0000, 0x0000, 0x0000, 0x0000, 0x0000, 0x0000, 0x0000, 0x0000, 0x0000,
    0x0000, 0x0000, 0x0000, 0x0000, 0x0000, 0x0000, 0x0000, 0x0000, 0x0000, 0x0000, 0x0000, 0x0000, 0x0000, 0x0000, 0x0000, 0x0000,
    0x0000, 0x0000, 0x0000, 0x0000, 0x0000, 0x0000, 0x0000, 0x0000, 0x0000, 0x0000, 0x0000, 0x0000, 0x0000, 0x0000, 0x0000, 0x0000,
    0x0000, 0x0000, 0x0000, 0x0000, 0x0000, 0x0000, 0x0000, 0x0000, 0x0000, 0x0000, 0x0000, 0x0000, 0x0000, 0x0000, 0x0000, 0x0000,
    0x0000, 0x0000, 0x0000, 0x0000, 0x0000, 0x0000, 0x0000, 0x0000, 0x0000, 0x0000, 0x0000, 0x0000, 0x0000, 0x0000, 0x0000, 0x0000,
    0x0000, 0x0000, 0x0000, 0x0000, 0x0000, 0x0000, 0x0000, 0x0000, 0x0000, 0x0000, 0x0000, 0x0000, 0x0000, 0x0000, 0x0000, 0x0000,
    0x0000, 0x0000, 0x0000, 0x0000, 0x0000, 0x0000, 0x0000, 0x0000, 0x0000, 0x0000, 0x0000, 0x0000, 0x0000, 0x0000, 0x0000, 0x0000,
    0x0000, 0x0000, 0x0000, 0x0000, 0x0000, 0x0000, 0x0000, 0x0000, 0x0000, 0x0000, 0x0000, 0x0000, 0x0000, 0x0000, 0x0000, 0x0000,
    0x0000, 0x0000, 0x0000, 0x0000, 0x0000, 0x0000, 0x0000, 0x0000, 0x0000, 0x0000, 0x0000, 0x0000, 0x0000, 0x0000, 0x0000, 0x0000,
    0x0000, 0x0000, 0x0000, 0x0000, 0x0000, 0x0000, 0x0000, 0x0000, 0x0000, 0x0000, 0x0000, 0x0000, 0x0000, 0x0000, 0x0000, 0x0000,
    0x0000, 0x0000, 0x0000, 0x0000, 0x0000, 0x0000, 0x0000, 0x0000, 0x0000, 0x0000, 0x0000, 0x0000, 0x0000, 0x0000, 0x0000, 0x0000,
    0x0000, 0x0000, 0x0000, 0x0000, 0x0000, 0x0000, 0x0000, 0x0000, 0x0000, 0x0000, 0x0000, 0x0000, 0x0000, 0x0000, 0x0000, 0x0000,
    0x0000, 0x0000, 0x0000, 0x0000, 0x0000, 0x0000, 0x0000, 0x0000, 0x0000, 0x0000, 0x0000, 0x0000, 0x0000, 0x0000, 0x0000, 0x0000,
    0x0000, 0x0000, 0x0000, 0x0000, 0x0000, 0x0000, 0x0000, 0x0000, 0x0000, 0x0000, 0x0000, 0x0000, 0x0000, 0x0000, 0x0000, 0x0000,
    0x0000, 0x0000, 0x0000, 0x0000, 0x0000, 0x0000, 0x0000, 0x0000, 0x0000, 0x0000, 0x0000, 0x0000, 0x0000, 0x0000, 0x0000, 0x0000,
    0x0000, 0x0000, 0x0000, 0x0000, 0x0000, 0x0000, 0x0000, 0x0000, 0x0000, 0x0000, 0x0000, 0x0000, 0x0000, 0x0000, 0x0000, 0x0000,
    0x0000, 0x0000, 0x0000, 0x0000, 0x0000, 0x0000, 0x0000, 0x0000, 0x0000, 0x0000, 0x0000, 0x0000, 0x0000, 0x0000, 0x0000, 0x0000,
    0x0000, 0x0000, 0x0000, 0x0000, 0x0000, 0x0000, 0x0000, 0x0000, 0x0000, 0x0000, 0x0000, 0x0000, 0x0000, 0x0000, 0x0000, 0x0000,
    0x0000, 0x0000, 0x0000, 0x0000, 0x0000, 0x0000, 0x0000, 0x0000, 0x0000, 0x0000, 0x0000, 0x0000, 0x0000, 0x0000, 0x0000, 0x0000,
    0x0000, 0x0000, 0x0000, 0x0000, 0x0000, 0x0000, 0x0000, 0x0000, 0x0000, 0x0000, 0x0000, 0x0000, 0x0000, 0x0000, 0x0000, 0x0000,
    0x2010, 0x2010, 0x2010, 0x2010, 0x2010, 0x2010, 0x2010, 0x2010, 0x2010, 0x2010, 0x2010, 0x2010, 0x2010, 0x2010, 0x2010, 0x2010,
    0x2010, 0x2010, 0x2010, 0x2010, 0x2010, 0x2010, 0x2010, 0x2010, 0x2010, 0x2010, 0x2010, 0x2010, 0x2010, 0x2010, 0x2010, 0x2010,
    0x2010, 0x2010, 0x2010, 0x2010, 0x2010, 0x2010, 0x2010, 0x2010, 0x2010, 0x2010, 0x2010, 0x2010, 0x2010, 0x2010, 0x2010, 0x2010,
    0x2010, 0x2010, 0x2010, 0x2010, 0x2010, 0x2010, 0x2010, 0x2010, 0x2010, 0x2010, 0x2010, 0x2010, 0x2010, 0x2010, 0x2010, 0x2010,
    0x2010, 0x2010, 0x2010, 0x2010, 0x2010, 0x2010, 0x2010, 0x2010, 0x2010, 0x2010, 0x2010, 0x2010, 0x2010, 0x2010, 0x2010, 0x2010,
    0x2010, 0x2010, 0x2010, 0x2010, 0x2010, 0x2010, 0x2010, 0x2010, 0x2010, 0x2010, 0x2010, 0x2010, 0x2010, 0x2010, 0x2010, 0x2010,
    0x2010, 0x0200, 0x0200, 0x0000, 0x0000, 0x0000, 0x0000, 0x0000, 0x0000, 0x0000, 0x0000, 0x0000, 0x0000, 0x0000, 0x0000, 0x0000,
    0x2010, 0x2010, 0x2010, 0x2010, 0x2010, 0x2010, 0x2010, 0x2010, 0x2010, 0x2010, 0x2010, 0x2010, 0x2010, 0x2010, 0x2010, 0x2010,
    0x2010, 0x2010, 0x2010, 0x2010, 0x2010, 0x2010, 0x2010, 0x2010, 0x2010, 0x2010, 0x2010, 0x2010, 0x2010, 0x2010, 0x2010, 0x2010,
    0x2010, 0x2010, 0x2010, 0x2010, 0x2010, 0x2010, 0x2010, 0x2010, 0x2010, 0x2010, 0x2010, 0x2010, 0x2010, 0x2010, 0x2010, 0x2010,
    0x0000, 0x0000, 0x0000, 0x0000, 0x0000, 0x0000, 0x0000, 0x0000, 0x0000, 0x0000, 0x0000, 0x0000, 0x0000, 0x0000, 0x0000, 0x0000,
    0x2020, 0x2010, 0x2010, 0x2010, 0x2010, 0x2010, 0x2010, 0x2020, 0x2020, 0x2020, 0x2020, 0x2020, 0x2020, 0x2020, 0x2020, 0x2020,
    0x2020, 0x2020, 0x2020, 0x2020, 0x2020, 0x2020, 0x0000, 0x0000, 0x0000, 0x0000, 0x0000, 0x0000, 0x0000, 0x0000, 0x0000, 0x0000,
    0x2010, 0x2010, 0x2010, 0x2010, 0x2010, 0x2010, 0x2010, 0x2010, 0x2010, 0x2010, 0x2010, 0x2010, 0x2010, 0x2010, 0x2010, 0x2010,
    0x2010, 0x2010, 0x2010, 0x2010, 0x2010, 0x2010, 0x2010, 0x2010, 0x2010, 0x2010, 0x2010, 0x2010, 0x2010, 0x2010, 0x2010, 0x2010,
    0x2010, 0x2010, 0x2010, 0x2010, 0x2010, 0x2010, 0x2010, 0x2010, 0x2010, 0x2010, 0x2010, 0x2010, 0x2010, 0x2010, 0x2010, 0x2010,
    0x2010, 0x2010, 0x2010, 0x2010, 0x2010, 0x2010, 0x2010, 0x2010, 0x2010, 0x2010, 0x2010, 0x2010, 0x2010, 0x2010, 0x2010, 0x2010,
    0x2010, 0x2010, 0x2010, 0x2010, 0x2010, 0x2010, 0x2010, 0x2010, 0x2010, 0x2010, 0x2010, 0x2010, 0x2010, 0x2010, 0x2010, 0x2010,
    0x2010, 0x2010, 0x2010, 0x2010, 0x2010, 0x2010, 0x2010, 0x2010, 0x2010, 0x2010, 0x2010, 0x2010, 0x2010, 0x2010, 0x2010, 0x2010,
    0x2010, 0x2010, 0x2010, 0x2010, 0x2010, 0x2010, 0x2010, 0x2010, 0x2010, 0x2010, 0x2010, 0x2010, 0x2010, 0x2010, 0x2010, 0x2010,
    0x2010, 0x2010, 0x2010, 0x2010, 0x2010, 0x2010, 0x2010, 0x2010, 0x2010, 0x2010, 0x2010, 0x2010, 0x2010, 0x2010, 0x2010, 0x2010,
    0x2010, 0x2010, 0x2010, 0x2010, 0x2010, 0x2010, 0x2010, 0x2010, 0x2010, 0x2010, 0x2010, 0x2010, 0x2010, 0x2010, 0x2010, 0x2010,
    0x2010, 0x2010, 0x2010, 0x2010, 0x2010, 0x2010, 0x2010, 0x2010, 0x2010, 0x2010, 0x2010, 0x2010, 0x2010, 0x2010, 0x2010, 0x2010,
    0x2010, 0x2010, 0x2010, 0x2010, 0x2010, 0x2010, 0x2010, 0x2010, 0x2010, 0x2010, 0x2010, 0x2010, 0x2010, 0x2010, 0x2010, 0x2010,
    0x2010, 0x2010, 0x2010, 0x2010, 0x2010, 0x2010, 0x2010, 0x2010, 0x2010, 0x2010, 0x2010, 0x2010, 0x2010, 0x2010, 0x2010, 0x2010,
    0x2010, 0x2010, 0x2010, 0x2010, 0x2010, 0x2010, 0x2010, 0x2010, 0x2010, 0x2010, 0x2010, 0x2010, 0x2010, 0x2010, 0x2010, 0x2010,
    0x2010, 0x2010, 0x2010, 0x2010, 0x2010, 0x2010, 0x2010, 0x2010, 0x2010, 0x2010, 0x2010, 0x2010, 0x2010, 0x2010, 0x2010, 0x2010,
    0x2010, 0x2010, 0x2010, 0x2010, 0x2010, 0x2010, 0x2010, 0x2010, 0x2010, 0x2010, 0x2010, 0x2010, 0x2010, 0x2010, 0x2010, 0x2010,
    0x2010, 0x2010, 0x2010, 0x2010, 0x2010, 0x2010, 0x2010, 0x2010, 0x2010, 0x2010, 0x2010, 0x2010, 0x2010, 0x2010, 0x2010, 0x2010,
    0x2010, 0x2010, 0x2010, 0x2010, 0x2010, 0x2010, 0x2010, 0x2010, 0x2010, 0x2010, 0x2010, 0x2010, 0x2010, 0x2010, 0x2010, 0x2010,
    0x2010, 0x2010, 0x2010, 0x2010, 0x2010, 0x2010, 0x2010, 0x2010, 0x2010, 0x2010, 0x2010, 0x2010, 0x2010, 0x2010, 0x2010, 0x2010,
    0x2010, 0x2010, 0x2010, 0x2010, 0x2010, 0x2010, 0x2010, 0x2010, 0x2010, 0x2010, 0x2010, 0x2010, 0x2010, 0x2010, 0x2010, 0x2010,
    0x2010, 0x2010, 0x2010, 0x2010, 0x2010, 0x2010, 0x2010, 0x2010, 0x2010, 0x2010, 0x2010, 0x2010, 0x2010, 0x2010, 0x2010, 0x2010,
    0x2010, 0x2010, 0x2010, 0x2010, 0x2010, 0x2010, 0x2010, 0x2010, 0x2010, 0x2010, 0x2010, 0x2010, 0x2010, 0x2010, 0x2010, 0x2010,
    0x2010, 0x2010, 0x2010, 0x2010, 0x2010, 0x2010, 0x2010, 0x2010, 0x2010, 0x2010, 0x2010, 0x2010, 0x2010, 0x2010, 0x2010, 0x2010,
    0x2010, 0x2010, 0x2010, 0x2010, 0x2010, 0x2010, 0x2010, 0x2010, 0x2010, 0x2010, 0x2010, 0x2010, 0x2010, 0x2010, 0x2010, 0x2010,
    0x2010, 0x2010, 0x2010, 0x2010, 0x2010, 0x2010, 0x2010, 0x2010, 0x2010, 0x2010, 0x2010, 0x2010, 0x2010, 0x2010, 0x2010, 0x2010,
    0x2010, 0x2010, 0x2010, 0x2010, 0x2010, 0x2010, 0x2010, 0x2010, 0x2010, 0x2010, 0x2010, 0x2010, 0x2010, 0x2010, 0x2010, 0x2010,
    0x2010, 0x2010, 0x2010, 0x2010, 0x2010, 0x2010, 0x2010, 0x2010, 0x2010, 0x2010, 0x2010, 0x0000, 0x0000, 0x0000, 0x0000, 0x0000,
    0x2010, 0x2010, 0x2010, 0x2010, 0x2010, 0x2010, 0x2010, 0x2010, 0x2010, 0x2010, 0x2010, 0x2010, 0x2010, 0x2010, 0x2010, 0x2010,
    0x2010, 0x2010, 0x2010, 0x2010, 0x2010, 0x2010, 0x2010, 0x2010, 0x2010, 0x2010, 0x2010, 0x2010, 0x2010, 0x2010, 0x2010, 0x2010,
    0x2010, 0x2010, 0x2010, 0x2010, 0x2010, 0x2010, 0x2010, 0x2010, 0x2010, 0x2010, 0x2010, 0x2010, 0x2010, 0x2010, 0x2010, 0x2010,
    0x2010, 0x2010, 0x2010, 0x2010, 0x2010, 0x2010, 0x2010, 0x2010, 0x2010, 0x2010, 0x2010, 0x2010, 0x2010, 0x2010, 0x2010, 0x2010,
    0x2010, 0x2010, 0x2010, 0x2010, 0x2010, 0x2010, 0x2010, 0x0000, 0x0000, 0x0000, 0x0000, 0x0000, 0x0000, 0x0000, 0x0000, 0x0000,
    0x0000, 0x0000, 0x0000, 0x0000, 0x0000, 0x0000, 0x0000, 0x0000, 0x0000, 0x0000, 0x0000, 0x0000, 0x0000, 0x0000, 0x0000, 0x0000,
    0x0000, 0x0000, 0x0000, 0x0000, 0x0000, 0x0000, 0x0000, 0x0000, 0x0000, 0x0000, 0x0000, 0x0000, 0x0000, 0x0000, 0x0000, 0x0000,
    0x0000, 0x0000, 0x0000, 0x0000, 0x0000, 0x0000, 0x0000, 0x0000, 0x0000, 0x0000, 0x0000, 0x0000, 0x0000, 0x0000, 0x0000, 0x0000,
    0x0000, 0x0000, 0x0000, 0x0000, 0x0000, 0x0000, 0x0000, 0x0000, 0x0000, 0x0000, 0x0000, 0x0000, 0x0000, 0x0000, 0x0000, 0x0000,
    0x0000, 0x0000, 0x0000, 0x0000, 0x0000, 0x0000, 0x0000, 0x0000, 0x0000, 0x0000, 0x0000, 0x0000, 0x0000, 0x0000, 0x0000, 0x0000,
    0x0000, 0x0000, 0x0000, 0x0000, 0x0000, 0x0000, 0x0000, 0x0000, 0x0000, 0x0000, 0x0000, 0x0000, 0x0000, 0x0000, 0x0000, 0x0000,
    0x0000, 0x0000, 0x0000, 0x0000, 0x0000, 0x0000, 0x0000, 0x0000, 0x0000, 0x0000, 0x0000, 0x0000, 0x0000, 0x0000, 0x0000, 0x0000,
    0x0000, 0x0000, 0x0000, 0x0000, 0x0000, 0x0000, 0x0000, 0x0000, 0x0000, 0x0000, 0x0000, 0x0000, 0x0000, 0x0000, 0x0000, 0x0000,
    0x0000, 0x0000, 0x0000, 0x0000, 0x0000, 0x0000, 0x0000, 0x0000, 0x0000, 0x0000, 0x0000, 0x0000, 0x0000, 0x0000, 0x0000, 0x0000,
    0x0000, 0x0000, 0x0000, 0x0000, 0x0000, 0x0000, 0x0000, 0x0000, 0x0000, 0x0000, 0x0000, 0x0000, 0x0000, 0x0000, 0x0000, 0x0000,
    0x0000, 0x0000, 0x0000, 0x0000, 0x0000, 0x0000, 0x0000, 0x0000, 0x0000, 0x0000, 0x0000, 0x0000, 0x0000, 0x0000, 0x0000, 0x0000,
    0x2010, 0x2010, 0x2010, 0x2010, 0x2010, 0x2010, 0x2010, 0x2010, 0x2010, 0x2010, 0x2010, 0x2010, 0x2010, 0x2010, 0x2010, 0x2010,
    0x2010, 0x2010, 0x2010, 0x2010, 0x2010, 0x2010, 0x2010, 0x2010, 0x2010, 0x2010, 0x2010, 0x2010, 0x2010, 0x2010, 0x2020, 0x2020,
    0x2020, 0x2020, 0x2020, 0x2020, 0x2020, 0x2020, 0x2020, 0x2020, 0x2020, 0x2020, 0x2020, 0x2020, 0x2020, 0x2020, 0x2020, 0x2020,
    0x3840, 0x3840, 0x3840, 0x3840, 0x3840, 0x3840, 0x3840, 0x3840, 0x3840, 0x3840, 0x0000, 0x0000, 0x0000, 0x0000, 0x0000, 0x0000,
    0x0000, 0x0000, 0x0000, 0x0000, 0x0000, 0x0000, 0x0000, 0x0000, 0x0000, 0x0000, 0x0000, 0x0000, 0x0000, 0x0000, 0x0000, 0x0000,
    0x0000, 0x0000, 0x0000, 0x0000, 0x0000, 0x0000, 0x0000, 0x0000, 0x0000, 0x0000, 0x0000, 0x0000, 0x0000, 0x0000, 0x0000, 0x0000,
    0x0000, 0x0000, 0x0000, 0x0000, 0x0000, 0x0000, 0x0000, 0x0000, 0x0000, 0x0000, 0x0000, 0x0000, 0x0000, 0x0000, 0x0000, 0x0000,
    0x0000, 0x0000, 0x0000, 0x0000, 0x0000, 0x0000, 0x0000, 0x0000, 0x0000, 0x0000, 0x0000, 0x0000, 0x0000, 0x0000, 0x0000, 0x0000,
    0x0000, 0x0000, 0x0000, 0x0000, 0x0000, 0x0000, 0x0000, 0x0000, 0x0000, 0x0000, 0x0000, 0x0000, 0x0000, 0x0000, 0x0000, 0x0000,
    0x0000, 0x0000, 0x0000, 0x0000, 0x0000, 0x0000, 0x0000, 0x0000, 0x0000, 0x0000, 0x0000, 0x0000, 0x0000, 0x0000, 0x0000, 0x0000,
    0x0000, 0x0000, 0x0000, 0x0000, 0x0000, 0x0000, 0x0000, 0x0000, 0x0000, 0x0000, 0x0000, 0x0000, 0x0000, 0x0000, 0x0000, 0x0000,
    0x0000, 0x0000, 0x0000, 0x0000, 0x0000, 0x0000, 0x0000, 0x0000, 0x0000, 0x0000, 0x0000, 0x0000, 0x0000, 0x0000, 0x0000, 0x0000,
    0x0000, 0x0000, 0x0000, 0x0000, 0x0000, 0x0000, 0x0000, 0x0000, 0x0000, 0x0000, 0x0000, 0x0000, 0x0000, 0x0000, 0x0000, 0x0000,
    0x0000, 0x0000, 0x0000, 0x0000, 0x0000, 0x0000, 0x0000, 0x0000, 0x0000, 0x0000, 0x0000, 0x0000, 0x0000, 0x0000, 0x0000, 0x0000,
    0x0000, 0x0000, 0x0000, 0x0000, 0x0000, 0x0000, 0x0000, 0x0000, 0x0000, 0x0000, 0x0000, 0x0000, 0x0000, 0x0000, 0x0000, 0x0000,
    0x0000, 0x0000, 0x0000, 0x0000, 0x0000, 0x0000, 0x0000, 0x0000, 0x0000, 0x0000, 0x0000, 0x0000, 0x0000, 0x0000, 0x0000, 0x0000,
    0x2010, 0x2010, 0x2010, 0x2010, 0x2010, 0x2010, 0x2010, 0x2010, 0x2010, 0x2010, 0x2010, 0x2010, 0x2010, 0x2010, 0x2010, 0x2010,
    0x2010, 0x2010, 0x2010, 0x2010, 0x2010, 0x2010, 0x2010, 0x2010, 0x2010, 0x2010, 0x2010, 0x2010, 0x2010, 0x2010, 0x2010, 0x2010,
    0x2010, 0x2010, 0x2010, 0x2010, 0x2010, 0x2010, 0x2010, 0x2010, 0x2010, 0x2010, 0x2010, 0x2010, 0x2010, 0x2010, 0x2010, 0x2010,
    0x2010, 0x2010, 0x2010, 0x2010, 0x2010, 0x2010, 0x2010, 0x2010, 0x2010, 0x0000, 0x0000, 0x0000, 0x0000, 0x0000, 0x0000, 0x0000,
    0x2010, 0x2010, 0x2010, 0x2010, 0x2010, 0x2010, 0x2010, 0x2010, 0x2010, 0x2010, 0x2010, 0x2010, 0x2010, 0x2010, 0x2010, 0x2010,
    0x2010, 0x2010, 0x2010, 0x2010, 0x2010, 0x2010, 0x2010, 0x2010, 0x2010, 0x2010, 0x2010, 0x2010, 0x2010, 0x2010, 0x2010, 0x0000,
    0x3840, 0x3840, 0x3840, 0x3840, 0x3840, 0x3840, 0x3840, 0x3840, 0x3840, 0x3840, 0x0000, 0x0000, 0x0000, 0x0000, 0x4200, 0x4200,
    0x2010, 0x2010, 0x2010, 0x2010, 0x2010, 0x2010, 0x2010, 0x2010, 0x2010, 0x2010, 0x2010, 0x2010, 0x2010, 0x2010, 0x2010, 0x2010,
    0x2010, 0x2010, 0x2010, 0x2010, 0x2010, 0x2010, 0x2010, 0x2010, 0x2010, 0x2010, 0x2010, 0x2010, 0x2010, 0x2010, 0x2010, 0x2010,
    0x2010, 0x2010, 0x2010, 0x2010, 0x2010, 0x2010, 0x2010, 0x2010, 0x2010, 0x2010, 0x2010, 0x2010, 0x2010, 0x2010, 0x2010, 0x2010,
    0x2010, 0x2010, 0x2010, 0x2010, 0x2010, 0x2010, 0x2010, 0x2010, 0x2010, 0x2010, 0x2010, 0x2010, 0x2010, 0x2010, 0x2010, 0x2010,
    0x2010, 0x2010, 0x2010, 0x2010, 0x2010, 0x2010, 0x2010, 0x2010, 0x2010, 0x2010, 0x2010, 0x2010, 0x2010, 0x2010, 0x2010, 0x0000,
    0x3840, 0x3840, 0x3840, 0x3840, 0x3840, 0x3840, 0x3840, 0x3840, 0x3840, 0x3840, 0x0000, 0x0000, 0x0000, 0x0000, 0x0000, 0x0000,
    0x2010, 0x2010, 0x2010, 0x2010, 0x2010, 0x2010, 0x2010, 0x2010, 0x2010, 0x2010, 0x2010, 0x2010, 0x2010, 0x2010, 0x2010, 0x2010,
    0x2010, 0x2010, 0x2010, 0x2010, 0x2010, 0x2010, 0x2010, 0x2010, 0x2010, 0x2010, 0x2010, 0x2010, 0x2010, 0x2010, 0x0000, 0x0000,
    0x2020, 0x2020, 0x2020, 0x2020, 0x2020, 0x4200, 0x0000, 0x0000, 0x0000, 0x0000, 0x0000, 0x0000, 0x0000, 0x0000, 0x0000, 0x0000,
    0x2010, 0x2010, 0x2010, 0x2010, 0x2010, 0x2010, 0x2010, 0x2010, 0x2010, 0x2010, 0x2010, 0x2010, 0x2010, 0x2010, 0x2010, 0x2010,
    0x2010, 0x2010, 0x2010, 0x2010, 0x2010, 0x2010, 0x2010, 0x2010, 0x2010, 0x2010, 0x2010, 0x2010, 0x2010, 0x2010, 0x2010, 0x2010,
    0x2010, 0x2010, 0x2010, 0x2010, 0x2010, 0x2010, 0x2010, 0x2010, 0x2010, 0x2010, 0x2010, 0x2010, 0x2010, 0x2010, 0x2010, 0x2010,
    0x2020, 0x2020, 0x2020, 0x2020, 0x2020, 0x2020, 0x2020, 0x4200, 0x4200, 0x4200, 0x4200, 0x4200, 0x0400, 0x0400, 0x0400, 0x0400,
    0x2008, 0x2008, 0x2008, 0x2008, 0x4200, 0x0400, 0x0000, 0x0000, 0x0000, 0x0000, 0x0000, 0x0000, 0x0000, 0x0000, 0x0000, 0x0000,
    0x3840, 0x3840, 0x3840, 0x3840, 0x3840, 0x3840, 0x3840, 0x3840, 0x3840, 0x3840, 0x0000, 0x0840, 0x0840, 0x0840, 0x0840, 0x0840,
    0x0840, 0x0840, 0x0000, 0x2010, 0x2010, 0x2010, 0x2010, 0x2010, 0x2010, 0x2010, 0x2010, 0x2010, 0x2010, 0x2010, 0x2010, 0x2010,
    0x2010, 0x2010, 0x2010, 0x2010, 0x2010, 0x2010, 0x2010, 0x2010, 0x0000, 0x0000, 0x0000, 0x0000, 0x0000, 0x2010, 0x2010, 0x2010,
    0x2010, 0x2010, 0x2010, 0x2010, 0x2010, 0x2010, 0x2010, 0x2010, 0x2010, 0x2010, 0x2010, 0x2010, 0x2010, 0x2010, 0x2010, 0x2010,
    0x0000, 0x0000, 0x0000, 0x0000, 0x0000, 0x0000, 0x0000, 0x0000, 0x0000, 0x0000, 0x0000, 0x0000, 0x0000, 0x0000, 0x0000, 0x0000,
    0x0000, 0x0000, 0x0000, 0x0000, 0x0000, 0x0000, 0x0000, 0x0000, 0x0000, 0x0000, 0x0000, 0x0000, 0x0000, 0x0000, 0x0000, 0x0000,
    0x0000, 0x0000, 0x0000, 0x0000, 0x0000, 0x0000, 0x0000, 0x0000, 0x0000, 0x0000, 0x0000, 0x0000, 0x0000, 0x0000, 0x0000, 0x0000,
    0x0000, 0x0000, 0x0000, 0x0000, 0x0000, 0x0000, 0x0000, 0x0000, 0x0000, 0x0000, 0x0000, 0x0000, 0x0000, 0x0000, 0x0000, 0x0000,
    0x0000, 0x0000, 0x0000, 0x0000, 0x0000, 0x0000, 0x0000, 0x0000, 0x0000, 0x0000, 0x0000, 0x0000, 0x0000, 0x0000, 0x0000, 0x0000,
    0x0000, 0x0000, 0x0000, 0x0000, 0x0000, 0x0000, 0x0000, 0x0000, 0x0000, 0x0000, 0x0000, 0x0000, 0x0000, 0x0000, 0x0000, 0x0000,
    0x0000, 0x0000, 0x0000, 0x0000, 0x0000, 0x0000, 0x0000, 0x0000, 0x0000, 0x0000, 0x0000, 0x0000, 0x0000, 0x0000, 0x0000, 0x0000,
    0x0000, 0x0000, 0x0000, 0x0000, 0x0000, 0x0000, 0x0000, 0x0000, 0x0000, 0x0000, 0x0000, 0x0000, 0x0000, 0x0000, 0x0000, 0x0000,
    0x0000, 0x0000, 0x0000, 0x0000, 0x0000, 0x0000, 0x0000, 0x0000, 0x0000, 0x0000, 0x0000, 0x0000, 0x0000, 0x0000, 0x0000, 0x0000,
    0x0000, 0x0000, 0x0000, 0x0000, 0x0000, 0x0000, 0x0000, 0x0000, 0x0000, 0x0000, 0x0000, 0x0000, 0x0000, 0x0000, 0x0000, 0x0000,
    0x0000, 0x0000, 0x0000, 0x0000, 0x0000, 0x0000, 0x0000, 0x0000, 0x0000, 0x0000, 0x0000, 0x0000, 0x0000, 0x0000, 0x0000, 0x0000,
    0x2008, 0x2008, 0x2008, 0x2010, 0x2010, 0x2010, 0x2010, 0x2010, 0x2010, 0x2010, 0x2010, 0x2010, 0x2010, 0x2010, 0x2010, 0x2010,
    0x2010, 0x2010, 0x2010, 0x2010, 0x2010, 0x2010, 0x2010, 0x2010, 0x2010, 0x2010, 0x2010, 0x2010, 0x2010, 0x2010, 0x2010, 0x2010,
    0x2010, 0x2010, 0x2010, 0x2010, 0x2010, 0x2010, 0x2010, 0x2010, 0x2010, 0x2010, 0x2010, 0x2008, 0x2008, 0x0200, 0x0200, 0x0200,
    0x3840, 0x3840, 0x3840, 0x3840, 0x3840, 0x3840, 0x3840, 0x3840, 0x3840, 0x3840, 0x0000, 0x0000, 0x0000, 0x0000, 0x0000, 0x0000,
    0x0000, 0x0000, 0x0000, 0x0000, 0x0000, 0x0000, 0x0000, 0x0000, 0x0000, 0x0000, 0x0000, 0x0000, 0x0000, 0x0000, 0x0000, 0x0000,
    0x0000, 0x0000, 0x0000, 0x0000, 0x0000, 0x0000, 0x0000, 0x0000, 0x0000, 0x0000, 0x0000, 0x0000, 0x0000, 0x0000, 0x0000, 0x0000,
    0x0000, 0x0000, 0x0000, 0x0000, 0x0000, 0x0000, 0x0000, 0x0000, 0x0000, 0x0000, 0x0000, 0x0000, 0x0000, 0x0000, 0x0000, 0x0000,
    0x0000, 0x0000, 0x0000, 0x0000, 0x0000, 0x0000, 0x0000, 0x0000, 0x0000, 0x0000, 0x0000, 0x0000, 0x0000, 0x0000, 0x0000, 0x0000,
    0x0000, 0x0000, 0x0000, 0x0000, 0x0000, 0x0000, 0x0000, 0x0000, 0x0000, 0x0000, 0x0000, 0x0000, 0x0000, 0x0000, 0x0000, 0x0000,
    0x0000, 0x0000, 0x0000, 0x0000, 0x0000, 0x0000, 0x0000, 0x0000, 0x0000, 0x0000, 0x0000, 0x0000, 0x0000, 0x0000, 0x0000, 0x0000,
    0x0000, 0x0000, 0x0000, 0x0000, 0x0000, 0x0000, 0x0000, 0x0000, 0x0000, 0x0000, 0x0000, 0x0000, 0x0000, 0x0000, 0x0000, 0x0000,
    0x0000, 0x0000, 0x0000, 0x0000, 0x0000, 0x0000, 0x0000, 0x0000, 0x0000, 0x0000, 0x0000, 0x0000, 0x0000, 0x0000, 0x0000, 0x0000,
    0x0000, 0x0000, 0x0000, 0x0000, 0x0000, 0x0000, 0x0000, 0x0000, 0x0000, 0x0000, 0x0000, 0x0000, 0x0000, 0x0000, 0x0000, 0x0000,
    0x0000, 0x0000, 0x0000, 0x0000, 0x0000, 0x0000, 0x0000, 0x0000, 0x0000, 0x0000, 0x0000, 0x0000, 0x0000, 0x0000, 0x0000, 0x0000,
    0x0000, 0x0000, 0x0000, 0x0000, 0x0000, 0x0000, 0x0000, 0x0000, 0x0000, 0x0000, 0x0000, 0x0000, 0x0000, 0x0000, 0x0000, 0x0000,
    0x0000, 0x0000, 0x0000, 0x0000, 0x0000, 0x0000, 0x0000, 0x0000, 0x0000, 0x0000, 0x0000, 0x0000, 0x0000, 0x0000, 0x0000, 0x0000,
    0x2001, 0x2001, 0x2001, 0x2001, 0x2001, 0x2001, 0x2001, 0x2001, 0x2001, 0x2001, 0x2001, 0x2001, 0x2001, 0x2001, 0x2001, 0x2001,
    0x2001, 0x2001, 0x2001, 0x2001, 0x2001, 0x2001, 0x2001, 0x2001, 0x2001, 0x2001, 0x2001, 0x2001, 0x2001, 0x2001, 0x2001, 0x2001,
    0x2002, 0x2002, 0x2002, 0x2002, 0x2002, 0x2002, 0x2002, 0x2002, 0x2002, 0x2002, 0x2002, 0x2002, 0x2002, 0x2002, 0x2002, 0x2002,
    0x2002, 0x2002, 0x2002, 0x2002, 0x2002, 0x2002, 0x2002, 0x2002, 0x2002, 0x2002, 0x2002, 0x2002, 0x2002, 0x2002, 0x2002, 0x2002,
    0x0840, 0x0840, 0x0840, 0x0840, 0x0840, 0x0840, 0x0840, 0x0840, 0x0840, 0x0840, 0x0840, 0x0840, 0x0840, 0x0840, 0x0840, 0x0840,
    0x0840, 0x0840, 0x0840, 0x0840, 0x0840, 0x0840, 0x0840, 0x0200, 0x0200, 0x0200, 0x0200, 0x0000, 0x0000, 0x0000, 0x0000, 0x0000,
    0x0000, 0x0000, 0x0000, 0x0000, 0x0000, 0x0000, 0x0000, 0x0000, 0x0000, 0x0000, 0x0000, 0x0000, 0x0000, 0x0000, 0x0000, 0x0000,
    0x0000, 0x0000, 0x0000, 0x0000, 0x0000, 0x0000, 0x0000, 0x0000, 0x0000, 0x0000, 0x0000, 0x0000, 0x0000, 0x0000, 0x0000, 0x0000,
    0x0000, 0x0000, 0x0000, 0x0000, 0x0000, 0x0000, 0x0000, 0x0000, 0x0000, 0x0000, 0x0000, 0x0000, 0x0000, 0x0000, 0x0000, 0x0000,
    0x0000, 0x0000, 0x0000, 0x0000, 0x0000, 0x0000, 0x0000, 0x0000, 0x0000, 0x0000, 0x0000, 0x0000, 0x0000, 0x0000, 0x0000, 0x0000,
    0x0000, 0x0000, 0x0000, 0x0000, 0x0000, 0x0000, 0x0000, 0x0000, 0x0000, 0x0000, 0x0000, 0x0000, 0x0000, 0x0000, 0x0000, 0x0000,
    0x0000, 0x0000, 0x0000, 0x0000, 0x0000, 0x0000, 0x0000, 0x0000, 0x0000, 0x0000, 0x0000, 0x0000, 0x0000, 0x0000, 0x0000, 0x0000,
    0x2010, 0x2010, 0x2010, 0x2010, 0x2010, 0x2010, 0x2010, 0x2010, 0x2010, 0x2010, 0x2010, 0x2010, 0x2010, 0x2010, 0x2010, 0x2010,
    0x2010, 0x2010, 0x2010, 0x2010, 0x2010, 0x2010, 0x2010, 0x2010, 0x2010, 0x2010, 0x2010, 0x2010, 0x2010, 0x2010, 0x2010, 0x2010,
    0x2010, 0x2010, 0x2010, 0x2010, 0x2010, 0x2010, 0x2010, 0x2010, 0x2010, 0x2010, 0x2010, 0x2010, 0x2010, 0x2010, 0x2010, 0x2010,
    0x2010, 0x2010, 0x2010, 0x2010, 0x2010, 0x2010, 0x2010, 0x2010, 0x2010, 0x2010, 0x2010, 0x2010, 0x2010, 0x2010, 0x2010, 0x2010,
    0x2010, 0x2010, 0x2010, 0x2010, 0x2010, 0x2010, 0x2010, 0x2010, 0x2010, 0x2010, 0x2010, 0x0000, 0x0000, 0x0000, 0x0000, 0x2020,
    0x2010, 0x2020, 0x2020, 0x2020, 0x2020, 0x2020, 0x2020, 0x2020, 0x2020, 0x2020, 0x2020, 0x2020, 0x2020, 0x2020, 0x2020, 0x2020,
    0x2020, 0x2020, 0x2020, 0x2020, 0x2020, 0x2020, 0x2020, 0x2020, 0x2020, 0x2020, 0x2020, 0x2020, 0x2020, 0x2020, 0x2020, 0x2020,
    0x2020, 0x2020, 0x2020, 0x2020, 0x2020, 0x2020, 0x2020, 0x2020, 0x2020, 0x2020, 0x2020, 0x2020, 0x2020, 0x2020, 0x2020, 0x2020,
    0x2020, 0x2020, 0x2020, 0x2020, 0x2020, 0x2020, 0x2020, 0x2020, 0x0000, 0x0000, 0x0000, 0x0000, 0x0000, 0x0000, 0x0000, 0x2020,
    0x2020, 0x2020, 0x2020, 0x2008, 0x2008, 0x2008, 0x2008, 0x2008, 0x2008, 0x2008, 0x2008, 0x2008, 0x2008, 0x2008, 0x2008, 0x2008,
    0x0000, 0x0000, 0x0000, 0x0000, 0x0000, 0x0000, 0x0000, 0x0000, 0x0000, 0x0000, 0x0000, 0x0000, 0x0000, 0x0000, 0x0000, 0x0000,
    0x0000, 0x0000, 0x0000, 0x0000, 0x0000, 0x0000, 0x0000, 0x0000, 0x0000, 0x0000, 0x0000, 0x0000, 0x0000, 0x0000, 0x0000, 0x0000,
    0x0000, 0x0000, 0x0000, 0x0000, 0x0000, 0x0000, 0x0000, 0x0000, 0x0000, 0x0000, 0x0000, 0x0000, 0x0000, 0x0000, 0x0000, 0x0000,
    0x0000, 0x0000, 0x0000, 0x0000, 0x0000, 0x0000, 0x0000, 0x0000, 0x0000, 0x0000, 0x0000, 0x0000, 0x0000, 0x0000, 0x0000, 0x0000,
    0x2008, 0x2008, 0x0200, 0x2008, 0x2020, 0x0000, 0x0000, 0x0000, 0x0000, 0x0000, 0x0000, 0x0000, 0x0000, 0x0000, 0x0000, 0x0000,
    0x2020, 0x2020, 0x0000, 0x0000, 0x0800, 0x0800, 0x0800, 0x0000, 0x0000, 0x0000, 0x0000, 0x0000, 0x0000, 0x0000, 0x0000, 0x0000,
    0x2010, 0x2010, 0x2010, 0x2010, 0x2010, 0x2010, 0x2010, 0x2010, 0x2010, 0x2010, 0x2010, 0x2010, 0x2010, 0x2010, 0x2010, 0x2010,
    0x2010, 0x2010, 0x2010, 0x2010, 0x2010, 0x2010, 0x2010, 0x2010, 0x2010, 0x2010, 0x2010, 0x2010, 0x2010, 0x2010, 0x2010, 0x2010,
    0x2010, 0x2010, 0x2010, 0x2010, 0x2010, 0x2010, 0x2010, 0x2010, 0x2010, 0x2010, 0x2010, 0x2010, 0x2010, 0x2010, 0x2010, 0x2010,
    0x2010, 0x2010, 0x2010, 0x2010, 0x2010, 0x2010, 0x2010, 0x2010, 0x2010, 0x2010, 0x2010, 0x2010, 0x2010, 0x2010, 0x2010, 0x2010,
    0x2010, 0x2010, 0x2010, 0x2010, 0x2010, 0x2010, 0x2010, 0x2010, 0x2010, 0x2010, 0x2010, 0x2010, 0x2010, 0x2010, 0x2010, 0x2010,
    0x2010, 0x2010, 0x2010, 0x2010, 0x2010, 0x2010, 0x2010, 0x2010, 0x2010, 0x2010, 0x2010, 0x2010, 0x2010, 0x2010, 0x2010, 0x2010,
    0x2010, 0x2010, 0x2010, 0x2010, 0x2010, 0x2010, 0x2010, 0x2010, 0x2010, 0x2010, 0x2010, 0x2010, 0x2010, 0x2010, 0x2010, 0x2010,
    0x2010, 0x2010, 0x2010, 0x2010, 0x2010, 0x2010, 0x2010, 0x2010, 0x2010, 0x2010, 0x2010, 0x2010, 0x2010, 0x2010, 0x2010, 0x2010,
    0x2010, 0x2010, 0x2010, 0x2010, 0x2010, 0x2010, 0x2010, 0x2010, 0x2010, 0x2010, 0x2010, 0x2010, 0x2010, 0x2010, 0x2010, 0x2010,
    0x2010, 0x2010, 0x2010, 0x2010, 0x2010, 0x2010, 0x2010, 0x2010, 0x2010, 0x2010, 0x2010, 0x2010, 0x2010, 0x2010, 0x2010, 0x2010,
    0x2010, 0x2010, 0x2010, 0x2010, 0x2010, 0x2010, 0x2010, 0x2010, 0x2010, 0x2010, 0x2010, 0x2010, 0x2010, 0x2010, 0x2010, 0x2010,
    0x2010, 0x2010, 0x2010, 0x2010, 0x2010, 0x2010, 0x2010, 0x2010, 0x2010, 0x2010, 0x2010, 0x2010, 0x2010, 0x2010, 0x2010, 0x2010,
    0x2010, 0x2010, 0x2010, 0x2010, 0x2010, 0x2010, 0x2010, 0x2010, 0x2010, 0x2010, 0x2010, 0x2010, 0x2010, 0x2010, 0x2010, 0x2010,
    0x2010, 0x2010, 0x2010, 0x2010, 0x2010, 0x2010, 0x2010, 0x2010, 0x2010, 0x2010, 0x2010, 0x2010, 0x2010, 0x2010, 0x2010, 0x2010,
    0x2010, 0x2010, 0x2010, 0x2010, 0x2010, 0x2010, 0x2010, 0x2010, 0x2010, 0x2010, 0x2010, 0x2010, 0x2010, 0x2010, 0x2010, 0x2010,
    0x2010, 0x2010, 0x2010, 0x2010, 0x2010, 0x2010, 0x2010, 0x2010, 0x0000, 0x0000, 0x0000, 0x0000, 0x0000, 0x0000, 0x0000, 0x0000,
    0x2010, 0x2010, 0x2010, 0x2010, 0x2010, 0x2010, 0x2010, 0x2010, 0x2010, 0x2010, 0x2010, 0x2010, 0x2010, 0x2010, 0x2010, 0x2010,
    0x2010, 0x2010, 0x2010, 0x2010, 0x2010, 0x2010, 0x2010, 0x2010, 0x2010, 0x2010, 0x2010, 0x2010, 0x2010, 0x2010, 0x2010, 0x2010,
    0x2010, 0x2010, 0x2010, 0x2010, 0x2010, 0x2010, 0x2010, 0x2010, 0x2010, 0x2010, 0x2010, 0x2010, 0x2010, 0x2010, 0x2010, 0x2010,
    0x2010, 0x2010, 0x2010, 0x2010, 0x2010, 0x2010, 0x2010, 0x2010, 0x2010, 0x2010, 0x2010, 0x2010, 0x2010, 0x2010, 0x2010, 0x2010,
    0x2010, 0x2010, 0x2010, 0x2010, 0x2010, 0x2010, 0x2010, 0x2010, 0x2010, 0x2010, 0x2010, 0x2010, 0x2010, 0x2010, 0x2010, 0x2010,
    0x2010, 0x2010, 0x2010, 0x2010, 0x2010, 0x2010, 0x2010, 0x2010, 0x2010, 0x2010, 0x2010, 0x2010, 0x2010, 0x2010, 0x2010, 0x2010,
    0x2010, 0x2010, 0x2010, 0x2010, 0x2010, 0x2010, 0x2010, 0x2010, 0x2010, 0x2010, 0x2010, 0x2010, 0x2010, 0x2010, 0x2010, 0x2010,
    0x2010, 0x2010, 0x2010, 0x2010, 0x2010, 0x2010, 0x2010, 0x2010, 0x2010, 0x2010, 0x2010, 0x2010, 0x2010, 0x2010, 0x2010, 0x2010,
    0x2010, 0x2010, 0x2010, 0x2010, 0x2010, 0x2010, 0x2010, 0x2010, 0x2010, 0x2010, 0x2010, 0x2010, 0x2010, 0x2010, 0x2010, 0x2010,
    0x2010, 0x2010, 0x2010, 0x2010, 0x2010, 0x2010, 0x2010, 0x2010, 0x2010, 0x2010, 0x2010, 0x2010, 0x2010, 0x2010, 0x2010, 0x2010,
    0x2010, 0x2010, 0x2010, 0x2010, 0x2010, 0x2010, 0x2010, 0x2010, 0x2010, 0x2010, 0x2010, 0x2010, 0x2010, 0x2010, 0x2010, 0x2010,
    0x2010, 0x2010, 0x2010, 0x2010, 0x2010, 0x2010, 0x2010, 0x2010, 0x2010, 0x2010, 0x2010, 0x2010, 0x2010, 0x2010, 0x2010, 0x2010,
    0x2010, 0x2010, 0x2010, 0x2010, 0x2010, 0x2010, 0x2010, 0x2010, 0x2010, 0x2010, 0x2010, 0x2010, 0x2010, 0x2010, 0x2010, 0x2010,
    0x2010, 0x2010, 0x2010, 0x2010, 0x2010, 0x2010, 0x0000, 0x0000, 0x0000, 0x0000, 0x0000, 0x0000, 0x0000, 0x0000, 0x0000, 0x0000,
    0x0000, 0x0000, 0x0000, 0x0000, 0x0000, 0x0000, 0x0000, 0x0000, 0x0000, 0x0000, 0x0000, 0x0000, 0x0000, 0x0000, 0x0000, 0x0000,
    0x0000, 0x0000, 0x0000, 0x0000, 0x0000, 0x0000, 0x0000, 0x0000, 0x0000, 0x0000, 0x0000, 0x0000, 0x0000, 0x0000, 0x0000, 0x2010,
    0x2010, 0x2010, 0x2010, 0x2010, 0x2010, 0x2010, 0x2010, 0x2010, 0x2010, 0x0000, 0x0000, 0x0000, 0x0000, 0x0000, 0x0000, 0x0000,
    0x0000, 0x0000, 0x0000, 0x0000, 0x0000, 0x0000, 0x0000, 0x0000, 0x0000, 0x0000, 0x0000, 0x0000, 0x0000, 0x0000, 0x0000, 0x0000,
    0x0000, 0x0000, 0x0000, 0x0000, 0x0000, 0x0000, 0x0000, 0x0000, 0x0000, 0x0000, 0x0000, 0x0000, 0x0000, 0x0000, 0x0000, 0x0000,
    0x0000, 0x0000, 0x0000, 0x0000, 0x0000, 0x0000, 0x0000, 0x0000, 0x0000, 0x0000, 0x0000, 0x0000, 0x0000, 0x0000, 0x0000, 0x0000,
    0x0000, 0x0000, 0x0000, 0x0000, 0x0000, 0x0000, 0x0000, 0x0000, 0x0000, 0x0000, 0x0000, 0x0000, 0x0000, 0x0000, 0x0000, 0x0000,
    0x0000, 0x0000, 0x0000, 0x0000, 0x0000, 0x0000, 0x0000, 0x0000, 0x0000, 0x0000, 0x0000, 0x0000, 0x0000, 0x0000, 0x0000, 0x0000,
    0x0000, 0x0000, 0x0000, 0x0000, 0x0000, 0x0000, 0x0000, 0x0000, 0x0000, 0x0000, 0x0000, 0x0000, 0x0000, 0x0000, 0x0000, 0x0000,
    0x0000, 0x0000, 0x0000, 0x0000, 0x0000, 0x0000, 0x0000, 0x0000, 0x0000, 0x0000, 0x0000, 0x0000, 0x0000, 0x0000, 0x0000, 0x0000,
    0x0000, 0x0000, 0x0000, 0x0000, 0x0000, 0x0000, 0x0000, 0x0000, 0x0000, 0x0000, 0x0000, 0x0000, 0x0000, 0x0000, 0x0000, 0x0000,
    0x0000, 0x0000, 0x0000, 0x0000, 0x0000, 0x0000, 0x0000, 0x0000, 0x0000, 0x0000, 0x0000, 0x0000, 0x0000, 0x0000, 0x0000, 0x0000,
    0x0000, 0x0000, 0x0000, 0x0000, 0x0000, 0x0000, 0x0000, 0x0000, 0x0000, 0x0000, 0x0000, 0x0000, 0x0000, 0x0000, 0x0000, 0x0000,
    0x0000, 0x0000, 0x0000, 0x0000, 0x0000, 0x0000, 0x0000, 0x0000, 0x0000, 0x0000, 0x0000, 0x0000, 0x0000, 0x0000, 0x0000, 0x0000,
    0x0000, 0x0000, 0x0000, 0x0000, 0x0000, 0x0000, 0x0000, 0x0000, 0x0000, 0x0000, 0x0000, 0x0000, 0x0000, 0x0000, 0x0000, 0x0000,
    0x0000, 0x0000, 0x0000, 0x0000, 0x0000, 0x0000, 0x0000, 0x0000, 0x0000, 0x0000, 0x0000, 0x0000, 0x0000, 0x0000, 0x0000, 0x0000,
    0x0000, 0x0000, 0x0000, 0x0000, 0x0000, 0x0000, 0x0000, 0x0000, 0x0000, 0x0000, 0x0000, 0x0000, 0x0000, 0x0000, 0x0000, 0x0000,
    0x0000, 0x0000, 0x0000, 0x0000, 0x0000, 0x0000, 0x0000, 0x0000, 0x0000, 0x0000, 0x0000, 0x0000, 0x0000, 0x0000, 0x0000, 0x0000,
    0x0000, 0x0000, 0x0000, 0x0000, 0x0000, 0x0000, 0x0000, 0x0000, 0x0000, 0x0000, 0x0000, 0x0000, 0x0000, 0x0000, 0x0000, 0x0000,
    0x0000, 0x0000, 0x0000, 0x0000, 0x0000, 0x0000, 0x0000, 0x0000, 0x0000, 0x0000, 0x0000, 0x0000, 0x0000, 0x0000, 0x0000, 0x0000,
    0x0000, 0x0000, 0x0000, 0x0000, 0x0000, 0x0000, 0x0000, 0x0000, 0x0000, 0x0000, 0x0000, 0x0000, 0x0000, 0x0000, 0x0000, 0x0000,
    0x0000, 0x0000, 0x0000, 0x0000, 0x0000, 0x0000, 0x0000, 0x0000, 0x0000, 0x0000, 0x0000, 0x0000, 0x0000, 0x0000, 0x0000, 0x0000,
    0x0000, 0x0000, 0x0000, 0x0000, 0x0000, 0x0000, 0x0000, 0x0000, 0x0000, 0x0000, 0x0000, 0x0000, 0x0000, 0x0000, 0x0000, 0x0000,
    0x0000, 0x0000, 0x0000, 0x0000, 0x0000, 0x0000, 0x0000, 0x0000, 0x0000, 0x0000, 0x0000, 0x0000, 0x0000, 0x0000, 0x0000, 0x0000,
    0x0000, 0x0000, 0x0000, 0x0000, 0x0000, 0x0000, 0x0000, 0x0000, 0x0000, 0x0000, 0x0000, 0x0000, 0x0000, 0x0000, 0x0000, 0x0000,
    0x0000, 0x0000, 0x0000, 0x0000, 0x0000, 0x0000, 0x0000, 0x0000, 0x0000, 0x0000, 0x0000, 0x0000, 0x0000, 0x0000, 0x0000, 0x0000,
    0x0000, 0x0000, 0x0000, 0x0000, 0x0000, 0x0000, 0x0000, 0x0000, 0x0000, 0x0000, 0x0000, 0x0000, 0x0000, 0x0000, 0x0000, 0x0000,
    0x0000, 0x0000, 0x0000, 0x0000, 0x0000, 0x0000, 0x0000, 0x0000, 0x0000, 0x0000, 0x0000, 0x0000, 0x0000, 0x0000, 0x0000, 0x0000,
    0x0000, 0x0000, 0x0000, 0x0000, 0x0000, 0x0000, 0x0000, 0x0000, 0x0000, 0x0000, 0x0000, 0x0000, 0x0000, 0x0000, 0x0000, 0x0000,
    0x0000, 0x0000, 0x0000, 0x0000, 0x0000, 0x0000, 0x0000, 0x0000, 0x0000, 0x0000, 0x0000, 0x0000, 0x0000, 0x0000, 0x0000, 0x0000,
    0x0000, 0x0000, 0x0000, 0x0000, 0x0000, 0x0000, 0x0000, 0x0000, 0x0000, 0x0000, 0x0000, 0x0000, 0x0000, 0x0000, 0x0000, 0x0000,
    0x0000, 0x0000, 0x0000, 0x0000, 0x0000, 0x0000, 0x0000, 0x0000, 0x0000, 0x0000, 0x0000, 0x0000, 0x0000, 0x0000, 0x0000, 0x0000,
    0x0000, 0x0000, 0x0000, 0x0000, 0x0000, 0x0000, 0x0000, 0x0000, 0x0000, 0x0000, 0x0000, 0x0000, 0x0000, 0x0000, 0x0000, 0x0000,
    0x2008, 0x2008, 0x2008, 0x2008, 0x0000, 0x2008, 0x2008, 0x2008, 0x2008, 0x2008, 0x2008, 0x2008, 0x0000, 0x2008, 0x2008, 0x0000,
    0x2010, 0x2010, 0x2010, 0x2010, 0x2010, 0x2010, 0x2010, 0x2010, 0x2010, 0x2010, 0x2010, 0x2010, 0x2010, 0x2010, 0x2010, 0x2010,
    0x2010, 0x2010, 0x2010, 0x2010, 0x2010, 0x2010, 0x2010, 0x2010, 0x2010, 0x2010, 0x2010, 0x2010, 0x2010, 0x2010, 0x2010, 0x2010,
    0x2010, 0x2010, 0x2010, 0x0000, 0x0000, 0x0000, 0x0000, 0x0000, 0x0000, 0x0000, 0x0000, 0x0000, 0x0000, 0x0000, 0x0000, 0x0000,
    0x0000, 0x0000, 0x2010, 0x0000, 0x0000, 0x0000, 0x0000, 0x0000, 0x0000, 0x0000, 0x0000, 0x0000, 0x0000, 0x0000, 0x0000, 0x0000,
    0x0000, 0x0000, 0x0000, 0x0000, 0x0000, 0x0000, 0x0000, 0x0000, 0x0000, 0x0000, 0x0000, 0x0000, 0x0000, 0x0000, 0x0000, 0x0000,
    0x2010, 0x2010, 0x2010, 0x0000, 0x0000, 0x2010, 0x0000, 0x0000, 0x0000, 0x0000, 0x0000, 0x0000, 0x0000, 0x0000, 0x0000, 0x0000,
    0x0000, 0x0000, 0x0000, 0x0000, 0x2010, 0x2010, 0x2010, 0x2010, 0x0000, 0x0000, 0x0000, 0x0000, 0x0000, 0x0000, 0x0000, 0x0000,
    0x2010, 0x2010, 0x2010, 0x2010, 0x2010, 0x2010, 0x2010, 0x2010, 0x2010, 0x2010, 0x2010, 0x2010, 0x2010, 0x2010, 0x2010, 0x2010,
    0x2010, 0x2010, 0x2010, 0x2010, 0x2010, 0x2010, 0x2010, 0x2010, 0x2010, 0x2010, 0x2010, 0x2010, 0x2010, 0x2010, 0x2010, 0x2010,
    0x2010, 0x2010, 0x2010, 0x2010, 0x2010, 0x2010, 0x2010, 0x2010, 0x2010, 0x2010, 0x2010, 0x2010, 0x2010, 0x2010, 0x2010, 0x2010,
    0x2010, 0x2010, 0x2010, 0x2010, 0x2010, 0x2010, 0x2010, 0x2010, 0x2010, 0x2010, 0x2010, 0x2010, 0x2010, 0x2010, 0x2010, 0x2010,
    0x2010, 0x2010, 0x2010, 0x2010, 0x2010, 0x2010, 0x2010, 0x2010, 0x2010, 0x2010, 0x2010, 0x2010, 0x2010, 0x2010, 0x2010, 0x2010,
    0x2010, 0x2010, 0x2010, 0x2010, 0x2010, 0x2010, 0x2010, 0x2010, 0x2010, 0x2010, 0x2010, 0x2010, 0x2010, 0x2010, 0x2010, 0x2010,
    0x2010, 0x2010, 0x2010, 0x2010, 0x2010, 0x2010, 0x2010, 0x2010, 0x2010, 0x2010, 0x2010, 0x2010, 0x2010, 0x2010, 0x2010, 0x2010,
    0x2010, 0x2010, 0x2010, 0x2010, 0x2010, 0x2010, 0x2010, 0x2010, 0x2010, 0x2010, 0x2010, 0x2010, 0x2010, 0x2010, 0x2010, 0x2010,
    0x2010, 0x2010, 0x2010, 0x2010, 0x2010, 0x2010, 0x2010, 0x2010, 0x2010, 0x2010, 0x2010, 0x2010, 0x2010, 0x2010, 0x2010, 0x2010,
    0x2010, 0x2010, 0x2010, 0x2010, 0x2010, 0x2010, 0x2010, 0x2010, 0x2010, 0x2010, 0x2010, 0x2010, 0x2010, 0x2010, 0x2010, 0x2010,
    0x2010, 0x2010, 0x2010, 0x2010, 0x2010, 0x2010, 0x2010, 0x2010, 0x2010, 0x2010, 0x2010, 0x2010, 0x2010, 0x2010, 0x2010, 0x2010,
    0x2010, 0x2010, 0x2010, 0x2010, 0x2010, 0x2010, 0x2010, 0x2010, 0x2010, 0x2010, 0x2010, 0x2010, 0x2010, 0x2010, 0x2010, 0x2010,
    0x2010, 0x2010, 0x2010, 0x2010, 0x2010, 0x2010, 0x2010, 0x2010, 0x2010, 0x2010, 0x2010, 0x2010, 0x2010, 0x2010, 0x2010, 0x2010,
    0x2010, 0x2010, 0x2010, 0x2010, 0x2010, 0x2010, 0x2010, 0x2010, 0x2010, 0x2010, 0x2010, 0x2010, 0x2010, 0x2010, 0x2010, 0x2010,
    0x2010, 0x2010, 0x2010, 0x2010, 0x2010, 0x2010, 0x2010, 0x2010, 0x2010, 0x2010, 0x2010, 0x2010, 0x2010, 0x2010, 0x2010, 0x2010,
    0x2010, 0x2010, 0x2010, 0x2010, 0x2010, 0x2010, 0x2010, 0x2010, 0x2010, 0x2010, 0x2010, 0x2010, 0x2010, 0x2010, 0x2010, 0x2010,
    0x2010, 0x2010, 0x2010, 0x2010, 0x2010, 0x2010, 0x2010, 0x2010, 0x2010, 0x2010, 0x2010, 0x2010, 0x2010, 0x2010, 0x2010, 0x2010,
    0x2010, 0x2010, 0x2010, 0x2010, 0x2010, 0x2010, 0x2010, 0x2010, 0x2010, 0x2010, 0x2010, 0x2010, 0x2010, 0x2010, 0x2010, 0x2010,
    0x2010, 0x2010, 0x2010, 0x2010, 0x2010, 0x2010, 0x2010, 0x2010, 0x2010, 0x2010, 0x2010, 0x2010, 0x2010, 0x2010, 0x2010, 0x2010,
    0x2010, 0x2010, 0x2010, 0x2010, 0x2010, 0x2010, 0x2010, 0x2010, 0x2010, 0x2010, 0x2010, 0x2010, 0x2010, 0x2010, 0x2010, 0x2010,
    0x2010, 0x2010, 0x2010, 0x2010, 0x2010, 0x2010, 0x2010, 0x2010, 0x2010, 0x2010, 0x2010, 0x2010, 0x2010, 0x2010, 0x2010, 0x2010,
    0x2010, 0x2010, 0x2010, 0x2010, 0x2010, 0x2010, 0x2010, 0x2010, 0x2010, 0x2010, 0x2010, 0x2010, 0x2010, 0x2010, 0x2010, 0x2010,
    0x2010, 0x2010, 0x2010, 0x2010, 0x2010, 0x2010, 0x2010, 0x2010, 0x2010, 0x2010, 0x2010, 0x2010, 0x2010, 0x2010, 0x2010, 0x2010,
    0x2010, 0x2010, 0x2010, 0x2010, 0x2010, 0x2010, 0x2010, 0x2010, 0x2010, 0x2010, 0x2010, 0x2010, 0x2010, 0x2010, 0x2010, 0x2010,
    0x2010, 0x2010, 0x2010, 0x2010, 0x2010, 0x2010, 0x2010, 0x2010, 0x2010, 0x2010, 0x2010, 0x2010, 0x0000, 0x0000, 0x0000, 0x0000,
    0x2010, 0x2010, 0x2010, 0x2010, 0x2010, 0x2010, 0x2010, 0x2010, 0x2010, 0x2010, 0x2010, 0x2010, 0x2010, 0x2010, 0x2010, 0x2010,
    0x2010, 0x2010, 0x2010, 0x2010, 0x2010, 0x2010, 0x2010, 0x2010, 0x2010, 0x2010, 0x2010, 0x2010, 0x2010, 0x2010, 0x2010, 0x2010,
    0x2010, 0x2010, 0x2010, 0x2010, 0x2010, 0x2010, 0x2010, 0x2010, 0x2010, 0x2010, 0x2010, 0x2010, 0x2010, 0x2010, 0x2010, 0x2010,
    0x2010, 0x2010, 0x2010, 0x2010, 0x2010, 0x2010, 0x2010, 0x2010, 0x2010, 0x2010, 0x2010, 0x2010, 0x2010, 0x2010, 0x2010, 0x2010,
    0x2010, 0x2010, 0x2010, 0x2010, 0x2010, 0x2010, 0x2010, 0x2010, 0x2010, 0x2010, 0x2010, 0x2010, 0x2010, 0x2010, 0x2010, 0x2010,
    0x2010, 0x2010, 0x2010, 0x2010, 0x2010, 0x2010, 0x2010, 0x2010, 0x2010, 0x2010, 0x2010, 0x2010, 0x2010, 0x2010, 0x2010, 0x2010,
    0x2010, 0x2010, 0x2010, 0x2010, 0x2010, 0x2010, 0x2010, 0x2010, 0x2010, 0x2010, 0x2010, 0x0000, 0x0000, 0x0000, 0x0000, 0x0000,
    0x2010, 0x2010, 0x2010, 0x2010, 0x2010, 0x2010, 0x2010, 0x2010, 0x2010, 0x2010, 0x2010, 0x2010, 0x2010, 0x0000, 0x0000, 0x0000,
    0x2010, 0x2010, 0x2010, 0x2010, 0x2010, 0x2010, 0x2010, 0x2010, 0x2010, 0x0000, 0x0000, 0x0000, 0x0000, 0x0000, 0x0000, 0x0000,
    0x2010, 0x2010, 0x2010, 0x2010, 0x2010, 0x2010, 0x2010, 0x2010, 0x2010, 0x2010, 0x0000, 0x0000, 0x0400, 0x2020, 0x2020, 0x4200,
    0x0000, 0x0000, 0x0000, 0x0000, 0x0000, 0x0000, 0x0000, 0x0000, 0x0000, 0x0000, 0x0000, 0x0000, 0x0000, 0x0000, 0x0000, 0x0000,
    0x0000, 0x0000, 0x0000, 0x0000, 0x0000, 0x0000, 0x0000, 0x0000, 0x0000, 0x0000, 0x0000, 0x0000, 0x0000, 0x0000, 0x0000, 0x0000,
    0x0000, 0x0000, 0x0000, 0x0000, 0x0000, 0x0000, 0x0000, 0x0000, 0x0000, 0x0000, 0x0000, 0x0000, 0x0000, 0x0000, 0x0000, 0x0000,
    0x0000, 0x0000, 0x0000, 0x0000, 0x0000, 0x0000, 0x0000, 0x0000, 0x0000, 0x0000, 0x0000, 0x0000, 0x0000, 0x0000, 0x0000, 0x0000,
    0x0000, 0x0000, 0x0000, 0x0000, 0x0000, 0x0000, 0x0000, 0x0000, 0x0000, 0x0000, 0x0000, 0x0000, 0x0000, 0x0000, 0x0000, 0x0000,
    0x0000, 0x0000, 0x0000, 0x0000, 0x0000, 0x0000, 0x0000, 0x0000, 0x0000, 0x0000, 0x0000, 0x0000, 0x0000, 0x0000, 0x0000, 0x0000,
    0x0400, 0x0400, 0x0400, 0x0400, 0x0400, 0x0400, 0x0400, 0x0400, 0x0400, 0x0400, 0x0400, 0x0400, 0x0400, 0x0400, 0x0400, 0x0400,
    0x0400, 0x0400, 0x0400, 0x0400, 0x0400, 0x0400, 0x0400, 0x0400, 0x0400, 0x0400, 0x0400, 0x0400, 0x0400, 0x0400, 0x0400, 0x0400,
    0x0400, 0x0400, 0x0400, 0x0400, 0x0400, 0x0400, 0x0400, 0x0400, 0x0400, 0x0400, 0x0400, 0x0400, 0x0400, 0x0400, 0x0400, 0x0400,
    0x0400, 0x0400, 0x0400, 0x0400, 0x0400, 0x0400, 0x0400, 0x0400, 0x0400, 0x0400, 0x0400, 0x0400, 0x0400, 0x0400, 0x0400, 0x0400,
    0x0400, 0x0400, 0x0400, 0x0400, 0x0400, 0x0400, 0x0400, 0x0400, 0x0400, 0x0400, 0x0400, 0x0400, 0x0400, 0x0400, 0x0400, 0x0400,
    0x0400, 0x0400, 0x0400, 0x0400, 0x0400, 0x0400, 0x0400, 0x0400, 0x0400, 0x0400, 0x0400, 0x0400, 0x0400, 0x0400, 0x0400, 0x0400,
    0x0400, 0x0400, 0x0400, 0x0400, 0x0400, 0x0400, 0x0400, 0x0400, 0x0400, 0x0400, 0x0400, 0x0400, 0x0400, 0x0400, 0x0400, 0x0400,
    0x0400, 0x0400, 0x0400, 0x0400, 0x0400, 0x0400, 0x0400, 0x0400, 0x0400, 0x0400, 0x0400, 0x0400, 0x0400, 0x0400, 0x0400, 0x0400,
    0x0400, 0x0400, 0x0400, 0x0400, 0x0400, 0x0400, 0x0400, 0x0400, 0x0400, 0x0400, 0x0400, 0x0400, 0x0400, 0x0400, 0x0400, 0x0400,
    0x0400, 0x0400, 0x0400, 0x0400, 0x0400, 0x0400, 0x0400, 0x0400, 0x0400, 0x0400, 0x0400, 0x0400, 0x0400, 0x0400, 0x0400, 0x0400,
    0x0400, 0x0400, 0x0400, 0x0400, 0x0400, 0x0400, 0x0400, 0x0400, 0x0400, 0x0400, 0x0400, 0x0400, 0x0400, 0x0400, 0x0400, 0x0400,
    0x0400, 0x0400, 0x0400, 0x0400, 0x0400, 0x0400, 0x0400, 0x0400, 0x0400, 0x0400, 0x0400, 0x0400, 0x0400, 0x0400, 0x0400, 0x0400,
    0x0400, 0x0400, 0x0400, 0x0400, 0x0400, 0x0400, 0x0400, 0x0400, 0x0400, 0x0400, 0x0400, 0x0400, 0x0400, 0x0400, 0x0400, 0x0400,
    0x0400, 0x0400, 0x0400, 0x0400, 0x0400, 0x0400, 0x0400, 0x0400, 0x0400, 0x0400, 0x0400, 0x0400, 0x0400, 0x0400, 0x0400, 0x0400,
    0x0400, 0x0400, 0x0400, 0x0400, 0x0400, 0x0400, 0x0400, 0x0400, 0x0400, 0x0400, 0x0400, 0x0400, 0x0400, 0x0400, 0x0400, 0x0400,
    0x3840, 0x3840, 0x3840, 0x3840, 0x3840, 0x3840, 0x3840, 0x3840, 0x3840, 0x3840, 0x0000, 0x0000, 0x0000, 0x0000, 0x0000, 0x0000,
    0x0400, 0x0400, 0x0400, 0x0400, 0x0400, 0x0400, 0x0400, 0x0400, 0x0400, 0x0400, 0x0400, 0x0400, 0x0400, 0x0400, 0x0400, 0x0400,
    0x0400, 0x0400, 0x0400, 0x0400, 0x0400, 0x0400, 0x0400, 0x0400, 0x0400, 0x0400, 0x0400, 0x0400, 0x0400, 0x0400, 0x0400, 0x0400,
    0x0400, 0x0400, 0x0400, 0x0400, 0x0400, 0x0400, 0x0400, 0x0400, 0x0400, 0x0400, 0x0400, 0x0400, 0x0400, 0x0400, 0x0400, 0x0400,
    0x0400, 0x0400, 0x0400, 0x0400, 0x0400, 0x0400, 0x0400, 0x0400, 0x0400, 0x0400, 0x0400, 0x0400, 0x0400, 0x0400, 0x0400, 0x0400,
    0x0400, 0x0400, 0x0400, 0x0400, 0x0400, 0x0400, 0x0400, 0x0400, 0x0400, 0x0400, 0x0400, 0x0400, 0x0400, 0x0400, 0x0400, 0x0400,
    0x0400, 0x0400, 0x0400, 0x0400, 0x0400, 0x0400, 0x0400, 0x0400, 0x0400, 0x0400, 0x0400, 0x0400, 0x0400, 0x0400, 0x0400, 0x0400,
    0x0400, 0x0400, 0x0400, 0x0400, 0x0400, 0x0400, 0x0400, 0x0400, 0x0400, 0x0400, 0x0400, 0x0400, 0x0400, 0x0400, 0x0400, 0x0400,
    0x0400, 0x0400, 0x0400, 0x0400, 0x0400, 0x0400, 0x0400, 0x0400, 0x0400, 0x0400, 0x0400, 0x0400, 0x0400, 0x0400, 0x0400, 0x0400,
    0x0400, 0x0400, 0x0400, 0x0400, 0x0400, 0x0400, 0x0400, 0x0400, 0x0400, 0x0400, 0x0400, 0x0400, 0x0400, 0x0400, 0x0400, 0x0400,
    0x0400, 0x0400, 0x0400, 0x0400, 0x0400, 0x0400, 0x0400, 0x0400, 0x0400, 0x0400, 0x0400, 0x0400, 0x0400, 0x0400, 0x0400, 0x0400,
    0x0400, 0x0400, 0x0400, 0x0400, 0x0400, 0x0400, 0x0400, 0x0400, 0x0400, 0x0400, 0x0400, 0x0400, 0x0400, 0x0400, 0x0400, 0x0400,
    0x0400, 0x0400, 0x0400, 0x0400, 0x0000, 0x0000, 0x0000, 0x0000, 0x0000, 0x0000, 0x0000, 0x0000, 0x0000, 0x0000, 0x0000, 0x0000,
    0x0000, 0x0000, 0x0000, 0x0000, 0x0000, 0x0000, 0x0000, 0x0000, 0x0000, 0x0000, 0x0000, 0x0000, 0x0000, 0x0000, 0x0000, 0x0000,
    0x0000, 0x0000, 0x0000, 0x0000, 0x0000, 0x0000, 0x0000, 0x0000, 0x0000, 0x0000, 0x0000, 0x0000, 0x0000, 0x0000, 0x0000, 0x0000,
    0x0000, 0x0000, 0x0000, 0x0000, 0x0000, 0x0000, 0x0000, 0x0000, 0x0000, 0x0000, 0x0000, 0x0000, 0x0000, 0x0000, 0x0000, 0x0000,
    0x0000, 0x0000, 0x0000, 0x0000, 0x0000, 0x0000, 0x0000, 0x0000, 0x0000, 0x0000, 0x0000, 0x0000, 0x0000, 0x0000, 0x0000, 0x0000,
    0x2020, 0x2020, 0x2020, 0x2020, 0x2020, 0x2020, 0x2020, 0x2020, 0x2020, 0x2020, 0x2020, 0x2020, 0x2020, 0x2020, 0x2020, 0x2020,
    0x2020, 0x2020, 0x2020, 0x2020, 0x2020, 0x2020, 0x2020, 0x2020, 0x2020, 0x2020, 0x2020, 0x2020, 0x2020, 0x2020, 0x2020, 0x2020,
    0x2020, 0x2020, 0x2020, 0x2020, 0x2020, 0x2020, 0x2020, 0x2020, 0x2020, 0x2020, 0x2020, 0x2020, 0x2020, 0x2020, 0x0000, 0x0000,
    0x2020, 0x2020, 0x2020, 0x2020, 0x2020, 0x2020, 0x2020, 0x2020, 0x2020, 0x2020, 0x2020, 0x2020, 0x2020, 0x2020, 0x2020, 0x2020,
    0x2020, 0x2020, 0x2020, 0x2020, 0x2020, 0x2020, 0x2020, 0x0000, 0x0000, 0x0000, 0x0000, 0x0000, 0x0000, 0x0000, 0x0000, 0x0000,
    0x0400, 0x0400, 0x0400, 0x0400, 0x0400, 0x0400, 0x0400, 0x0400, 0x0400, 0x0400, 0x0400, 0x0400, 0x0400, 0x0400, 0x0400, 0x0400,
    0x0400, 0x0400, 0x0400, 0x0400, 0x0400, 0x0400, 0x0400, 0x0400, 0x0400, 0x0400, 0x0400, 0x0400, 0x0400, 0x0400, 0x0400, 0x0400,
    0x0400, 0x0400, 0x0400, 0x0400, 0x0400, 0x0400, 0x0400, 0x0400, 0x0400, 0x0400, 0x0400, 0x0400, 0x0400, 0x0400, 0x0400, 0x0400,
    0x0400, 0x0400, 0x0400, 0x0400, 0x0400, 0x0400, 0x0400, 0x0400, 0x0400, 0x0400, 0x0400, 0x0400, 0x0400, 0x0400, 0x0400, 0x0400,
    0x0400, 0x0400, 0x0400, 0x0400, 0x0400, 0x0400, 0x0400, 0x0400, 0x0400, 0x0400, 0x0400, 0x0400, 0x0400, 0x0400, 0x0400, 0x0400,
    0x0400, 0x0400, 0x0400, 0x0400, 0x0400, 0x0400, 0x0400, 0x0400, 0x0400, 0x0400, 0x0400, 0x0400, 0x0400, 0x0400, 0x0400, 0x0400,
    0x0400, 0x0400, 0x0400, 0x0400, 0x0400, 0x0400, 0x0400, 0x0400, 0x0400, 0x0400, 0x0400, 0x0400, 0x0400, 0x0400, 0x0400, 0x0400,
    0x0400, 0x0400, 0x0400, 0x0400, 0x0000, 0x0000, 0x0000, 0x0000, 0x0000, 0x0000, 0x0000, 0x0000, 0x0000, 0x0000, 0x0000, 0x0000,
    0x0000, 0x0000, 0x0000, 0x0000, 0x0000, 0x0000, 0x0000, 0x0000, 0x0000, 0x0000, 0x0000, 0x0000, 0x0000, 0x0000, 0x0000, 0x0000,
    0x0000, 0x0000, 0x0000, 0x0000, 0x0000, 0x0000, 0x0000, 0x0000, 0x0000, 0x0000, 0x0000, 0x0000, 0x0000, 0x0000, 0x0000, 0x0000,
    0x0000, 0x0000, 0x0000, 0x0000, 0x0000, 0x0000, 0x0000, 0x0000, 0x0000, 0x0000, 0x0000, 0x0000, 0x0000, 0x0000, 0x0000, 0x0000,
    0x0400, 0x0400, 0x0400, 0x0400, 0x0400, 0x0400, 0x0400, 0x0400, 0x0400, 0x0400, 0x0400, 0x0400, 0x0400, 0x0400, 0x0400, 0x0400,
    0x0400, 0x0400, 0x0400, 0x0400, 0x0400, 0x0400, 0x0400, 0x0400, 0x0400, 0x0400, 0x0400, 0x0400, 0x0400, 0x0400, 0x0400, 0x0400,
    0x0400, 0x0400, 0x0400, 0x0400, 0x0400, 0x0400, 0x0400, 0x0400, 0x0400, 0x0400, 0x0400, 0x0400, 0x0400, 0x0400, 0x0400, 0x0400,
    0x0400, 0x0400, 0x0400, 0x0400, 0x0400, 0x0400, 0x0400, 0x0400, 0x0400, 0x0400, 0x0400, 0x0400, 0x0400, 0x0400, 0x0400, 0x0400,
    0x0400, 0x0400, 0x0400, 0x0400, 0x0400, 0x0400, 0x0400, 0x0400, 0x0400, 0x0400, 0x0400, 0x0400, 0x0400, 0x0400, 0x0400, 0x0400,
    0x0400, 0x0400, 0x0400, 0x0400, 0x0400, 0x0400, 0x0400, 0x0400, 0x0400, 0x0400, 0x0400, 0x0400, 0x0400, 0x0400, 0x0400, 0x0400,
    0x0400, 0x0400, 0x0400, 0x0400, 0x0400, 0x0400, 0x0400, 0x0400, 0x0400, 0x0400, 0x0400, 0x0400, 0x0400, 0x0400, 0x0400, 0x0400,
    0x0400, 0x0400, 0x0400, 0x0400, 0x0400, 0x0400, 0x0400, 0x0400, 0x0400, 0x0400, 0x0400, 0x0400, 0x0400, 0x0400, 0x0400, 0x0400,
    0x0400, 0x0400, 0x0400, 0x0400, 0x0400, 0x0400, 0x0400, 0x0400, 0x0400, 0x0400, 0x0400, 0x0400, 0x0400, 0x0400, 0x0400, 0x0400,
    0x0400, 0x0400, 0x0400, 0x0400, 0x0400, 0x0400, 0x0400, 0x0400, 0x0400, 0x0400, 0x0400, 0x0400, 0x0400, 0x0400, 0x0400, 0x0400,
    0x0400, 0x0400, 0x0400, 0x0400, 0x0400, 0x0400, 0x0400, 0x0400, 0x0400, 0x0400, 0x0400, 0x0400, 0x0400, 0x0400, 0x0400, 0x0400,
    0x0400, 0x0400, 0x0400, 0x0400, 0x0400, 0x0400, 0x0400, 0x0400, 0x0400, 0x0400, 0x0400, 0x0400, 0x0400, 0x0400, 0x0400, 0x0400,
    0x0400, 0x0400, 0x0400, 0x0400, 0x0400, 0x0400, 0x0400, 0x0400, 0x0400, 0x0400, 0x0400, 0x0400, 0x0400, 0x0400, 0x0400, 0x0400,
    0x0400, 0x0400, 0x0400, 0x0400, 0x0400, 0x0400, 0x0400, 0x0400, 0x0400, 0x0400, 0x0400, 0x0400, 0x0400, 0x0400, 0x0400, 0x0400,
    0x0400, 0x0400, 0x0400, 0x0400, 0x0400, 0x0400, 0x0400, 0x0400, 0x0400, 0x0400, 0x0400, 0x0400, 0x0400, 0x0400, 0x0400, 0x0400,
    0x0400, 0x0400, 0x0400, 0x0400, 0x0400, 0x0400, 0x0000, 0x0000, 0x0000, 0x0000, 0x0000, 0x0000, 0x0000, 0x0000, 0x0000, 0x0000,
    0x0400, 0x0400, 0x0400, 0x0400, 0x0400, 0x0400, 0x0400, 0x0400, 0x0400, 0x0400, 0x0400, 0x0400, 0x0400, 0x0400, 0x0400, 0x0400,
    0x0400, 0x0400, 0x0400, 0x0400, 0x0400, 0x0400, 0x0400, 0x0400, 0x0400, 0x0400, 0x0400, 0x0400, 0x0400, 0x0400, 0x0400, 0x0400,
    0x0400, 0x0400, 0x0400, 0x0400, 0x0400, 0x0400, 0x0400, 0x0000, 0x0000, 0x0400, 0x0400, 0x0400, 0x0400, 0x0400, 0x0400, 0x0400,
    0x0400, 0x0400, 0x0400, 0x0400, 0x0400, 0x0400, 0x0400, 0x0400, 0x0400, 0x0400, 0x0400, 0x0400, 0x0400, 0x0400, 0x0400, 0x0400,
    0x0400, 0x0400, 0x0400, 0x0400, 0x0400, 0x0400, 0x0400, 0x0400, 0x0400, 0x0400, 0x0400, 0x0400, 0x0400, 0x0400, 0x0400, 0x0400,
    0x0400, 0x0400, 0x0400, 0x0400, 0x0400, 0x0400, 0x0400, 0x0400, 0x0400, 0x0400, 0x0400, 0x0400, 0x0400, 0x0400, 0x0400, 0x0400,
    0x0400, 0x0400, 0x0400, 0x0400, 0x0400, 0x2020, 0x2020, 0x2020, 0x2020, 0x2020, 0x0400, 0x0400, 0x0400, 0x2020, 0x2020, 0x2020,
    0x2020, 0x2020, 0x2020, 0x0000, 0x0000, 0x0000, 0x0000, 0x0000, 0x0000, 0x0000, 0x0000, 0x2020, 0x2020, 0x2020, 0x2020, 0x2020,
    0x2020, 0x2020, 0x2020, 0x0400, 0x0400, 0x2020, 0x2020, 0x2020, 0x2020, 0x2020, 0x2020, 0x2020, 0x0400, 0x0400, 0x0400, 0x0400,
    0x0400, 0x0400, 0x0400, 0x0400, 0x0400, 0x0400, 0x0400, 0x0400, 0x0400, 0x0400, 0x0400, 0x0400, 0x0400, 0x0400, 0x0400, 0x0400,
    0x0400, 0x0400, 0x0400, 0x0400, 0x0400, 0x0400, 0x0400, 0x0400, 0x0400, 0x0400, 0x2020, 0x2020, 0x2020, 0x2020, 0x0400, 0x0400,
    0x0400, 0x0400, 0x0400, 0x0400, 0x0400, 0x0400, 0x0400, 0x0400, 0x0400, 0x0400, 0x0400, 0x0400, 0x0400, 0x0400, 0x0400, 0x0400,
    0x0400, 0x0400, 0x0400, 0x0400, 0x0400, 0x0400, 0x0400, 0x0400, 0x0400, 0x0400, 0x0400, 0x0400, 0x0400, 0x0400, 0x0400, 0x0400,
    0x0400, 0x0400, 0x0400, 0x0400, 0x0400, 0x0400, 0x0400, 0x0400, 0x0400, 0x0400, 0x0400, 0x0400, 0x0400, 0x0400, 0x0400, 0x0400,
    0x0400, 0x0400, 0x0400, 0x0400, 0x0400, 0x0400, 0x0400, 0x0400, 0x0400, 0x0400, 0x0400, 0x0000, 0x0000, 0x0000, 0x0000, 0x0000,
    0x0000, 0x0000, 0x0000, 0x0000, 0x0000, 0x0000, 0x0000, 0x0000, 0x0000, 0x0000, 0x0000, 0x0000, 0x0000, 0x0000, 0x0000, 0x0000,
    0x0400, 0x0400, 0x0400, 0x0400, 0x0400, 0x0400, 0x0400, 0x0400, 0x0400, 0x0400, 0x0400, 0x0400, 0x0400, 0x0400, 0x0400, 0x0400,
    0x0400, 0x0400, 0x0400, 0x0400, 0x0400, 0x0400, 0x0400, 0x0400, 0x0400, 0x0400, 0x0400, 0x0400, 0x0400, 0x0400, 0x0400, 0x0400,
    0x0400, 0x0400, 0x0400, 0x0400, 0x0400, 0x0400, 0x0400, 0x0400, 0x0400, 0x0400, 0x0400, 0x0400, 0x0400, 0x0400, 0x0400, 0x0400,
    0x0400, 0x0400, 0x0400, 0x0400, 0x0400, 0x0400, 0x0400, 0x0400, 0x0400, 0x0400, 0x0400, 0x0400, 0x0400, 0x0400, 0x0400, 0x0400,
    0x0400, 0x0400, 0x2020, 0x2020, 0x2020, 0x0400, 0x0000, 0x0000, 0x0000, 0x0000, 0x0000, 0x0000, 0x0000, 0x0000, 0x0000, 0x0000,
    0x0000, 0x0000, 0x0000, 0x0000, 0x0000, 0x0000, 0x0000, 0x0000, 0x0000, 0x0000, 0x0000, 0x0000, 0x0000, 0x0000, 0x0000, 0x0000,
    0x0000, 0x0000, 0x0000, 0x0000, 0x0000, 0x0000, 0x0000, 0x0000, 0x0000, 0x0000, 0x0000, 0x0000, 0x0000, 0x0000, 0x0000, 0x0000,
    0x0000, 0x0000, 0x0000, 0x0000, 0x0000, 0x0000, 0x0000, 0x0000, 0x0000, 0x0000, 0x0000, 0x0000, 0x0000, 0x0000, 0x0000, 0x0000,
    0x0000, 0x0000, 0x0000, 0x0000, 0x0000, 0x0000, 0x0000, 0x0000, 0x0000, 0x0000, 0x0000, 0x0000, 0x0000, 0x0000, 0x0000, 0x0000,
    0x0000, 0x0000, 0x0000, 0x0000, 0x0000, 0x0000, 0x0000, 0x0000, 0x0000, 0x0000, 0x0000, 0x0000, 0x0000, 0x0000, 0x0000, 0x0000,
    0x0000, 0x0000, 0x0000, 0x0000, 0x0000, 0x0000, 0x0000, 0x0000, 0x0000, 0x0000, 0x0000, 0x0000, 0x0000, 0x0000, 0x0000, 0x0000,
    0x0000, 0x0000, 0x0000, 0x0000, 0x0000, 0x0000, 0x0000, 0x0000, 0x0000, 0x0000, 0x0000, 0x0000, 0x0000, 0x0000, 0x0000, 0x0000,
    0x0840, 0x0840, 0x0840, 0x0840, 0x0840, 0x0840, 0x0840, 0x0840, 0x0840, 0x0840, 0x0840, 0x0840, 0x0840, 0x0840, 0x0840, 0x0840,
    0x0840, 0x0840, 0x0840, 0x0840, 0x0000, 0x0000, 0x0000, 0x0000, 0x0000, 0x0000, 0x0000, 0x0000, 0x0000, 0x0000, 0x0000, 0x0000,
    0x0840, 0x0840, 0x0840, 0x0840, 0x0840, 0x0840, 0x0840, 0x0840, 0x0840, 0x0840, 0x0840, 0x0840, 0x0840, 0x0840, 0x0840, 0x0840,
    0x0840, 0x0840, 0x0840, 0x0840, 0x0000, 0x0000, 0x0000, 0x0000, 0x0000, 0x0000, 0x0000, 0x0000, 0x0000, 0x0000, 0x0000, 0x0000,
    0x0400, 0x0400, 0x0400, 0x0400, 0x0400, 0x0400, 0x0400, 0x0400, 0x0400, 0x0400, 0x0400, 0x0400, 0x0400, 0x0400, 0x0400, 0x0400,
    0x0400, 0x0400, 0x0400, 0x0400, 0x0400, 0x0400, 0x0400, 0x0400, 0x0400, 0x0400, 0x0400, 0x0400, 0x0400, 0x0400, 0x0400, 0x0400,
    0x0400, 0x0400, 0x0400, 0x0400, 0x0400, 0x0400, 0x0400, 0x0400, 0x0400, 0x0400, 0x0400, 0x0400, 0x0400, 0x0400, 0x0400, 0x0400,
    0x0400, 0x0400, 0x0400, 0x0400, 0x0400, 0x0400, 0x0400, 0x0400, 0x0400, 0x0400, 0x0400, 0x0400, 0x0400, 0x0400, 0x0400, 0x0400,
    0x0400, 0x0400, 0x0400, 0x0400, 0x0400, 0x0400, 0x0400, 0x0400, 0x0400, 0x0400, 0x0400, 0x0400, 0x0400, 0x0400, 0x0400, 0x0400,
    0x0400, 0x0400, 0x0400, 0x0400, 0x0400, 0x0400, 0x0400, 0x0000, 0x0000, 0x0000, 0x0000, 0x0000, 0x0000, 0x0000, 0x0000, 0x0000,
    0x0840, 0x0840, 0x0840, 0x0840, 0x0840, 0x0840, 0x0840, 0x0840, 0x0840, 0x0840, 0x0840, 0x0840, 0x0840, 0x0840, 0x0840, 0x0840,
    0x0840, 0x0840, 0x0840, 0x0840, 0x0840, 0x0840, 0x0840, 0x0840, 0x0840, 0x0000, 0x0000, 0x0000, 0x0000, 0x0000, 0x0000, 0x0000,
    0x0000, 0x0000, 0x0000, 0x0000, 0x0000, 0x0000, 0x0000, 0x0000, 0x0000, 0x0000, 0x0000, 0x0000, 0x0000, 0x0000, 0x0000, 0x0000,
    0x0000, 0x0000, 0x0000, 0x0000, 0x0000, 0x0000, 0x0000, 0x0000, 0x0000, 0x0000, 0x0000, 0x0000, 0x0000, 0x0000, 0x0000, 0x0000,
    0x0000, 0x0000, 0x0000, 0x0000, 0x0000, 0x0000, 0x0000, 0x0000, 0x0000, 0x0000, 0x0000, 0x0000, 0x0000, 0x0000, 0x0000, 0x0000,
    0x0000, 0x0000, 0x0000, 0x0000, 0x0000, 0x0000, 0x0000, 0x0000, 0x0000, 0x0000, 0x0000, 0x0000, 0x0000, 0x0000, 0x0000, 0x0000,
    0x0000, 0x0000, 0x0000, 0x0000, 0x0000, 0x0000, 0x0000, 0x0000, 0x0000, 0x0000, 0x0000, 0x0000, 0x0000, 0x0000, 0x0000, 0x0000,
    0x0000, 0x0000, 0x0000, 0x0000, 0x0000, 0x0000, 0x0000, 0x0000, 0x0000, 0x0000, 0x0000, 0x0000, 0x0000, 0x0000, 0x0000, 0x0000,
    0x0000, 0x0000, 0x0000, 0x0000, 0x0000, 0x0000, 0x0000, 0x0000, 0x0000, 0x0000, 0x0000, 0x0000, 0x0000, 0x0000, 0x0000, 0x0000,
    0x0000, 0x0000, 0x0000, 0x0000, 0x0000, 0x0000, 0x0000, 0x0000, 0x0000, 0x0000, 0x0000, 0x0000, 0x0000, 0x0000, 0x0000, 0x0000,
    0x2001, 0x2001, 0x2001, 0x2001, 0x2001, 0x2001, 0x2001, 0x2001, 0x2001, 0x2001, 0x2001, 0x2001, 0x2001, 0x2001, 0x2001, 0x2001,
    0x2001, 0x2001, 0x2001, 0x2001, 0x2001, 0x2001, 0x2001, 0x2001, 0x2001, 0x2001, 0x2002, 0x2002, 0x2002, 0x2002, 0x2002, 0x2002,
    0x2002, 0x2002, 0x2002, 0x2002, 0x2002, 0x2002, 0x2002, 0x2002, 0x2002, 0x2002, 0x2002, 0x2002, 0x2002, 0x2002, 0x2002, 0x2002,
    0x2002, 0x2002, 0x2002, 0x2002, 0x2001, 0x2001, 0x2001, 0x2001, 0x2001, 0x2001, 0x2001, 0x2001, 0x2001, 0x2001, 0x2001, 0x2001,
    0x2001, 0x2001, 0x2001, 0x2001, 0x2001, 0x2001, 0x2001, 0x2001, 0x2001, 0x2001, 0x2001, 0x2001, 0x2001, 0x2001, 0x2002, 0x2002,
    0x2002, 0x2002, 0x2002, 0x2002, 0x2002, 0x0000, 0x2002, 0x2002, 0x2002, 0x2002, 0x2002, 0x2002, 0x2002, 0x2002, 0x2002, 0x2002,
    0x2002, 0x2002, 0x2002, 0x2002, 0x2002, 0x2002, 0x2002, 0x2002, 0x2001, 0x2001, 0x2001, 0x2001, 0x2001, 0x2001, 0x2001, 0x2001,
    0x2001, 0x2001, 0x2001, 0x2001, 0x2001, 0x2001, 0x2001, 0x2001, 0x2001, 0x2001, 0x2001, 0x2001, 0x2001, 0x2001, 0x2001, 0x2001,
    0x2001, 0x2001, 0x2002, 0x2002, 0x2002, 0x2002, 0x2002, 0x2002, 0x2002, 0x2002, 0x2002, 0x2002, 0x2002, 0x2002, 0x2002, 0x2002,
    0x2002, 0x2002, 0x2002, 0x2002, 0x2002, 0x2002, 0x2002, 0x2002, 0x2002, 0x2002, 0x2002, 0x2002, 0x2001, 0x0000, 0x2001, 0x2001,
    0x0000, 0x0000, 0x2001, 0x0000, 0x0000, 0x2001, 0x2001, 0x0000, 0x0000, 0x2001, 0x2001, 0x2001, 0x2001, 0x0000, 0x2001, 0x2001,
    0x2001, 0x2001, 0x2001, 0x2001, 0x2001, 0x2001, 0x2002, 0x2002, 0x2002, 0x2002, 0x0000, 0x2002, 0x0000, 0x2002, 0x2002, 0x2002,
    0x2002, 0x2002, 0x2002, 0x2002, 0x0000, 0x2002, 0x2002, 0x2002, 0x2002, 0x2002, 0x2002, 0x2002, 0x2002, 0x2002, 0x2002, 0x2002,
    0x2001, 0x2001, 0x2001, 0x2001, 0x2001, 0x2001, 0x2001, 0x2001, 0x2001, 0x2001, 0x2001, 0x2001, 0x2001, 0x2001, 0x2001, 0x2001,
    0x2001, 0x2001, 0x2001, 0x2001, 0x2001, 0x2001, 0x2001, 0x2001, 0x2001, 0x2001, 0x2002, 0x2002, 0x2002, 0x2002, 0x2002, 0x2002,
    0x2002, 0x2002, 0x2002, 0x2002, 0x2002, 0x2002, 0x2002, 0x2002, 0x2002, 0x2002, 0x2002, 0x2002, 0x2002, 0x2002, 0x2002, 0x2002,
    0x2002, 0x2002, 0x2002, 0x2002, 0x2001, 0x2001, 0x0000, 0x2001, 0x2001, 0x2001, 0x2001, 0x0000, 0x0000, 0x2001, 0x2001, 0x2001,
    0x2001, 0x2001, 0x2001, 0x2001, 0x2001, 0x0000, 0x2001, 0x2001, 0x2001, 0x2001, 0x2001, 0x2001, 0x2001, 0x0000, 0x2002, 0x2002,
    0x2002, 0x2002, 0x2002, 0x2002, 0x2002, 0x2002, 0x2002, 0x2002, 0x2002, 0x2002, 0x2002, 0x2002, 0x2002, 0x2002, 0x2002, 0x2002,
    0x2002, 0x2002, 0x2002, 0x2002, 0x2002, 0x2002, 0x2002, 0x2002, 0x2001, 0x2001, 0x0000, 0x2001, 0x2001, 0x2001, 0x2001, 0x0000,
    0x2001, 0x2001, 0x2001, 0x2001, 0x2001, 0x0000, 0x2001, 0x0000, 0x0000, 0x0000, 0x2001, 0x2001, 0x2001, 0x2001, 0x2001, 0x2001,
    0x2001, 0x0000, 0x2002, 0x2002, 0x2002, 0x2002, 0x2002, 0x2002, 0x2002, 0x2002, 0x2002, 0x2002, 0x2002, 0x2002, 0x2002, 0x2002,
    0x2002, 0x2002, 0x2002, 0x2002, 0x2002, 0x2002, 0x2002, 0x2002, 0x2002, 0x2002, 0x2002, 0x2002, 0x2001, 0x2001, 0x2001, 0x2001,
    0x2001, 0x2001, 0x2001, 0x2001, 0x2001, 0x2001, 0x2001, 0x2001, 0x2001, 0x2001, 0x2001, 0x2001, 0x2001, 0x2001, 0x2001, 0x2001,
    0x2001, 0x2001, 0x2001, 0x2001, 0x2001, 0x2001, 0x2002, 0x2002, 0x2002, 0x2002, 0x2002, 0x2002, 0x2002, 0x2002, 0x2002, 0x2002,
    0x2002, 0x2002, 0x2002, 0x2002, 0x2002, 0x2002, 0x2002, 0x2002, 0x2002, 0x2002, 0x2002, 0x2002, 0x2002, 0x2002, 0x2002, 0x2002,
    0x2001, 0x2001, 0x2001, 0x2001, 0x2001, 0x2001, 0x2001, 0x2001, 0x2001, 0x2001, 0x2001, 0x2001, 0x2001, 0x2001, 0x2001, 0x2001,
    0x2001, 0x2001, 0x2001, 0x2001, 0x2001, 0x2001, 0x2001, 0x2001, 0x2001, 0x2001, 0x2002, 0x2002, 0x2002, 0x2002, 0x2002, 0x2002,
    0x2002, 0x2002, 0x2002, 0x2002, 0x2002, 0x2002, 0x2002, 0x2002, 0x2002, 0x2002, 0x2002, 0x2002, 0x2002, 0x2002, 0x2002, 0x2002,
    0x2002, 0x2002, 0x2002, 0x2002, 0x2001, 0x2001, 0x2001, 0x2001, 0x2001, 0x2001, 0x2001, 0x2001, 0x2001, 0x2001, 0x2001, 0x2001,
    0x2001, 0x2001, 0x2001, 0x2001, 0x2001, 0x2001, 0x2001, 0x2001, 0x2001, 0x2001, 0x2001, 0x2001, 0x2001, 0x2001, 0x2002, 0x2002,
    0x2002, 0x2002, 0x2002, 0x2002, 0x2002, 0x2002, 0x2002, 0x2002, 0x2002, 0x2002, 0x2002, 0x2002, 0x2002, 0x2002, 0x2002, 0x2002,
    0x2002, 0x2002, 0x2002, 0x2002, 0x2002, 0x2002, 0x2002, 0x2002, 0x2001, 0x2001, 0x2001, 0x2001, 0x2001, 0x2001, 0x2001, 0x2001,
    0x2001, 0x2001, 0x2001, 0x2001, 0x2001, 0x2001, 0x2001, 0x2001, 0x2001, 0x2001, 0x2001, 0x2001, 0x2001, 0x2001, 0x2001, 0x2001,
    0x2001, 0x2001, 0x2002, 0x2002, 0x2002, 0x2002, 0x2002, 0x2002, 0x2002, 0x2002, 0x2002, 0x2002, 0x2002, 0x2002, 0x2002, 0x2002,
    0x2002, 0x2002, 0x2002, 0x2002, 0x2002, 0x2002, 0x2002, 0x2002, 0x2002, 0x2002, 0x2002, 0x2002, 0x2001, 0x2001, 0x2001, 0x2001,
    0x2001, 0x2001, 0x2001, 0x2001, 0x2001, 0x2001, 0x2001, 0x2001, 0x2001, 0x2001, 0x2001, 0x2001, 0x2001, 0x2001, 0x2001, 0x2001,
    0x2001, 0x2001, 0x2001, 0x2001, 0x2001, 0x2001, 0x2002, 0x2002, 0x2002, 0x2002, 0x2002, 0x2002, 0x2002, 0x2002, 0x2002, 0x2002,
    0x2002, 0x2002, 0x2002, 0x2002, 0x2002, 0x2002, 0x2002, 0x2002, 0x2002, 0x2002, 0x2002, 0x2002, 0x2002, 0x2002, 0x2002, 0x2002,
    0x2001, 0x2001, 0x2001, 0x2001, 0x2001, 0x2001, 0x2001, 0x2001, 0x2001, 0x2001, 0x2001, 0x2001, 0x2001, 0x2001, 0x2001, 0x2001,
    0x2001, 0x2001, 0x2001, 0x2001, 0x2001, 0x2001, 0x2001, 0x2001, 0x2001, 0x2001, 0x2002, 0x2002, 0x2002, 0x2002, 0x2002, 0x2002,
    0x2002, 0x2002, 0x2002, 0x2002, 0x2002, 0x2002, 0x2002, 0x2002, 0x2002, 0x2002, 0x2002, 0x2002, 0x2002, 0x2002, 0x2002, 0x2002,
    0x2002, 0x2002, 0x2002, 0x2002, 0x2002, 0x2002, 0x0000, 0x0000, 0x2001, 0x2001, 0x2001, 0x2001, 0x2001, 0x2001, 0x2001, 0x2001,
    0x2001, 0x2001, 0x2001, 0x2001, 0x2001, 0x2001, 0x2001, 0x2001, 0x2001, 0x2001, 0x2001, 0x2001, 0x2001, 0x2001, 0x2001, 0x2001,
    0x2001, 0x0400, 0x2002, 0x2002, 0x2002, 0x2002, 0x2002, 0x2002, 0x2002, 0x2002, 0x2002, 0x2002, 0x2002, 0x2002, 0x2002, 0x2002,
    0x2002, 0x2002, 0x2002, 0x2002, 0x2002, 0x2002, 0x2002, 0x2002, 0x2002, 0x2002, 0x2002, 0x0400, 0x2002, 0x2002, 0x2002, 0x2002,
    0x2002, 0x2002, 0x2001, 0x2001, 0x2001, 0x2001, 0x2001, 0x2001, 0x2001, 0x2001, 0x2001, 0x2001, 0x2001, 0x2001, 0x2001, 0x2001,
    0x2001, 0x2001, 0x2001, 0x2001, 0x2001, 0x2001, 0x2001, 0x2001, 0x2001, 0x2001, 0x2001, 0x0400, 0x2002, 0x2002, 0x2002, 0x2002,
    0x2002, 0x2002, 0x2002, 0x2002, 0x2002, 0x2002, 0x2002, 0x2002, 0x2002, 0x2002, 0x2002, 0x2002, 0x2002, 0x2002, 0x2002, 0x2002,
    0x2002, 0x2002, 0x2002, 0x2002, 0x2002, 0x0400, 0x2002, 0x2002, 0x2002, 0x2002, 0x2002, 0x2002, 0x2001, 0x2001, 0x2001, 0x2001,
    0x2001, 0x2001, 0x2001, 0x2001, 0x2001, 0x2001, 0x2001, 0x2001, 0x2001, 0x2001, 0x2001, 0x2001, 0x2001, 0x2001, 0x2001, 0x2001,
    0x2001, 0x2001, 0x2001, 0x2001, 0x2001, 0x0400, 0x2002, 0x2002, 0x2002, 0x2002, 0x2002, 0x2002, 0x2002, 0x2002, 0x2002, 0x2002,
    0x2002, 0x2002, 0x2002, 0x2002, 0x2002, 0x2002, 0x2002, 0x2002, 0x2002, 0x2002, 0x2002, 0x2002, 0x2002, 0x2002, 0x2002, 0x0400,
    0x2002, 0x2002, 0x2002, 0x2002, 0x2002, 0x2002, 0x2001, 0x2001, 0x2001, 0x2001, 0x2001, 0x2001, 0x2001, 0x2001, 0x2001, 0x2001,
    0x2001, 0x2001, 0x2001, 0x2001, 0x2001, 0x2001, 0x2001, 0x2001, 0x2001, 0x2001, 0x2001, 0x2001, 0x2001, 0x2001, 0x2001, 0x0400,
    0x2002, 0x2002, 0x2002, 0x2002, 0x2002, 0x2002, 0x2002, 0x2002, 0x2002, 0x2002, 0x2002, 0x2002, 0x2002, 0x2002, 0x2002, 0x2002,
    0x2002, 0x2002, 0x2002, 0x2002, 0x2002, 0x2002, 0x2002, 0x2002, 0x2002, 0x0400, 0x2002, 0x2002, 0x2002, 0x2002, 0x2002, 0x2002,
    0x2001, 0x2001, 0x2001, 0x2001, 0x2001, 0x2001, 0x2001, 0x2001, 0x2001, 0x2001, 0x2001, 0x2001, 0x2001, 0x2001, 0x2001, 0x2001,
    0x2001, 0x2001, 0x2001, 0x2001, 0x2001, 0x2001, 0x2001, 0x2001, 0x2001, 0x0400, 0x2002, 0x2002, 0x2002, 0x2002, 0x2002, 0x2002,
    0x2002, 0x2002, 0x2002, 0x2002, 0x2002, 0x2002, 0x2002, 0x2002, 0x2002, 0x2002, 0x2002, 0x2002, 0x2002, 0x2002, 0x2002, 0x2002,
    0x2002, 0x2002, 0x2002, 0x0400, 0x2002, 0x2002, 0x2002, 0x2002, 0x2002, 0x2002, 0x2001, 0x2002, 0x0000, 0x0000, 0x3840, 0x3840,
    0x3840, 0x3840, 0x3840, 0x3840, 0x3840, 0x3840, 0x3840, 0x3840, 0x3840, 0x3840, 0x3840, 0x3840, 0x3840, 0x3840, 0x3840, 0x3840,
    0x3840, 0x3840, 0x3840, 0x3840, 0x3840, 0x3840, 0x3840, 0x3840, 0x3840, 0x3840, 0x3840, 0x3840, 0x3840, 0x3840, 0x3840, 0x3840,
    0x3840, 0x3840, 0x3840, 0x3840, 0x3840, 0x3840, 0x3840, 0x3840, 0x3840, 0x3840, 0x3840, 0x3840, 0x3840, 0x3840, 0x3840, 0x3840,
    0x2020, 0x2020, 0x2020, 0x2020, 0x2020, 0x2020, 0x2020, 0x2020, 0x2020, 0x2020, 0x2020, 0x2020, 0x2020, 0x2020, 0x2020, 0x2020,
    0x2020, 0x2020, 0x2020, 0x2020, 0x2020, 0x2020, 0x2020, 0x2020, 0x2020, 0x2020, 0x2020, 0x2020, 0x2020, 0x2020, 0x2020, 0x2020,
    0x2020, 0x2020, 0x2020, 0x2020, 0x2020, 0x2020, 0x2020, 0x2020, 0x2020, 0x2020, 0x2020, 0x2020, 0x2020, 0x2020, 0x2020, 0x2020,
    0x2020, 0x2020, 0x2020, 0x2020, 0x2020, 0x2020, 0x2020, 0x0400, 0x0400, 0x0400, 0x0400, 0x2020, 0x2020, 0x2020, 0x2020, 0x2020,
    0x2020, 0x2020, 0x2020, 0x2020, 0x2020, 0x2020, 0x2020, 0x2020, 0x2020, 0x2020, 0x2020, 0x2020, 0x2020, 0x2020, 0x2020, 0x2020,
    0x2020, 0x2020, 0x2020, 0x2020, 0x2020, 0x2020, 0x2020, 0x2020, 0x2020, 0x2020, 0x2020, 0x2020, 0x2020, 0x2020, 0x2020, 0x2020,
    0x2020, 0x2020, 0x2020, 0x2020, 0x2020, 0x2020, 0x2020, 0x2020, 0x2020, 0x2020, 0x2020, 0x2020, 0x2020, 0x0400, 0x0400, 0x0400,
    0x0400, 0x0400, 0x0400, 0x0400, 0x0400, 0x2020, 0x0400, 0x0400, 0x0400, 0x0400, 0x0400, 0x0400, 0x0400, 0x0400, 0x0400, 0x0400,
    0x0400, 0x0400, 0x0400, 0x0400, 0x2020, 0x0400, 0x0400, 0x4200, 0x4200, 0x4200, 0x4200, 0x4200, 0x0000, 0x0000, 0x0000, 0x0000,
    0x0000, 0x0000, 0x0000, 0x0000, 0x0000, 0x0000, 0x0000, 0x0000, 0x0000, 0x0000, 0x0000, 0x2020, 0x2020, 0x2020, 0x2020, 0x2020,
    0x0000, 0x2020, 0x2020, 0x2020, 0x2020, 0x2020, 0x2020, 0x2020, 0x2020, 0x2020, 0x2020, 0x2020, 0x2020, 0x2020, 0x2020, 0x2020,
    0x0000, 0x0000, 0x0000, 0x0000, 0x0000, 0x0000, 0x0000, 0x0000, 0x0000, 0x0000, 0x0000, 0x0000, 0x0000, 0x0000, 0x0000, 0x0000,
    0x0000, 0x0000, 0x0000, 0x0000, 0x0000, 0x0000, 0x0000, 0x0000, 0x0000, 0x0000, 0x0000, 0x0000, 0x0000, 0x0000, 0x0000, 0x0000,
    0x0000, 0x0000, 0x0000, 0x0000, 0x0000, 0x0000, 0x0000, 0x0000, 0x0000, 0x0000, 0x0000, 0x0000, 0x0000, 0x0000, 0x0000, 0x0000,
    0x0000, 0x0000, 0x0000, 0x0000, 0x0000, 0x0000, 0x0000, 0x0000, 0x0000, 0x0000, 0x0000, 0x0000, 0x0000, 0x0000, 0x0000, 0x0000,
    0x0000, 0x0000, 0x0000, 0x0000, 0x0000, 0x0000, 0x0000, 0x0000, 0x0000, 0x0000, 0x0000, 0x0000, 0x0000, 0x0000, 0x0000, 0x0000,
    0x2002, 0x2002, 0x2002, 0x2002, 0x2002, 0x2002, 0x2002, 0x2002, 0x2002, 0x2002, 0x2010, 0x2002, 0x2002, 0x2002, 0x2002, 0x2002,
    0x2002, 0x2002, 0x2002, 0x2002, 0x2002, 0x2002, 0x2002, 0x2002, 0x2002, 0x2002, 0x2002, 0x2002, 0x2002, 0x2002, 0x2002, 0x0000,
    0x0000, 0x0000, 0x0000, 0x0000, 0x0000, 0x2002, 0x2002, 0x2002, 0x2002, 0x2002, 0x2002, 0x0000, 0x0000, 0x0000, 0x0000, 0x0000,
    0x0000, 0x0000, 0x0000, 0x0000, 0x0000, 0x0000, 0x0000, 0x0000, 0x0000, 0x0000, 0x0000, 0x0000, 0x0000, 0x0000, 0x0000, 0x0000,
    0x0000, 0x0000, 0x0000, 0x0000, 0x0000, 0x0000, 0x0000, 0x0000, 0x0000, 0x0000, 0x0000, 0x0000, 0x0000, 0x0000, 0x0000, 0x0000,
    0x0000, 0x0000, 0x0000, 0x0000, 0x0000, 0x0000, 0x0000, 0x0000, 0x0000, 0x0000, 0x0000, 0x0000, 0x0000, 0x0000, 0x0000, 0x0000,
    0x0000, 0x0000, 0x0000, 0x0000, 0x0000, 0x0000, 0x0000, 0x0000, 0x0000, 0x0000, 0x0000, 0x0000, 0x0000, 0x0000, 0x0000, 0x0000,
    0x0000, 0x0000, 0x0000, 0x0000, 0x0000, 0x0000, 0x0000, 0x0000, 0x0000, 0x0000, 0x0000, 0x0000, 0x0000, 0x0000, 0x0000, 0x0000,
    0x0000, 0x0000, 0x0000, 0x0000, 0x0000, 0x0000, 0x0000, 0x0000, 0x0000, 0x0000, 0x0000, 0x0000, 0x0000, 0x0000, 0x0000, 0x0000,
    0x0000, 0x0000, 0x0000, 0x0000, 0x0000, 0x0000, 0x0000, 0x0000, 0x0000, 0x0000, 0x0000, 0x0000, 0x0000, 0x0000, 0x0000, 0x0000,
    0x0000, 0x0000, 0x0000, 0x0000, 0x0000, 0x0000, 0x0000, 0x0000, 0x0000, 0x0000, 0x0000, 0x0000, 0x0000, 0x0000, 0x0000, 0x0000,
    0x0000, 0x0000, 0x0000, 0x0000, 0x0000, 0x0000, 0x0000, 0x0000, 0x0000, 0x0000, 0x0000, 0x0000, 0x0000, 0x0000, 0x0000, 0x0000,
    0x0000, 0x0000, 0x0000, 0x0000, 0x0000, 0x0000, 0x0000, 0x0000, 0x0000, 0x0000, 0x0000, 0x0000, 0x0000, 0x0000, 0x0000, 0x0000,
    0x0000, 0x0000, 0x0000, 0x0000, 0x0000, 0x0000, 0x0000, 0x0000, 0x0000, 0x0000, 0x0000, 0x0000, 0x0000, 0x0000, 0x0000, 0x0000,
    0x0000, 0x0000, 0x0000, 0x0000, 0x0000, 0x0000, 0x0000, 0x0000, 0x0000, 0x0000, 0x0000, 0x0000, 0x0000, 0x0000, 0x0000, 0x0000,
    0x0000, 0x0000, 0x0000, 0x0000, 0x0000, 0x0000, 0x0000, 0x0000, 0x0000, 0x0000, 0x0000, 0x0000, 0x0000, 0x0000, 0x0000, 0x0000,
    0x2020, 0x2020, 0x2020, 0x2020, 0x2020, 0x2020, 0x2020, 0x0000, 0x2020, 0x2020, 0x2020, 0x2020, 0x2020, 0x2020, 0x2020, 0x2020,
    0x2020, 0x2020, 0x2020, 0x2020, 0x2020, 0x2020, 0x2020, 0x2020, 0x2020, 0x0000, 0x0000, 0x2020, 0x2020, 0x2020, 0x2020, 0x2020,
    0x2020, 0x2020, 0x0000, 0x2020, 0x2020, 0x0000, 0x2020, 0x2020, 0x2020, 0x2020, 0x2020, 0x0000, 0x0000, 0x0000, 0x0000, 0x0000,
    0x2008, 0x2008, 0x2008, 0x2008, 0x2008, 0x2008, 0x2008, 0x2008, 0x2008, 0x2008, 0x2008, 0x2008, 0x2008, 0x2008, 0x2008, 0x2008,
    0x2008, 0x2008, 0x2008, 0x2008, 0x2008, 0x2008, 0x2008, 0x2008, 0x2008, 0x2008, 0x2008, 0x2008, 0x2008, 0x2008, 0x2008, 0x2008,
    0x2008, 0x2008, 0x2008, 0x2008, 0x2008, 0x2008, 0x2008, 0x2008, 0x2008, 0x2008, 0x2008, 0x2008, 0x2008, 0x2008, 0x2008, 0x2008,
    0x2008, 0x2008, 0x2008, 0x2008, 0x2008, 0x2008, 0x2008, 0x2008, 0x2008, 0x2008, 0x2008, 0x2008, 0x2008, 0x2008, 0x0000, 0x0000,
    0x0000, 0x0000, 0x0000, 0x0000, 0x0000, 0x0000, 0x0000, 0x0000, 0x0000, 0x0000, 0x0000, 0x0000, 0x0000, 0x0000, 0x0000, 0x0000,
    0x0000, 0x0000, 0x0000, 0x0000, 0x0000, 0x0000, 0x0000, 0x0000, 0x0000, 0x0000, 0x0000, 0x0000, 0x0000, 0x0000, 0x0000, 0x2020,
    0x0000, 0x0000, 0x0000, 0x0000, 0x0000, 0x0000, 0x0000, 0x0000, 0x0000, 0x0000, 0x0000, 0x0000, 0x0000, 0x0000, 0x0000, 0x0000,
    0x0000, 0x0000, 0x0000, 0x0000, 0x0000, 0x0000, 0x0000, 0x0000, 0x0000, 0x0000, 0x0000, 0x0000, 0x0000, 0x0000, 0x0000, 0x0000,
    0x0000, 0x0000, 0x0000, 0x0000, 0x0000, 0x0000, 0x0000, 0x0000, 0x0000, 0x0000, 0x0000, 0x0000, 0x0000, 0x0000, 0x0000, 0x0000,
    0x0000, 0x0000, 0x0000, 0x0000, 0x0000, 0x0000, 0x0000, 0x0000, 0x0000, 0x0000, 0x0000, 0x0000, 0x0000, 0x0000, 0x0000, 0x0000,
    0x0000, 0x0000, 0x0000, 0x0000, 0x0000, 0x0000, 0x0000, 0x0000, 0x0000, 0x0000, 0x0000, 0x0000, 0x0000, 0x0000, 0x0000, 0x0000,
    0x0000, 0x0000, 0x0000, 0x0000, 0x0000, 0x0000, 0x0000, 0x0000, 0x0000, 0x0000, 0x0000, 0x0000, 0x0000, 0x0000, 0x0000, 0x0000,
    0x0000, 0x0000, 0x0000, 0x0000, 0x0000, 0x0000, 0x0000, 0x0000, 0x0000, 0x0000, 0x0000, 0x0000, 0x0000, 0x0000, 0x0000, 0x0000,
    0x2010, 0x2010, 0x2010, 0x2010, 0x2010, 0x2010, 0x2010, 0x2010, 0x2010, 0x2010, 0x2010, 0x2010, 0x2010, 0x2010, 0x2010, 0x2010,
    0x2010, 0x2010, 0x2010, 0x2010, 0x2010, 0x2010, 0x2010, 0x2010, 0x2010, 0x2010, 0x2010, 0x2010, 0x2010, 0x2010, 0x2010, 0x2010,
    0x2010, 0x2010, 0x2010, 0x2010, 0x2010, 0x2010, 0x2010, 0x2010, 0x2010, 0x2010, 0x2010, 0x2010, 0x2010, 0x0000, 0x0000, 0x0000,
    0x2020, 0x2020, 0x2020, 0x2020, 0x2020, 0x2020, 0x2020, 0x2008, 0x2008, 0x2008, 0x2008, 0x2008, 0x2008, 0x2008, 0x0000, 0x0000,
    0x3840, 0x3840, 0x3840, 0x3840, 0x3840, 0x3840, 0x3840, 0x3840, 0x3840, 0x3840, 0x0000, 0x0000, 0x0000, 0x0000, 0x2010, 0x0400,
    0x0000, 0x0000, 0x0000, 0x0000, 0x0000, 0x0000, 0x0000, 0x0000, 0x0000, 0x0000, 0x0000, 0x0000, 0x0000, 0x0000, 0x0000, 0x0000,
    0x0000, 0x0000, 0x0000, 0x0000, 0x0000, 0x0000, 0x0000, 0x0000, 0x0000, 0x0000, 0x0000, 0x0000, 0x0000, 0x0000, 0x0000, 0x0000,
    0x0000, 0x0000, 0x0000, 0x0000, 0x0000, 0x0000, 0x0000, 0x0000, 0x0000, 0x0000, 0x0000, 0x0000, 0x0000, 0x0000, 0x0000, 0x0000,
    0x0000, 0x0000, 0x0000, 0x0000, 0x0000, 0x0000, 0x0000, 0x0000, 0x0000, 0x0000, 0x0000, 0x0000, 0x0000, 0x0000, 0x0000, 0x0000,
    0x0000, 0x0000, 0x0000, 0x0000, 0x0000, 0x0000, 0x0000, 0x0000, 0x0000, 0x0000, 0x0000, 0x0000, 0x0000, 0x0000, 0x0000, 0x0000,
    0x0000, 0x0000, 0x0000, 0x0000, 0x0000, 0x0000, 0x0000, 0x0000, 0x0000, 0x0000, 0x0000, 0x0000, 0x0000, 0x0000, 0x0000, 0x0000,
    0x0000, 0x0000, 0x0000, 0x0000, 0x0000, 0x0000, 0x0000, 0x0000, 0x0000, 0x0000, 0x0000, 0x0000, 0x0000, 0x0000, 0x0000, 0x0000,
    0x0000, 0x0000, 0x0000, 0x0000, 0x0000, 0x0000, 0x0000, 0x0000, 0x0000, 0x0000, 0x0000, 0x0000, 0x0000, 0x0000, 0x0000, 0x0000,
    0x0000, 0x0000, 0x0000, 0x0000, 0x0000, 0x0000, 0x0000, 0x0000, 0x0000, 0x0000, 0x0000, 0x0000, 0x0000, 0x0000, 0x0000, 0x0000,
    0x0000, 0x0000, 0x0000, 0x0000, 0x0000, 0x0000, 0x0000, 0x0000, 0x0000, 0x0000, 0x0000, 0x0000, 0x0000, 0x0000, 0x0000, 0x0000,
    0x0000, 0x0000, 0x0000, 0x0000, 0x0000, 0x0000, 0x0000, 0x0000, 0x0000, 0x0000, 0x0000, 0x0000, 0x0000, 0x0000, 0x0000, 0x0000,
    0x0000, 0x0000, 0x0000, 0x0000, 0x0000, 0x0000, 0x0000, 0x0000, 0x0000, 0x0000, 0x0000, 0x0000, 0x0000, 0x0000, 0x0000, 0x0000,
    0x0000, 0x0000, 0x0000, 0x0000, 0x0000, 0x0000, 0x0000, 0x0000, 0x0000, 0x0000, 0x0000, 0x0000, 0x0000, 0x0000, 0x0000, 0x0000,
    0x0000, 0x0000, 0x0000, 0x0000, 0x0000, 0x0000, 0x0000, 0x0000, 0x0000, 0x0000, 0x0000, 0x0000, 0x0000, 0x0000, 0x0000, 0x0000,
    0x0000, 0x0000, 0x0000, 0x0000, 0x0000, 0x0000, 0x0000, 0x0000, 0x0000, 0x0000, 0x0000, 0x0000, 0x0000, 0x0000, 0x0000, 0x0000,
    0x0000, 0x0000, 0x0000, 0x0000, 0x0000, 0x0000, 0x0000, 0x0000, 0x0000, 0x0000, 0x0000, 0x0000, 0x0000, 0x0000, 0x0000, 0x0000,
    0x0000, 0x0000, 0x0000, 0x0000, 0x0000, 0x0000, 0x0000, 0x0000, 0x0000, 0x0000, 0x0000, 0x0000, 0x0000, 0x0000, 0x0000, 0x0000,
    0x0000, 0x0000, 0x0000, 0x0000, 0x0000, 0x0000, 0x0000, 0x0000, 0x0000, 0x0000, 0x0000, 0x0000, 0x0000, 0x0000, 0x0000, 0x0000,
    0x0000, 0x0000, 0x0000, 0x0000, 0x0000, 0x0000, 0x0000, 0x0000, 0x0000, 0x0000, 0x0000, 0x0000, 0x0000, 0x0000, 0x0000, 0x0000,
    0x0000, 0x0000, 0x0000, 0x0000, 0x0000, 0x0000, 0x0000, 0x0000, 0x0000, 0x0000, 0x0000, 0x0000, 0x0000, 0x0000, 0x0000, 0x0000,
    0x2010, 0x2010, 0x2010, 0x2010, 0x2010, 0x2010, 0x2010, 0x2010, 0x2010, 0x2010, 0x2010, 0x2010, 0x2010, 0x2010, 0x2010, 0x2010,
    0x2010, 0x2010, 0x2010, 0x2010, 0x2010, 0x2010, 0x2010, 0x2010, 0x2010, 0x2010, 0x2010, 0x2010, 0x2010, 0x2010, 0x2020, 0x0000,
    0x0000, 0x0000, 0x0000, 0x0000, 0x0000, 0x0000, 0x0000, 0x0000, 0x0000, 0x0000, 0x0000, 0x0000, 0x0000, 0x0000, 0x0000, 0x0000,
    0x2010, 0x2010, 0x2010, 0x2010, 0x2010, 0x2010, 0x2010, 0x2010, 0x2010, 0x2010, 0x2010, 0x2010, 0x2010, 0x2010, 0x2010, 0x2010,
    0x2010, 0x2010, 0x2010, 0x2010, 0x2010, 0x2010, 0x2010, 0x2010, 0x2010, 0x2010, 0x2010, 0x2010, 0x2010, 0x2010, 0x2010, 0x2010,
    0x2010, 0x2010, 0x2010, 0x2010, 0x2010, 0x2010, 0x2010, 0x2010, 0x2010, 0x2010, 0x2010, 0x2010, 0x2020, 0x2020, 0x2020, 0x2020,
    0x3840, 0x3840, 0x3840, 0x3840, 0x3840, 0x3840, 0x3840, 0x3840, 0x3840, 0x3840, 0x0000, 0x0000, 0x0000, 0x0000, 0x0000, 0x0400,
    0x0000, 0x0000, 0x0000, 0x0000, 0x0000, 0x0000, 0x0000, 0x0000, 0x0000, 0x0000, 0x0000, 0x0000, 0x0000, 0x0000, 0x0000, 0x0000,
    0x0000, 0x0000, 0x0000, 0x0000, 0x0000, 0x0000, 0x0000, 0x0000, 0x0000, 0x0000, 0x0000, 0x0000, 0x0000, 0x0000, 0x0000, 0x0000,
    0x0000, 0x0000, 0x0000, 0x0000, 0x0000, 0x0000, 0x0000, 0x0000, 0x0000, 0x0000, 0x0000, 0x0000, 0x0000, 0x0000, 0x0000, 0x0000,
    0x0000, 0x0000, 0x0000, 0x0000, 0x0000, 0x0000, 0x0000, 0x0000, 0x0000, 0x0000, 0x0000, 0x0000, 0x0000, 0x0000, 0x0000, 0x0000,
    0x0000, 0x0000, 0x0000, 0x0000, 0x0000, 0x0000, 0x0000, 0x0000, 0x0000, 0x0000, 0x0000, 0x0000, 0x0000, 0x0000, 0x0000, 0x0000,
    0x0000, 0x0000, 0x0000, 0x0000, 0x0000, 0x0000, 0x0000, 0x0000, 0x0000, 0x0000, 0x0000, 0x0000, 0x0000, 0x0000, 0x0000, 0x0000,
    0x0000, 0x0000, 0x0000, 0x0000, 0x0000, 0x0000, 0x0000, 0x0000, 0x0000, 0x0000, 0x0000, 0x0000, 0x0000, 0x0000, 0x0000, 0x0000,
    0x0000, 0x0000, 0x0000, 0x0000, 0x0000, 0x0000, 0x0000, 0x0000, 0x0000, 0x0000, 0x0000, 0x0000, 0x0000, 0x0000, 0x0000, 0x0000,
    0x0000, 0x0000, 0x0000, 0x0000, 0x0000, 0x0000, 0x0000, 0x0000, 0x0000, 0x0000, 0x0000, 0x0000, 0x0000, 0x0000, 0x0000, 0x0000,
    0x0000, 0x0000, 0x0000, 0x0000, 0x0000, 0x0000, 0x0000, 0x0000, 0x0000, 0x0000, 0x0000, 0x0000, 0x0000, 0x0000, 0x0000, 0x0000,
    0x0000, 0x0000, 0x0000, 0x0000, 0x0000, 0x0000, 0x0000, 0x0000, 0x0000, 0x0000, 0x0000, 0x0000, 0x0000, 0x0000, 0x0000, 0x0000,
    0x0000, 0x0000, 0x0000, 0x0000, 0x0000, 0x0000, 0x0000, 0x0000, 0x0000, 0x0000, 0x0000, 0x0000, 0x0000, 0x0000, 0x0000, 0x0000,
    0x0000, 0x0000, 0x0000, 0x0000, 0x0000, 0x0000, 0x0000, 0x0000, 0x0000, 0x0000, 0x0000, 0x0000, 0x0000, 0x0000, 0x0000, 0x0000,
    0x2010, 0x2010, 0x2010, 0x2010, 0x2010, 0x2010, 0x2010, 0x2010, 0x2010, 0x2010, 0x2010, 0x2010, 0x2010, 0x2010, 0x2010, 0x2010,
    0x2010, 0x2010, 0x2010, 0x2010, 0x2010, 0x2010, 0x2010, 0x2010, 0x2010, 0x2010, 0x2010, 0x2008, 0x2020, 0x2020, 0x2020, 0x2020,
    0x3840, 0x3840, 0x3840, 0x3840, 0x3840, 0x3840, 0x3840, 0x3840, 0x3840, 0x3840, 0x0000, 0x0000, 0x0000, 0x0000, 0x0000, 0x0000,
    0x0000, 0x0000, 0x0000, 0x0000, 0x0000, 0x0000, 0x0000, 0x0000, 0x0000, 0x0000, 0x0000, 0x0000, 0x0000, 0x0000, 0x0000, 0x0000,
    0x0000, 0x0000, 0x0000, 0x0000, 0x0000, 0x0000, 0x0000, 0x0000, 0x0000, 0x0000, 0x0000, 0x0000, 0x0000, 0x0000, 0x0000, 0x0000,
    0x0000, 0x0000, 0x0000, 0x0000, 0x0000, 0x0000, 0x0000, 0x0000, 0x0000, 0x0000, 0x0000, 0x0000, 0x0000, 0x0000, 0x0000, 0x0000,
    0x0000, 0x0000, 0x0000, 0x0000, 0x0000, 0x0000, 0x0000, 0x0000, 0x0000, 0x0000, 0x0000, 0x0000, 0x0000, 0x0000, 0x0000, 0x0000,
    0x0000, 0x0000, 0x0000, 0x0000, 0x0000, 0x0000, 0x0000, 0x0000, 0x0000, 0x0000, 0x0000, 0x0000, 0x0000, 0x0000, 0x0000, 0x0000,
    0x0000, 0x0000, 0x0000, 0x0000, 0x0000, 0x0000, 0x0000, 0x0000, 0x0000, 0x0000, 0x0000, 0x0000, 0x0000, 0x0000, 0x0000, 0x0000,
    0x0000, 0x0000, 0x0000, 0x0000, 0x0000, 0x0000, 0x0000, 0x0000, 0x0000, 0x0000, 0x0000, 0x0000, 0x0000, 0x0000, 0x0000, 0x0000,
    0x0000, 0x0000, 0x0000, 0x0000, 0x0000, 0x0000, 0x0000, 0x0000, 0x0000, 0x0000, 0x0000, 0x0000, 0x0000, 0x0000, 0x0000, 0x0000,
    0x0000, 0x0000, 0x0000, 0x0000, 0x0000, 0x0000, 0x0000, 0x0000, 0x0000, 0x0000, 0x0000, 0x0000, 0x0000, 0x0000, 0x0000, 0x0000,
    0x0000, 0x0000, 0x0000, 0x0000, 0x0000, 0x0000, 0x0000, 0x0000, 0x0000, 0x0000, 0x0000, 0x0000, 0x0000, 0x0000, 0x0000, 0x0000,
    0x0000, 0x0000, 0x0000, 0x0000, 0x0000, 0x0000, 0x0000, 0x0000, 0x0000, 0x0000, 0x0000, 0x0000, 0x0000, 0x0000, 0x0000, 0x0000,
    0x0000, 0x0000, 0x0000, 0x0000, 0x0000, 0x0000, 0x0000, 0x0000, 0x0000, 0x0000, 0x0000, 0x0000, 0x0000, 0x0000, 0x0000, 0x0000,
    0x0000, 0x0000, 0x0000, 0x0000, 0x0000, 0x0000, 0x0000, 0x0000, 0x0000, 0x0000, 0x0000, 0x0000, 0x0000, 0x0000, 0x0000, 0x0000,
    0x2010, 0x2010, 0x2010, 0x2010, 0x2010, 0x2010, 0x2010, 0x2010, 0x2010, 0x2010, 0x2010, 0x2010, 0x2010, 0x2010, 0x2010, 0x2010,
    0x2010, 0x2010, 0x2010, 0x2010, 0x2010, 0x2010, 0x2010, 0x2010, 0x2010, 0x2010, 0x2010, 0x2010, 0x2010, 0x2010, 0x2020, 0x2020,
    0x2010, 0x3840, 0x3840, 0x3840, 0x3840, 0x3840, 0x3840, 0x3840, 0x3840, 0x3840, 0x3840, 0x0000, 0x0000, 0x0000, 0x0000, 0x0200,
    0x0000, 0x0000, 0x0000, 0x0000, 0x0000, 0x0000, 0x0000, 0x0000, 0x0000, 0x0000, 0x0000, 0x0000, 0x0000, 0x0000, 0x0000, 0x0000,
    0x0000, 0x0000, 0x0000, 0x0000, 0x0000, 0x0000, 0x0000, 0x0000, 0x0000, 0x0000, 0x0000, 0x0000, 0x0000, 0x0000, 0x0000, 0x0000,
    0x0000, 0x0000, 0x0000, 0x0000, 0x0000, 0x0000, 0x0000, 0x0000, 0x0000, 0x0000, 0x0000, 0x0000, 0x0000, 0x0000, 0x0000, 0x0000,
    0x0000, 0x0000, 0x0000, 0x0000, 0x0000, 0x0000, 0x0000, 0x0000, 0x0000, 0x0000, 0x0000, 0x0000, 0x0000, 0x0000, 0x0000, 0x0000,
    0x0000, 0x0000, 0x0000, 0x0000, 0x0000, 0x0000, 0x0000, 0x0000, 0x0000, 0x0000, 0x0000, 0x0000, 0x0000, 0x0000, 0x0000, 0x0000,
    0x0000, 0x0000, 0x0000, 0x0000, 0x0000, 0x0000, 0x0000, 0x0000, 0x0000, 0x0000, 0x0000, 0x0000, 0x0000, 0x0000, 0x0000, 0x0000,
    0x0000, 0x0000, 0x0000, 0x0000, 0x0000, 0x0000, 0x0000, 0x0000, 0x0000, 0x0000, 0x0000, 0x0000, 0x0000, 0x0000, 0x0000, 0x0000,
    0x0000, 0x0000, 0x0000, 0x0000, 0x0000, 0x0000, 0x0000, 0x0000, 0x0000, 0x0000, 0x0000, 0x0000, 0x0000, 0x0000, 0x0000, 0x0000,
    0x0000, 0x0000, 0x0000, 0x0000, 0x0000, 0x0000, 0x0000, 0x0000, 0x0000, 0x0000, 0x0000, 0x0000, 0x0000, 0x0000, 0x0000, 0x0000,
    0x0000, 0x0000, 0x0000, 0x0000, 0x0000, 0x0000, 0x0000, 0x0000, 0x0000, 0x0000, 0x0000, 0x0000, 0x0000, 0x0000, 0x0000, 0x0000,
    0x0000, 0x0000, 0x0000, 0x0000, 0x0000, 0x0000, 0x0000, 0x0000, 0x0000, 0x0000, 0x0000, 0x0000, 0x0000, 0x0000, 0x0000, 0x0000,
    0x0000, 0x0000, 0x0000, 0x0000, 0x0000, 0x0000, 0x0000, 0x0000, 0x0000, 0x0000, 0x0000, 0x0000, 0x0000, 0x0000, 0x0000, 0x0000,
    0x0000, 0x0000, 0x0000, 0x0000, 0x0000, 0x0000, 0x0000, 0x0000, 0x0000, 0x0000, 0x0000, 0x0000, 0x0000, 0x0000, 0x0000, 0x0000,
    0x0000, 0x0000, 0x0000, 0x0000, 0x0000, 0x0000, 0x0000, 0x0000, 0x0000, 0x0000, 0x0000, 0x0000, 0x0000, 0x0000, 0x0000, 0x0000,
    0x2010, 0x2010, 0x2010, 0x2010, 0x2010, 0x2010, 0x2010, 0x0000, 0x2010, 0x2010, 0x2010, 0x2010, 0x0000, 0x2010, 0x2010, 0x0000,
    0x2010, 0x2010, 0x2010, 0x2010, 0x2010, 0x2010, 0x2010, 0x2010, 0x2010, 0x2010, 0x2010, 0x2010, 0x2010, 0x2010, 0x2010, 0x0000,
    0x2010, 0x2010, 0x2010, 0x2010, 0x2010, 0x2010, 0x2010, 0x2010, 0x2010, 0x2010, 0x2010, 0x2010, 0x2010, 0x2010, 0x2010, 0x2010,
    0x2010, 0x2010, 0x2010, 0x2010, 0x2010, 0x2010, 0x2010, 0x2010, 0x2010, 0x2010, 0x2010, 0x2010, 0x2010, 0x2010, 0x2010, 0x2010,
    0x2010, 0x2010, 0x2010, 0x2010, 0x2010, 0x2010, 0x2010, 0x2010, 0x2010, 0x2010, 0x2010, 0x2010, 0x2010, 0x2010, 0x2010, 0x2010,
    0x2010, 0x2010, 0x2010, 0x2010, 0x2010, 0x2010, 0x2010, 0x2010, 0x2010, 0x2010, 0x2010, 0x2010, 0x2010, 0x2010, 0x2010, 0x2010,
    0x2010, 0x2010, 0x2010, 0x2010, 0x2010, 0x2010, 0x2010, 0x2010, 0x2010, 0x2010, 0x2010, 0x2010, 0x2010, 0x2010, 0x2010, 0x2010,
    0x2010, 0x2010, 0x2010, 0x2010, 0x2010, 0x2010, 0x2010, 0x2010, 0x2010, 0x2010, 0x2010, 0x2010, 0x2010, 0x2010, 0x2010, 0x2010,
    0x2010, 0x2010, 0x2010, 0x2010, 0x2010, 0x2010, 0x2010, 0x2010, 0x2010, 0x2010, 0x2010, 0x2010, 0x2010, 0x2010, 0x2010, 0x2010,
    0x2010, 0x2010, 0x2010, 0x2010, 0x2010, 0x2010, 0x2010, 0x2010, 0x2010, 0x2010, 0x2010, 0x2010, 0x2010, 0x2010, 0x2010, 0x2010,
    0x2010, 0x2010, 0x2010, 0x2010, 0x2010, 0x2010, 0x2010, 0x2010, 0x2010, 0x2010, 0x2010, 0x2010, 0x2010, 0x2010, 0x2010, 0x2010,
    0x2010, 0x2010, 0x2010, 0x2010, 0x2010, 0x2010, 0x2010, 0x2010, 0x2010, 0x2010, 0x2010, 0x2010, 0x2010, 0x2010, 0x2010, 0x2010,
    0x2010, 0x2010, 0x2010, 0x2010, 0x2010, 0x2010, 0x2010, 0x2010, 0x2010, 0x2010, 0x2010, 0x2010, 0x2010, 0x2010, 0x2010, 0x2010,
    0x2010, 0x2010, 0x2010, 0x2010, 0x2010, 0x2010, 0x2010, 0x2010, 0x2010, 0x2010, 0x2010, 0x2010, 0x2010, 0x2010, 0x2010, 0x2010,
    0x2010, 0x2010, 0x2010, 0x2010, 0x2010, 0x0000, 0x0000, 0x0840, 0x0840, 0x0840, 0x0840, 0x0840, 0x0840, 0x0840, 0x0840, 0x0840,
    0x2020, 0x2020, 0x2020, 0x2020, 0x2020, 0x2020, 0x2020, 0x0000, 0x0000, 0x0000, 0x0000, 0x0000, 0x0000, 0x0000, 0x0000, 0x0000,
    0x0000, 0x0000, 0x0000, 0x0000, 0x0000, 0x0000, 0x0000, 0x0000, 0x0000, 0x0000, 0x0000, 0x0000, 0x0000, 0x0000, 0x0000, 0x0000,
    0x0000, 0x0000, 0x0000, 0x0000, 0x0000, 0x0000, 0x0000, 0x0000, 0x0000, 0x0000, 0x0000, 0x0000, 0x0000, 0x0000, 0x0000, 0x0000,
    0x2001, 0x2001, 0x2001, 0x2001, 0x2001, 0x2001, 0x2001, 0x2001, 0x2001, 0x2001, 0x2001, 0x2001, 0x2001, 0x2001, 0x2001, 0x2001,
    0x2001, 0x2001, 0x2001, 0x2001, 0x2001, 0x2001, 0x2001, 0x2001, 0x2001, 0x2001, 0x2001, 0x2001, 0x2001, 0x2001, 0x2001, 0x2001,
    0x2001, 0x2001, 0x2002, 0x2002, 0x2002, 0x2002, 0x2002, 0x2002, 0x2002, 0x2002, 0x2002, 0x2002, 0x2002, 0x2002, 0x2002, 0x2002,
    0x2002, 0x2002, 0x2002, 0x2002, 0x2002, 0x2002, 0x2002, 0x2002, 0x2002, 0x2002, 0x2002, 0x2002, 0x2002, 0x2002, 0x2002, 0x2002,
    0x2002, 0x2002, 0x2002, 0x2002, 0x2020, 0x2020, 0x2020, 0x2020, 0x2020, 0x2020, 0x2020, 0x2008, 0x0000, 0x0000, 0x0000, 0x0000,
    0x3840, 0x3840, 0x3840, 0x3840, 0x3840, 0x3840, 0x3840, 0x3840, 0x3840, 0x3840, 0x0000, 0x0000, 0x0000, 0x0000, 0x0200, 0x0200,
    0x0000, 0x0000, 0x0000, 0x0000, 0x0000, 0x0000, 0x0000, 0x0000, 0x0000, 0x0000, 0x0000, 0x0000, 0x0000, 0x0000, 0x0000, 0x0000,
    0x0000, 0x0000, 0x0000, 0x0000, 0x0000, 0x0000, 0x0000, 0x0000, 0x0000, 0x0000, 0x0000, 0x0000, 0x0000, 0x0000, 0x0000, 0x0000,
    0x0000, 0x0000, 0x0000, 0x0000, 0x0000, 0x0000, 0x0000, 0x0000, 0x0000, 0x0000, 0x0000, 0x0000, 0x0000, 0x0000, 0x0000, 0x0000,
    0x0000, 0x0000, 0x0000, 0x0000, 0x0000, 0x0000, 0x0000, 0x0000, 0x0000, 0x0000, 0x0000, 0x0000, 0x0000, 0x0000, 0x0000, 0x0000,
    0x0000, 0x0000, 0x0000, 0x0000, 0x0000, 0x0000, 0x0000, 0x0000, 0x0000, 0x0000, 0x0000, 0x0000, 0x0000, 0x0000, 0x0000, 0x0000,
    0x0000, 0x0000, 0x0000, 0x0000, 0x0000, 0x0000, 0x0000, 0x0000, 0x0000, 0x0000, 0x0000, 0x0000, 0x0000, 0x0000, 0x0000, 0x0000,
    0x0000, 0x0000, 0x0000, 0x0000, 0x0000, 0x0000, 0x0000, 0x0000, 0x0000, 0x0000, 0x0000, 0x0000, 0x0000, 0x0000, 0x0000, 0x0000,
    0x0000, 0x0000, 0x0000, 0x0000, 0x0000, 0x0000, 0x0000, 0x0000, 0x0000, 0x0000, 0x0000, 0x0000, 0x0000, 0x0000, 0x0000, 0x0000,
    0x0000, 0x0000, 0x0000, 0x0000, 0x0000, 0x0000, 0x0000, 0x0000, 0x0000, 0x0000, 0x0000, 0x0000, 0x0000, 0x0000, 0x0000, 0x0000,
    0x0000, 0x0000, 0x0000, 0x0000, 0x0000, 0x0000, 0x0000, 0x0000, 0x0000, 0x0000, 0x0000, 0x0000, 0x0000, 0x0000, 0x0000, 0x0000,
    0x0000, 0x0000, 0x0000, 0x0000, 0x0000, 0x0000, 0x0000, 0x0000, 0x0000, 0x0000, 0x0000, 0x0000, 0x0000, 0x0000, 0x0000, 0x0000,
    0x0000, 0x0000, 0x0000, 0x0000, 0x0000, 0x0000, 0x0000, 0x0000, 0x0000, 0x0000, 0x0000, 0x0000, 0x0000, 0x0000, 0x0000, 0x0000,
    0x0000, 0x0000, 0x0000, 0x0000, 0x0000, 0x0000, 0x0000, 0x0000, 0x0000, 0x0000, 0x0000, 0x0000, 0x0000, 0x0000, 0x0000, 0x0000,
    0x0000, 0x0000, 0x0000, 0x0000, 0x0000, 0x0000, 0x0000, 0x0000, 0x0000, 0x0000, 0x0000, 0x0000, 0x0000, 0x0000, 0x0000, 0x0000,
    0x0000, 0x0000, 0x0000, 0x0000, 0x0000, 0x0000, 0x0000, 0x0000, 0x0000, 0x0000, 0x0000, 0x0000, 0x0000, 0x0000, 0x0000, 0x0000,
    0x0000, 0x0000, 0x0000, 0x0000, 0x0000, 0x0000, 0x0000, 0x0000, 0x0000, 0x0000, 0x0000, 0x0000, 0x0000, 0x0000, 0x0000, 0x0000,
    0x0000, 0x0000, 0x0000, 0x0000, 0x0000, 0x0000, 0x0000, 0x0000, 0x0000, 0x0000, 0x0000, 0x0000, 0x0000, 0x0000, 0x0000, 0x0000,
    0x0000, 0x0840, 0x0840, 0x0840, 0x0840, 0x0840, 0x0840, 0x0840, 0x0840, 0x0840, 0x0840, 0x0840, 0x0840, 0x0840, 0x0840, 0x0840,
    0x0840, 0x0840, 0x0840, 0x0840, 0x0840, 0x0840, 0x0840, 0x0840, 0x0840, 0x0840, 0x0840, 0x0840, 0x0840, 0x0840, 0x0840, 0x0840,
    0x0840, 0x0840, 0x0840, 0x0840, 0x0840, 0x0840, 0x0840, 0x0840, 0x0840, 0x0840, 0x0840, 0x0840, 0x0840, 0x0840, 0x0840, 0x0840,
    0x0840, 0x0840, 0x0840, 0x0840, 0x0840, 0x0840, 0x0840, 0x0840, 0x0840, 0x0840, 0x0840, 0x0840, 0x0400, 0x0840, 0x0840, 0x0840,
    0x0400, 0x0840, 0x0840, 0x0840, 0x0840, 0x0000, 0x0000, 0x0000, 0x0000, 0x0000, 0x0000, 0x0000, 0x0000, 0x0000, 0x0000, 0x0000,
    0x0000, 0x0000, 0x0000, 0x0000, 0x0000, 0x0000, 0x0000, 0x0000, 0x0000, 0x0000, 0x0000, 0x0000, 0x0000, 0x0000, 0x0000, 0x0000,
    0x0000, 0x0000, 0x0000, 0x0000, 0x0000, 0x0000, 0x0000, 0x0000, 0x0000, 0x0000, 0x0000, 0x0000, 0x0000, 0x0000, 0x0000, 0x0000,
    0x0000, 0x0000, 0x0000, 0x0000, 0x0000, 0x0000, 0x0000, 0x0000, 0x0000, 0x0000, 0x0000, 0x0000, 0x0000, 0x0000, 0x0000, 0x0000,
    0x0000, 0x0000, 0x0000, 0x0000, 0x0000, 0x0000, 0x0000, 0x0000, 0x0000, 0x0000, 0x0000, 0x0000, 0x0000, 0x0000, 0x0000, 0x0000,
    0x0000, 0x0840, 0x0840, 0x0840, 0x0840, 0x0840, 0x0840, 0x0840, 0x0840, 0x0840, 0x0840, 0x0840, 0x0840, 0x0840, 0x0840, 0x0840,
    0x0840, 0x0840, 0x0840, 0x0840, 0x0840, 0x0840, 0x0840, 0x0840, 0x0840, 0x0840, 0x0840, 0x0840, 0x0840, 0x0840, 0x0840, 0x0840,
    0x0840, 0x0840, 0x0840, 0x0840, 0x0840, 0x0840, 0x0840, 0x0840, 0x0840, 0x0840, 0x0840, 0x0840, 0x0840, 0x0840, 0x0400, 0x0840,
    0x0840, 0x0840, 0x0840, 0x0840, 0x0840, 0x0840, 0x0840, 0x0840, 0x0840, 0x0840, 0x0840, 0x0840, 0x0840, 0x0840, 0x0000, 0x0000,
    0x0000, 0x0000, 0x0000, 0x0000, 0x0000, 0x0000, 0x0000, 0x0000, 0x0000, 0x0000, 0x0000, 0x0000, 0x0000, 0x0000, 0x0000, 0x0000,
    0x0000, 0x0000, 0x0000, 0x0000, 0x0000, 0x0000, 0x0000, 0x0000, 0x0000, 0x0000, 0x0000, 0x0000, 0x0000, 0x0000, 0x0000, 0x0000,
    0x0000, 0x0000, 0x0000, 0x0000, 0x0000, 0x0000, 0x0000, 0x0000, 0x0000, 0x0000, 0x0000, 0x0000, 0x0000, 0x0000, 0x0000, 0x0000,
    0x0000, 0x0000, 0x0000, 0x0000, 0x0000, 0x0000, 0x0000, 0x0000, 0x0000, 0x0000, 0x0000, 0x0000, 0x0000, 0x0000, 0x0000, 0x0000,
    0x0000, 0x0000, 0x0000, 0x0000, 0x0000, 0x0000, 0x0000, 0x0000, 0x0000, 0x0000, 0x0000, 0x0000, 0x0000, 0x0000, 0x0000, 0x0000,
    0x0000, 0x0000, 0x0000, 0x0000, 0x0000, 0x0000, 0x0000, 0x0000, 0x0000, 0x0000, 0x0000, 0x0000, 0x0000, 0x0000, 0x0000, 0x0000,
    0x0000, 0x0000, 0x0000, 0x0000, 0x0000, 0x0000, 0x0000, 0x0000, 0x0000, 0x0000, 0x0000, 0x0000, 0x0000, 0x0000, 0x0000, 0x0000,
    0x0000, 0x0000, 0x0000, 0x0000, 0x0000, 0x0000, 0x0000, 0x0000, 0x0000, 0x0000, 0x0000, 0x0000, 0x0000, 0x0000, 0x0000, 0x0000,
    0x0000, 0x0000, 0x0000, 0x0000, 0x0000, 0x0000, 0x0000, 0x0000, 0x0000, 0x0000, 0x0000, 0x0000, 0x0000, 0x0000, 0x0000, 0x0000,
    0x0000, 0x0000, 0x0000, 0x0000, 0x0000, 0x0000, 0x0000, 0x0000, 0x0000, 0x0000, 0x0000, 0x0000, 0x0000, 0x0000, 0x0000, 0x0000,
    0x0000, 0x0000, 0x0000, 0x0000, 0x0000, 0x0000, 0x0000, 0x0000, 0x0000, 0x0000, 0x0000, 0x0000, 0x0000, 0x0000, 0x0000, 0x0000,
    0x0000, 0x0000, 0x0000, 0x0000, 0x0000, 0x0000, 0x0000, 0x0000, 0x0000, 0x0000, 0x0000, 0x0000, 0x0000, 0x0000, 0x0000, 0x0000,
    0x2010, 0x2010, 0x2010, 0x2010, 0x0000, 0x2010, 0x2010, 0x2010, 0x2010, 0x2010, 0x2010, 0x2010, 0x2010, 0x2010, 0x2010, 0x2010,
    0x2010, 0x2010, 0x2010, 0x2010, 0x2010, 0x2010, 0x2010, 0x2010, 0x2010, 0x2010, 0x2010, 0x2010, 0x2010, 0x2010, 0x2010, 0x2010,
    0x0000, 0x2010, 0x2010, 0x0000, 0x2010, 0x0000, 0x0000, 0x2010, 0x0000, 0x2010, 0x2010, 0x2010, 0x2010, 0x2010, 0x2010, 0x2010,
    0x2010, 0x2010, 0x2010, 0x0000, 0x2010, 0x2010, 0x2010, 0x2010, 0x0000, 0x2010, 0x0000, 0x2010, 0x0000, 0x0000, 0x0000, 0x0000,
    0x0000, 0x0000, 0x2010, 0x0000, 0x0000, 0x0000, 0x0000, 0x2010, 0x0000, 0x2010, 0x0000, 0x2010, 0x0000, 0x2010, 0x2010, 0x2010,
    0x0000, 0x2010, 0x2010, 0x0000, 0x2010, 0x0000, 0x0000, 0x2010, 0x0000, 0x2010, 0x0000, 0x2010, 0x0000, 0x2010, 0x0000, 0x2010,
    0x0000, 0x2010, 0x2010, 0x0000, 0x2010, 0x0000, 0x0000, 0x2010, 0x2010, 0x2010, 0x2010, 0x0000, 0x2010, 0x2010, 0x2010, 0x2010,
    0x2010, 0x2010, 0x2010, 0x0000, 0x2010, 0x2010, 0x2010, 0x2010, 0x0000, 0x2010, 0x2010, 0x2010, 0x2010, 0x0000, 0x2010, 0x0000,
    0x2010, 0x2010, 0x2010, 0x2010, 0x2010, 0x2010, 0x2010, 0x2010, 0x2010, 0x2010, 0x0000, 0x2010, 0x2010, 0x2010, 0x2010, 0x2010,
    0x2010, 0x2010, 0x2010, 0x2010, 0x2010, 0x2010, 0x2010, 0x2010, 0x2010, 0x2010, 0x2010, 0x2010, 0x0000, 0x0000, 0x0000, 0x0000,
    0x0000, 0x2010, 0x2010, 0x2010, 0x0000, 0x2010, 0x2010, 0x2010, 0x2010, 0x2010, 0x0000, 0x2010, 0x2010, 0x2010, 0x2010, 0x2010,
    0x2010, 0x2010, 0x2010, 0x2010, 0x2010, 0x2010, 0x2010, 0x2010, 0x2010, 0x2010, 0x2010, 0x2010, 0x0000, 0x0000, 0x0000, 0x0000,
    0x0000, 0x0000, 0x0000, 0x0000, 0x0000, 0x0000, 0x0000, 0x0000, 0x0000, 0x0000, 0x0000, 0x0000, 0x0000, 0x0000, 0x0000, 0x0000,
    0x0000, 0x0000, 0x0000, 0x0000, 0x0000, 0x0000, 0x0000, 0x0000, 0x0000, 0x0000, 0x0000, 0x0000, 0x0000, 0x0000, 0x0000, 0x0000,
    0x0000, 0x0000, 0x0000, 0x0000, 0x0000, 0x0000, 0x0000, 0x0000, 0x0000, 0x0000, 0x0000, 0x0000, 0x0000, 0x0000, 0x0000, 0x0000,
    0x0400, 0x0400, 0x0000, 0x0000, 0x0000, 0x0000, 0x0000, 0x0000, 0x0000, 0x0000, 0x0000, 0x0000, 0x0000, 0x0000, 0x0000, 0x0000,
    0x0400, 0x0400, 0x0400, 0x0400, 0x0400, 0x0400, 0x0400, 0x0400, 0x0400, 0x0400, 0x0400, 0x0400, 0x0400, 0x0400, 0x0400, 0x0400,
    0x0400, 0x0400, 0x0400, 0x0400, 0x0400, 0x0400, 0x0400, 0x0400, 0x0400, 0x0400, 0x0400, 0x0400, 0x0400, 0x0400, 0x0400, 0x0400,
    0x0400, 0x0400, 0x0400, 0x0400, 0x0400, 0x0400, 0x0400, 0x0400, 0x0400, 0x0400, 0x0400, 0x0400, 0x0000, 0x0000, 0x0000, 0x0000,
    0x0400, 0x0400, 0x0400, 0x0400, 0x0400, 0x0400, 0x0400, 0x0400, 0x0400, 0x0400, 0x0400, 0x0400, 0x0400, 0x0400, 0x0400, 0x0400,
    0x0400, 0x0400, 0x0400, 0x0400, 0x0400, 0x0400, 0x0400, 0x0400, 0x0400, 0x0400, 0x0400, 0x0400, 0x0400, 0x0400, 0x0400, 0x0400,
    0x0400, 0x0400, 0x0400, 0x0400, 0x0400, 0x0400, 0x0400, 0x0400, 0x0400, 0x0400, 0x0400, 0x0400, 0x0400, 0x0400, 0x0400, 0x0400,
    0x0400, 0x0400, 0x0400, 0x0400, 0x0400, 0x0400, 0x0400, 0x0400, 0x0400, 0x0400, 0x0400, 0x0400, 0x0400, 0x0400, 0x0400, 0x0400,
    0x0400, 0x0400, 0x0400, 0x0400, 0x0400, 0x0400, 0x0400, 0x0400, 0x0400, 0x0400, 0x0400, 0x0400, 0x0400, 0x0400, 0x0400, 0x0400,
    0x0400, 0x0400, 0x0400, 0x0400, 0x0400, 0x0400, 0x0400, 0x0400, 0x0400, 0x0400, 0x0400, 0x0400, 0x0400, 0x0400, 0x0400, 0x0400,
    0x0400, 0x0400, 0x0400, 0x0400, 0x0000, 0x0000, 0x0000, 0x0000, 0x0000, 0x0000, 0x0000, 0x0000, 0x0000, 0x0000, 0x0000, 0x0000,
    0x0400, 0x0400, 0x0400, 0x0400, 0x0400, 0x0400, 0x0400, 0x0400, 0x0400, 0x0400, 0x0400, 0x0400, 0x0400, 0x0400, 0x0400, 0x0000,
    0x0000, 0x0400, 0x0400, 0x0400, 0x0400, 0x0400, 0x0400, 0x0400, 0x0400, 0x0400, 0x0400, 0x0400, 0x0400, 0x0400, 0x0400, 0x0400,
    0x0000, 0x0400, 0x0400, 0x0400, 0x0400, 0x0400, 0x0400, 0x0400, 0x0400, 0x0400, 0x0400, 0x0400, 0x0400, 0x0400, 0x0400, 0x0400,
    0x0000, 0x0400, 0x0400, 0x0400, 0x0400, 0x0400, 0x0400, 0x0400, 0x0400, 0x0400, 0x0400, 0x0400, 0x0400, 0x0400, 0x0400, 0x0400,
    0x0400, 0x0400, 0x0400, 0x0400, 0x0400, 0x0400, 0x0400, 0x0400, 0x0400, 0x0400, 0x0400, 0x0400, 0x0400, 0x0400, 0x0400, 0x0400,
    0x0400, 0x0400, 0x0400, 0x0400, 0x0400, 0x0400, 0x0000, 0x0000, 0x0000, 0x0000, 0x0000, 0x0000, 0x0000, 0x0000, 0x0000, 0x0000,
    0x0840, 0x0840, 0x0840, 0x0840, 0x0840, 0x0840, 0x0840, 0x0840, 0x0840, 0x0840, 0x0840, 0x0840, 0x0840, 0x0400, 0x0400, 0x0400,
    0x0400, 0x0400, 0x0400, 0x0400, 0x0400, 0x0400, 0x0400, 0x0400, 0x0400, 0x0400, 0x0400, 0x0400, 0x0400, 0x0400, 0x0400, 0x0400,
    0x0400, 0x0400, 0x0400, 0x0400, 0x0400, 0x0400, 0x0400, 0x0400, 0x0400, 0x0400, 0x0400, 0x0400, 0x0400, 0x0400, 0x0400, 0x0400,
    0x2400, 0x2400, 0x2400, 0x2400, 0x2400, 0x2400, 0x2400, 0x2400, 0x2400, 0x2400, 0x2400, 0x2400, 0x2400, 0x2400, 0x2400, 0x2400,
    0x2400, 0x2400, 0x2400, 0x2400, 0x2400, 0x2400, 0x2400, 0x2400, 0x2400, 0x2400, 0x0400, 0x0400, 0x0400, 0x0400, 0x0400, 0x0400,
    0x2400, 0x2400, 0x2400, 0x2400, 0x2400, 0x2400, 0x2400, 0x2400, 0x2400, 0x2400, 0x2400, 0x2400, 0x2400, 0x2400, 0x2400, 0x2400,
    0x2400, 0x2400, 0x2400, 0x2400, 0x2400, 0x2400, 0x2400, 0x2400, 0x2400, 0x2400, 0x0400, 0x0400, 0x0400, 0x0400, 0x0400, 0x0400,
    0x2400, 0x2400, 0x2400, 0x2400, 0x2400, 0x2400, 0x2400, 0x2400, 0x2400, 0x2400, 0x2400, 0x2400, 0x2400, 0x2400, 0x2400, 0x2400,
    0x2400, 0x2400, 0x2400, 0x2400, 0x2400, 0x2400, 0x2400, 0x2400, 0x2400, 0x2400, 0x0400, 0x0400, 0x0400, 0x0400, 0x0400, 0x0400,
    0x0400, 0x0400, 0x0400, 0x0400, 0x0400, 0x0400, 0x0400, 0x0400, 0x0400, 0x0400, 0x0400, 0x0400, 0x0400, 0x0400, 0x0400, 0x0400,
    0x0400, 0x0400, 0x0400, 0x0400, 0x0400, 0x0400, 0x0400, 0x0400, 0x0400, 0x0400, 0x0400, 0x0400, 0x0400, 0x0400, 0x0000, 0x0000,
    0x0000, 0x0000, 0x0000, 0x0000, 0x0000, 0x0000, 0x0000, 0x0000, 0x0000, 0x0000, 0x0000, 0x0000, 0x0000, 0x0000, 0x0000, 0x0000,
    0x0000, 0x0000, 0x0000, 0x0000, 0x0000, 0x0000, 0x0000, 0x0000, 0x0000, 0x0000, 0x0000, 0x0000, 0x0000, 0x0000, 0x0000, 0x0000,
    0x0000, 0x0000, 0x0000, 0x0000, 0x0000, 0x0000, 0x0000, 0x0000, 0x0000, 0x0000, 0x0000, 0x0000, 0x0000, 0x0000, 0x0000, 0x0000,
    0x0000, 0x0000, 0x0000, 0x0000, 0x0000, 0x0000, 0x0400, 0x0400, 0x0400, 0x0400, 0x0400, 0x0400, 0x0400, 0x0400, 0x0400, 0x0400,
    0x0400, 0x0400, 0x0400, 0x0400, 0x0400, 0x0400, 0x0400, 0x0400, 0x0400, 0x0400, 0x0400, 0x0400, 0x0400, 0x0400, 0x0400, 0x0400,
    0x0400, 0x0400, 0x0400, 0x0000, 0x0000, 0x0000, 0x0000, 0x0000, 0x0000, 0x0000, 0x0000, 0x0000, 0x0000, 0x0000, 0x0000, 0x0000,
    0x0400, 0x0400, 0x0400, 0x0400, 0x0400, 0x0400, 0x0400, 0x0400, 0x0400, 0x0400, 0x0400, 0x0400, 0x0400, 0x0400, 0x0400, 0x0400,
    0x0400, 0x0400, 0x0400, 0x0400, 0x0400, 0x0400, 0x0400, 0x0400, 0x0400, 0x0400, 0x0400, 0x0400, 0x0400, 0x0400, 0x0400, 0x0400,
    0x0400, 0x0400, 0x0400, 0x0400, 0x0400, 0x0400, 0x0400, 0x0400, 0x0400, 0x0400, 0x0400, 0x0400, 0x0000, 0x0000, 0x0000, 0x0000,
    0x0400, 0x0400, 0x0400, 0x0400, 0x0400, 0x0400, 0x0400, 0x0400, 0x0400, 0x0000, 0x0000, 0x0000, 0x0000, 0x0000, 0x0000, 0x0000,
    0x0400, 0x0400, 0x0000, 0x0000, 0x0000, 0x0000, 0x0000, 0x0000, 0x0000, 0x0000, 0x0000, 0x0000, 0x0000, 0x0000, 0x0000, 0x0000,
    0x0400, 0x0400, 0x0400, 0x0400, 0x0400, 0x0400, 0x0000, 0x0000, 0x0000, 0x0000, 0x0000, 0x0000, 0x0000, 0x0000, 0x0000, 0x0000,
    0x0000, 0x0000, 0x0000, 0x0000, 0x0000, 0x0000, 0x0000, 0x0000, 0x0000, 0x0000, 0x0000, 0x0000, 0x0000, 0x0000, 0x0000, 0x0000,
    0x0000, 0x0000, 0x0000, 0x0000, 0x0000, 0x0000, 0x0000, 0x0000, 0x0000, 0x0000, 0x0000, 0x0000, 0x0000, 0x0000, 0x0000, 0x0000,
    0x0000, 0x0000, 0x0000, 0x0000, 0x0000, 0x0000, 0x0000, 0x0000, 0x0000, 0x0000, 0x0000, 0x0000, 0x0000, 0x0000, 0x0000, 0x0000,
    0x0000, 0x0000, 0x0000, 0x0000, 0x0000, 0x0000, 0x0000, 0x0000, 0x0000, 0x0000, 0x0000, 0x0000, 0x0000, 0x0000, 0x0000, 0x0000,
    0x0000, 0x0000, 0x0000, 0x0000, 0x0000, 0x0000, 0x0000, 0x0000, 0x0000, 0x0000, 0x0000, 0x0000, 0x0000, 0x0000, 0x0000, 0x0000,
    0x0000, 0x0000, 0x0000, 0x0000, 0x0000, 0x0000, 0x0000, 0x0000, 0x0000, 0x0000, 0x0000, 0x0000, 0x0000, 0x0000, 0x0000, 0x0000,
    0x0000, 0x0000, 0x0000, 0x0000, 0x0000, 0x0000, 0x0000, 0x0000, 0x0000, 0x0000, 0x0000, 0x0000, 0x0000, 0x0000, 0x0000, 0x0000,
    0x0000, 0x0000, 0x0000, 0x0000, 0x0000, 0x0000, 0x0000, 0x0000, 0x0000, 0x0000, 0x0000, 0x0000, 0x0000, 0x0000, 0x0000, 0x0000,
    0x0000, 0x0000, 0x0000, 0x0000, 0x0000, 0x0000, 0x0000, 0x0000, 0x0000, 0x0000, 0x0000, 0x0000, 0x0000, 0x0000, 0x0000, 0x0000,
    0x0400, 0x0400, 0x0400, 0x0400, 0x0400, 0x0400, 0x0400, 0x0400, 0x0400, 0x0400, 0x0400, 0x0400, 0x0400, 0x0400, 0x0400, 0x0400,
    0x0400, 0x0400, 0x0400, 0x0400, 0x0400, 0x0400, 0x0400, 0x0400, 0x0400, 0x0400, 0x0400, 0x0400, 0x0400, 0x0400, 0x0400, 0x0400,
    0x0400, 0x0400, 0x0400, 0x0400, 0x0400, 0x0400, 0x0400, 0x0400, 0x0400, 0x0400, 0x0400, 0x0400, 0x0400, 0x0400, 0x0400, 0x0400,
    0x0400, 0x0400, 0x0400, 0x0400, 0x0400, 0x0400, 0x0400, 0x0400, 0x0400, 0x0400, 0x0400, 0x0400, 0x0400, 0x0400, 0x0400, 0x0400,
    0x0400, 0x0400, 0x0400, 0x0400, 0x0400, 0x0400, 0x0400, 0x0400, 0x0400, 0x0400, 0x0400, 0x0400, 0x0400, 0x0400, 0x0400, 0x0400,
    0x0400, 0x0400, 0x0400, 0x0400, 0x0400, 0x0400, 0x0400, 0x0400, 0x0400, 0x0400, 0x0400, 0x0400, 0x0400, 0x0400, 0x0400, 0x0400,
    0x0400, 0x0400, 0x0400, 0x0400, 0x0400, 0x0400, 0x0400, 0x0400, 0x0400, 0x0400, 0x0400, 0x0400, 0x0400, 0x0400, 0x0400, 0x0400,
    0x0400, 0x0400, 0x0400, 0x0400, 0x0400, 0x0400, 0x0400, 0x0400, 0x0400, 0x0400, 0x0400, 0x0400, 0x0400, 0x0400, 0x0400, 0x0400,
    0x0400, 0x0400, 0x0400, 0x0400, 0x0400, 0x0400, 0x0400, 0x0400, 0x0400, 0x0400, 0x0400, 0x0400, 0x0400, 0x0400, 0x0400, 0x0400,
    0x0400, 0x0400, 0x0400, 0x0400, 0x0400, 0x0400, 0x0400, 0x0400, 0x0400, 0x0400, 0x0400, 0x0400, 0x0400, 0x0400, 0x0400, 0x0400,
    0x0400, 0x0400, 0x0400, 0x0400, 0x0400, 0x0400, 0x0400, 0x0400, 0x0400, 0x0400, 0x0400, 0x0400, 0x0400, 0x0400, 0x0400, 0x0400,
    0x0400, 0x0400, 0x0400, 0x0400, 0x0400, 0x0400, 0x0400, 0x0400, 0x0400, 0x0400, 0x0400, 0x0400, 0x0400, 0x0400, 0x0400, 0x0400,
    0x0400, 0x0400, 0x0400, 0x0400, 0x0400, 0x0400, 0x0400, 0x0400, 0x0400, 0x0400, 0x0400, 0x0400, 0x0400, 0x0400, 0x0400, 0x0400,
    0x0400, 0x0400, 0x0400, 0x0400, 0x0400, 0x0400, 0x0400, 0x0400, 0x0000, 0x0000, 0x0000, 0x0000, 0x0400, 0x0400, 0x0400, 0x0400,
    0x0400, 0x0400, 0x0400, 0x0400, 0x0400, 0x0400, 0x0400, 0x0400, 0x0400, 0x0400, 0x0400, 0x0400, 0x0400, 0x0000, 0x0000, 0x0000,
    0x0400, 0x0400, 0x0400, 0x0400, 0x0400, 0x0400, 0x0400, 0x0400, 0x0400, 0x0400, 0x0400, 0x0400, 0x0400, 0x0000, 0x0000, 0x0000,
    0x0400, 0x0400, 0x0400, 0x0400, 0x0400, 0x0400, 0x0400, 0x0400, 0x0400, 0x0400, 0x0400, 0x0400, 0x0400, 0x0400, 0x0400, 0x0400,
    0x0400, 0x0400, 0x0400, 0x0400, 0x0400, 0x0400, 0x0400, 0x0400, 0x0400, 0x0400, 0x0400, 0x0400, 0x0400, 0x0400, 0x0400, 0x0400,
    0x0400, 0x0400, 0x0400, 0x0400, 0x0400, 0x0400, 0x0400, 0x0400, 0x0400, 0x0400, 0x0400, 0x0400, 0x0400, 0x0400, 0x0400, 0x0400,
    0x0400, 0x0400, 0x0400, 0x0400, 0x0400, 0x0400, 0x0400, 0x0400, 0x0400, 0x0400, 0x0400, 0x0400, 0x0400, 0x0400, 0x0400, 0x0400,
    0x0400, 0x0400, 0x0400, 0x0400, 0x0400, 0x0400, 0x0400, 0x0400, 0x0400, 0x0400, 0x0400, 0x0400, 0x0400, 0x0400, 0x0400, 0x0400,
    0x0400, 0x0400, 0x0400, 0x0400, 0x0400, 0x0400, 0x0400, 0x0400, 0x0400, 0x0400, 0x0400, 0x0400, 0x0400, 0x0400, 0x0400, 0x0400,
    0x0400, 0x0400, 0x0400, 0x0400, 0x0400, 0x0400, 0x0400, 0x0400, 0x0400, 0x0400, 0x0400, 0x0400, 0x0400, 0x0400, 0x0400, 0x0400,
    0x0400, 0x0400, 0x0400, 0x0400, 0x0400, 0x0400, 0x0400, 0x0000, 0x0000, 0x0000, 0x0000, 0x0400, 0x0400, 0x0400, 0x0400, 0x0400,
    0x0400, 0x0400, 0x0400, 0x0400, 0x0400, 0x0400, 0x0400, 0x0400, 0x0400, 0x0400, 0x0400, 0x0400, 0x0400, 0x0400, 0x0400, 0x0400,
    0x0400, 0x0400, 0x0400, 0x0400, 0x0400, 0x0400, 0x0400, 0x0400, 0x0400, 0x0400, 0x0400, 0x0400, 0x0400, 0x0400, 0x0400, 0x0400,
    0x0400, 0x0400, 0x0400, 0x0400, 0x0400, 0x0400, 0x0400, 0x0400, 0x0400, 0x0400, 0x0400, 0x0400, 0x0400, 0x0400, 0x0400, 0x0400,
    0x0400, 0x0400, 0x0400, 0x0400, 0x0400, 0x0400, 0x0400, 0x0400, 0x0400, 0x0400, 0x0400, 0x0400, 0x0400, 0x0400, 0x0400, 0x0400,
    0x0400, 0x0400, 0x0400, 0x0400, 0x0400, 0x0400, 0x0400, 0x0400, 0x0400, 0x0400, 0x0400, 0x0400, 0x0400, 0x0400, 0x0400, 0x0400,
    0x0400, 0x0400, 0x0400, 0x0400, 0x0400, 0x0400, 0x0400, 0x0400, 0x0400, 0x0400, 0x0000, 0x0000, 0x0000, 0x0000, 0x0000, 0x0000,
    0x0400, 0x0400, 0x0400, 0x0400, 0x0400, 0x0400, 0x0400, 0x0400, 0x0400, 0x0400, 0x0400, 0x0400, 0x0000, 0x0000, 0x0000, 0x0000,
    0x0400, 0x0000, 0x0000, 0x0000, 0x0000, 0x0000, 0x0000, 0x0000, 0x0000, 0x0000, 0x0000, 0x0000, 0x0000, 0x0000, 0x0000, 0x0000,
    0x0400, 0x0400, 0x0400, 0x0400, 0x0400, 0x0400, 0x0400, 0x0400, 0x0400, 0x0400, 0x0400, 0x0400, 0x0000, 0x0000, 0x0000, 0x0000,
    0x0400, 0x0400, 0x0400, 0x0400, 0x0400, 0x0400, 0x0400, 0x0400, 0x0400, 0x0400, 0x0400, 0x0400, 0x0400, 0x0400, 0x0400, 0x0400,
    0x0400, 0x0400, 0x0400, 0x0400, 0x0400, 0x0400, 0x0400, 0x0400, 0x0400, 0x0400, 0x0400, 0x0400, 0x0400, 0x0400, 0x0400, 0x0400,
    0x0400, 0x0400, 0x0400, 0x0400, 0x0400, 0x0400, 0x0400, 0x0400, 0x0400, 0x0400, 0x0400, 0x0400, 0x0400, 0x0400, 0x0400, 0x0400,
    0x0400, 0x0400, 0x0400, 0x0400, 0x0400, 0x0400, 0x0400, 0x0400, 0x0000, 0x0000, 0x0000, 0x0000, 0x0000, 0x0000, 0x0000, 0x0000,
    0x0400, 0x0400, 0x0400, 0x0400, 0x0400, 0x0400, 0x0400, 0x0400, 0x0400, 0x0400, 0x0000, 0x0000, 0x0000, 0x0000, 0x0000, 0x0000,
    0x0400, 0x0400, 0x0400, 0x0400, 0x0400, 0x0400, 0x0400, 0x0400, 0x0400, 0x0400, 0x0400, 0x0400, 0x0400, 0x0400, 0x0400, 0x0400,
    0x0400, 0x0400, 0x0400, 0x0400, 0x0400, 0x0400, 0x0400, 0x0400, 0x0400, 0x0400, 0x0400, 0x0400, 0x0400, 0x0400, 0x0400, 0x0400,
    0x0400, 0x0400, 0x0400, 0x0400, 0x0400, 0x0400, 0x0400, 0x0400, 0x0000, 0x0000, 0x0000, 0x0000, 0x0000, 0x0000, 0x0000, 0x0000,
    0x0400, 0x0400, 0x0400, 0x0400, 0x0400, 0x0400, 0x0400, 0x0400, 0x0400, 0x0400, 0x0400, 0x0400, 0x0400, 0x0400, 0x0400, 0x0400,
    0x0400, 0x0400, 0x0400, 0x0400, 0x0400, 0x0400, 0x0400, 0x0400, 0x0400, 0x0400, 0x0400, 0x0400, 0x0400, 0x0400, 0x0000, 0x0000,
    0x0400, 0x0400, 0x0400, 0x0400, 0x0400, 0x0400, 0x0400, 0x0400, 0x0400, 0x0400, 0x0400, 0x0400, 0x0000, 0x0000, 0x0000, 0x0000,
    0x0400, 0x0400, 0x0000, 0x0000, 0x0000, 0x0000, 0x0000, 0x0000, 0x0000, 0x0000, 0x0000, 0x0000, 0x0000, 0x0000, 0x0000, 0x0000,
    0x0000, 0x0000, 0x0000, 0x0000, 0x0000, 0x0000, 0x0000, 0x0000, 0x0000, 0x0000, 0x0000, 0x0000, 0x0000, 0x0000, 0x0000, 0x0000,
    0x0000, 0x0000, 0x0000, 0x0000, 0x0000, 0x0000, 0x0000, 0x0000, 0x0000, 0x0000, 0x0000, 0x0000, 0x0000, 0x0000, 0x0000, 0x0000,
    0x0000, 0x0000, 0x0000, 0x0000, 0x0000, 0x0000, 0x0000, 0x0000, 0x0000, 0x0000, 0x0000, 0x0000, 0x0000, 0x0000, 0x0000, 0x0000,
    0x0400, 0x0400, 0x0400, 0x0400, 0x0400, 0x0400, 0x0400, 0x0400, 0x0400, 0x0400, 0x0400, 0x0400, 0x0400, 0x0400, 0x0400, 0x0400,
    0x0400, 0x0400, 0x0400, 0x0400, 0x0400, 0x0400, 0x0400, 0x0400, 0x0400, 0x0400, 0x0400, 0x0400, 0x0400, 0x0400, 0x0400, 0x0400,
    0x0400, 0x0400, 0x0400, 0x0400, 0x0400, 0x0400, 0x0400, 0x0400, 0x0400, 0x0400, 0x0400, 0x0400, 0x0400, 0x0400, 0x0400, 0x0400,
    0x0400, 0x0400, 0x0400, 0x0400, 0x0400, 0x0400, 0x0400, 0x0400, 0x0400, 0x0400, 0x0400, 0x0400, 0x0400, 0x0400, 0x0400, 0x0400,
    0x0400, 0x0400, 0x0400, 0x0400, 0x0400, 0x0400, 0x0400, 0x0400, 0x0400, 0x0400, 0x0400, 0x0400, 0x0400, 0x0400, 0x0400, 0x0400,
    0x0400, 0x0400, 0x0400, 0x0400, 0x0000, 0x0000, 0x0000, 0x0000, 0x0000, 0x0000, 0x0000, 0x0000, 0x0000, 0x0000, 0x0000, 0x0000,
    0x0400, 0x0400, 0x0400, 0x0400, 0x0400, 0x0400, 0x0400, 0x0400, 0x0400, 0x0400, 0x0400, 0x0400, 0x0400, 0x0400, 0x0000, 0x0000,
    0x0400, 0x0400, 0x0400, 0x0400, 0x0400, 0x0400, 0x0400, 0x0400, 0x0400, 0x0400, 0x0400, 0x0400, 0x0400, 0x0000, 0x0000, 0x0000,
    0x0400, 0x0400, 0x0400, 0x0400, 0x0400, 0x0400, 0x0400, 0x0400, 0x0400, 0x0400, 0x0000, 0x0000, 0x0000, 0x0000, 0x0000, 0x0400,
    0x0400, 0x0400, 0x0400, 0x0400, 0x0400, 0x0400, 0x0400, 0x0400, 0x0400, 0x0400, 0x0400, 0x0400, 0x0400, 0x0400, 0x0400, 0x0400,
    0x0400, 0x0400, 0x0400, 0x0400, 0x0400, 0x0400, 0x0400, 0x0400, 0x0400, 0x0400, 0x0400, 0x0400, 0x0400, 0x0400, 0x0400, 0x0400,
    0x0400, 0x0400, 0x0400, 0x0400, 0x0400, 0x0400, 0x0400, 0x0400, 0x0400, 0x0400, 0x0400, 0x0400, 0x0400, 0x0400, 0x0400, 0x0400,
    0x0400, 0x0400, 0x0400, 0x0400, 0x0400, 0x0400, 0x0400, 0x0000, 0x0000, 0x0000, 0x0000, 0x0000, 0x0000, 0x0000, 0x0400, 0x0400,
    0x0400, 0x0400, 0x0400, 0x0400, 0x0400, 0x0400, 0x0400, 0x0400, 0x0400, 0x0400, 0x0400, 0x0400, 0x0400, 0x0000, 0x0000, 0x0400,
    0x0400, 0x0400, 0x0400, 0x0400, 0x0400, 0x0400, 0x0400, 0x0400, 0x0400, 0x0400, 0x0000, 0x0000, 0x0000, 0x0000, 0x0000, 0x0000,
    0x0400, 0x0400, 0x0400, 0x0400, 0x0400, 0x0400, 0x0400, 0x0400, 0x0400, 0x0000, 0x0000, 0x0000, 0x0000, 0x0000, 0x0000, 0x0000,
    0x0400, 0x0400, 0x0400, 0x0400, 0x0400, 0x0400, 0x0400, 0x0400, 0x0400, 0x0400, 0x0400, 0x0400, 0x0400, 0x0400, 0x0400, 0x0400,
    0x0400, 0x0400, 0x0400, 0x0400, 0x0400, 0x0400, 0x0400, 0x0400, 0x0400, 0x0400, 0x0400, 0x0400, 0x0400, 0x0400, 0x0400, 0x0400,
    0x0400, 0x0400, 0x0400, 0x0400, 0x0400, 0x0400, 0x0400, 0x0400, 0x0400, 0x0400, 0x0400, 0x0400, 0x0400, 0x0400, 0x0400, 0x0400,
    0x0400, 0x0400, 0x0400, 0x0400, 0x0400, 0x0400, 0x0400, 0x0400, 0x0400, 0x0400, 0x0400, 0x0400, 0x0400, 0x0400, 0x0400, 0x0400,
    0x0400, 0x0400, 0x0400, 0x0400, 0x0400, 0x0400, 0x0400, 0x0400, 0x0400, 0x0400, 0x0400, 0x0400, 0x0400, 0x0400, 0x0400, 0x0400,
    0x0400, 0x0400, 0x0400, 0x0400, 0x0400, 0x0400, 0x0400, 0x0400, 0x0400, 0x0400, 0x0400, 0x0400, 0x0400, 0x0400, 0x0400, 0x0400,
    0x0400, 0x0400, 0x0400, 0x0400, 0x0400, 0x0400, 0x0400, 0x0400, 0x0400, 0x0400, 0x0400, 0x0400, 0x0400, 0x0400, 0x0400, 0x0400,
    0x0400, 0x0400, 0x0400, 0x0400, 0x0400, 0x0400, 0x0400, 0x0400, 0x0400, 0x0400, 0x0400, 0x0400, 0x0400, 0x0400, 0x0400, 0x0400,
    0x0400, 0x0400, 0x0400, 0x0400, 0x0400, 0x0400, 0x0400, 0x0400, 0x0400, 0x0400, 0x0400, 0x0400, 0x0400, 0x0400, 0x0400, 0x0400,
    0x0400, 0x0400, 0x0400, 0x0000, 0x0400, 0x0400, 0x0400, 0x0400, 0x0400, 0x0400, 0x0400, 0x0400, 0x0400, 0x0400, 0x0400, 0x0400,
    0x0400, 0x0400, 0x0400, 0x0400, 0x0400, 0x0400, 0x0400, 0x0400, 0x0400, 0x0400, 0x0400, 0x0400, 0x0400, 0x0400, 0x0400, 0x0400,
    0x0400, 0x0400, 0x0400, 0x0400, 0x0400, 0x0400, 0x0400, 0x0400, 0x0400, 0x0400, 0x0400, 0x0400, 0x0400, 0x0400, 0x0400, 0x0400,
    0x0400, 0x0400, 0x0400, 0x0400, 0x0400, 0x0400, 0x0400, 0x0400, 0x0400, 0x0400, 0x0400, 0x0400, 0x0400, 0x0400, 0x0400, 0x0400,
    0x0400, 0x0400, 0x0400, 0x0400, 0x0400, 0x0400, 0x0400, 0x0400, 0x0400, 0x0400, 0x0400, 0x0400, 0x0400, 0x0400, 0x0400, 0x0400,
    0x0400, 0x0400, 0x0400, 0x0400, 0x0400, 0x0400, 0x0400, 0x0400, 0x0400, 0x0400, 0x0400, 0x0400, 0x0400, 0x0400, 0x0400, 0x0400,
    0x3840, 0x3840, 0x3840, 0x3840, 0x3840, 0x3840, 0x3840, 0x3840, 0x3840, 0x3840, 0x0000, 0x0000, 0x0000, 0x0000, 0x0000, 0x0000,
    0x2010, 0x2010, 0x2010, 0x2010, 0x2010, 0x2010, 0x2010, 0x2010, 0x2010, 0x2010, 0x2010, 0x2010, 0x2010, 0x2010, 0x2010, 0x2010,
    0x2010, 0x2010, 0x2010, 0x2010, 0x2010, 0x2010, 0x2010, 0x2010, 0x2010, 0x2010, 0x2010, 0x2010, 0x2010, 0x2010, 0x2010, 0x2010,
    0x2010, 0x2010, 0x2010, 0x2010, 0x2010, 0x2010, 0x2010, 0x2010, 0x2010, 0x2010, 0x2010, 0x2010, 0x2010, 0x2010, 0x2010, 0x2010,
    0x2010, 0x2010, 0x2010, 0x2010, 0x2010, 0x2010, 0x2010, 0x2010, 0x2010, 0x2010, 0x2010, 0x2010, 0x2010, 0x2010, 0x2010, 0x2010,
    0x2010, 0x2010, 0x2010, 0x2010, 0x2010, 0x2010, 0x2010, 0x2010, 0x2010, 0x2010, 0x2010, 0x2010, 0x2010, 0x2010, 0x2010, 0x2010,
    0x2010, 0x2010, 0x2010, 0x2010, 0x2010, 0x2010, 0x2010, 0x2010, 0x2010, 0x2010, 0x2010, 0x2010, 0x2010, 0x2010, 0x2010, 0x2010,
    0x2010, 0x2010, 0x2010, 0x2010, 0x2010, 0x2010, 0x2010, 0x2010, 0x2010, 0x2010, 0x2010, 0x2010, 0x2010, 0x2010, 0x2010, 0x2010,
    0x2010, 0x2010, 0x2010, 0x2010, 0x2010, 0x2010, 0x2010, 0x2010, 0x2010, 0x2010, 0x2010, 0x2010, 0x2010, 0x2010, 0x2010, 0x2010,
    0x2010, 0x2010, 0x2010, 0x2010, 0x2010, 0x2010, 0x2010, 0x2010, 0x2010, 0x2010, 0x2010, 0x2010, 0x2010, 0x2010, 0x2010, 0x2010,
    0x2010, 0x2010, 0x2010, 0x2010, 0x2010, 0x2010, 0x2010, 0x2010, 0x2010, 0x2010, 0x2010, 0x2010, 0x2010, 0x2010, 0x2010, 0x2010,
    0x2010, 0x2010, 0x2010, 0x2010, 0x2010, 0x2010, 0x2010, 0x2010, 0x2010, 0x2010, 0x2010, 0x2010, 0x2010, 0x2010, 0x2010, 0x2010,
    0x2010, 0x2010, 0x2010, 0x2010, 0x2010, 0x2010, 0x2010, 0x2010, 0x2010, 0x2010, 0x2010, 0x2010, 0x2010, 0x2010, 0x2010, 0x2010,
    0x2010, 0x2010, 0x2010, 0x2010, 0x2010, 0x2010, 0x2010, 0x2010, 0x2010, 0x2010, 0x2010, 0x2010, 0x2010, 0x2010, 0x2010, 0x2010,
    0x2010, 0x2010, 0x2010, 0x2010, 0x2010, 0x2010, 0x2010, 0x2010, 0x2010, 0x2010, 0x2010, 0x2010, 0x2010, 0x2010, 0x2010, 0x2010,
    0x0000, 0x0000, 0x0000, 0x0000, 0x0000, 0x0000, 0x0000, 0x0000, 0x0000, 0x0000, 0x0000, 0x0000, 0x0000, 0x0000, 0x0000, 0x0000,
    0x0000, 0x0000, 0x0000, 0x0000, 0x0000, 0x0000, 0x0000, 0x0000, 0x0000, 0x0000, 0x0000, 0x0000, 0x0000, 0x0000, 0x0000, 0x0000,
    0x2010, 0x2010, 0x2010, 0x2010, 0x2010, 0x2010, 0x2010, 0x2010, 0x2010, 0x2010, 0x2010, 0x2010, 0x2010, 0x2010, 0x2010, 0x2010,
    0x2010, 0x2010, 0x2010, 0x2010, 0x2010, 0x2010, 0x2010, 0x2010, 0x2010, 0x2010, 0x2010, 0x2010, 0x2010, 0x2010, 0x2010, 0x2010,
    0x2010, 0x2010, 0x2010, 0x2010, 0x2010, 0x2010, 0x2010, 0x2010, 0x2010, 0x2010, 0x2010, 0x2010, 0x2010, 0x2010, 0x2010, 0x2010,
    0x2010, 0x2010, 0x2010, 0x2010, 0x2010, 0x2010, 0x2010, 0x2010, 0x2010, 0x2010, 0x0000, 0x0000, 0x0000, 0x0000, 0x0000, 0x0000,
    0x2010, 0x2010, 0x2010, 0x2010, 0x2010, 0x2010, 0x2010, 0x2010, 0x2010, 0x2010, 0x2010, 0x2010, 0x2010, 0x2010, 0x2010, 0x2010,
    0x2010, 0x2010, 0x2010, 0x2010, 0x2010, 0x2010, 0x2010, 0x2010, 0x2010, 0x2010, 0x2010, 0x2010, 0x2010, 0x2010, 0x2010, 0x2010,
    0x2010, 0x2010, 0x2010, 0x2010, 0x2010, 0x2010, 0x2010, 0x2010, 0x2010, 0x2010, 0x2010, 0x2010, 0x2010, 0x2010, 0x2010, 0x2010,
    0x2010, 0x2010, 0x2010, 0x2010, 0x2010, 0x2010, 0x2010, 0x2010, 0x2010, 0x2010, 0x2010, 0x2010, 0x2010, 0x2010, 0x2010, 0x2010,
    0x2010, 0x2010, 0x2010, 0x2010, 0x2010, 0x2010, 0x2010, 0x2010, 0x2010, 0x2010, 0x2010, 0x2010, 0x2010, 0x2010, 0x2010, 0x2010,
    0x2010, 0x2010, 0x2010, 0x2010, 0x2010, 0x2010, 0x2010, 0x2010, 0x2010, 0x2010, 0x2010, 0x2010, 0x2010, 0x2010, 0x2010, 0x2010,
    0x2010, 0x2010, 0x2010, 0x2010, 0x2010, 0x2010, 0x2010, 0x2010, 0x2010, 0x2010, 0x2010, 0x2010, 0x2010, 0x2010, 0x2010, 0x2010,
    0x2010, 0x2010, 0x2010, 0x2010, 0x2010, 0x2010, 0x2010, 0x2010, 0x2010, 0x2010, 0x2010, 0x2010, 0x2010, 0x2010, 0x2010, 0x2010,
    0x2010, 0x2010, 0x2010, 0x2010, 0x2010, 0x2010, 0x2010, 0x2010, 0x2010, 0x2010, 0x2010, 0x2010, 0x2010, 0x2010, 0x2010, 0x2010,
    0x2010, 0x2010, 0x2010, 0x2010, 0x2010, 0x2010, 0x2010, 0x2010, 0x2010, 0x2010, 0x2010, 0x2010, 0x2010, 0x2010, 0x2010, 0x2010,
    0x2010, 0x2010, 0x2010, 0x2010, 0x2010, 0x2010, 0x2010, 0x2010, 0x2010, 0x2010, 0x2010, 0x2010, 0x2010, 0x2010, 0x2010, 0x2010,
    0x2010, 0x2010, 0x2010, 0x2010, 0x2010, 0x2010, 0x2010, 0x2010, 0x2010, 0x2010, 0x2010, 0x2010, 0x2010, 0x2010, 0x2010, 0x2010,
    0x2010, 0x2010, 0x2010, 0x2010, 0x2010, 0x2010, 0x2010, 0x2010, 0x2010, 0x2010, 0x2010, 0x2010, 0x2010, 0x2010, 0x2010, 0x2010,
    0x2010, 0x2010, 0x2010, 0x2010, 0x2010, 0x2010, 0x2010, 0x2010, 0x2010, 0x2010, 0x2010, 0x2010, 0x2010, 0x2010, 0x0000, 0x0000,
    0x2010, 0x2010, 0x2010, 0x2010, 0x2010, 0x2010, 0x2010, 0x2010, 0x2010, 0x2010, 0x2010, 0x2010, 0x2010, 0x2010, 0x2010, 0x2010,
    0x2010, 0x2010, 0x2010, 0x2010, 0x2010, 0x2010, 0x2010, 0x2010, 0x2010, 0x2010, 0x2010, 0x2010, 0x2010, 0x2010, 0x2010, 0x2010,
    0x2010, 0x2010, 0x2010, 0x2010, 0x2010, 0x2010, 0x2010, 0x2010, 0x2010, 0x2010, 0x2010, 0x2010, 0x2010, 0x2010, 0x2010, 0x2010,
    0x2010, 0x2010, 0x2010, 0x2010, 0x2010, 0x2010, 0x2010, 0x2010, 0x2010, 0x2010, 0x2010, 0x2010, 0x2010, 0x2010, 0x2010, 0x2010,
    0x2010, 0x2010, 0x2010, 0x2010, 0x2010, 0x2010, 0x2010, 0x2010, 0x2010, 0x2010, 0x2010, 0x2010, 0x2010, 0x2010, 0x2010, 0x2010,
    0x2010, 0x2010, 0x2010, 0x2010, 0x2010, 0x2010, 0x2010, 0x2010, 0x2010, 0x2010, 0x2010, 0x2010, 0x2010, 0x2010, 0x2010, 0x2010,
    0x2010, 0x2010, 0x2010, 0x2010, 0x2010, 0x2010, 0x2010, 0x2010, 0x2010, 0x2010, 0x2010, 0x2010, 0x2010, 0x2010, 0x2010, 0x2010,
    0x2010, 0x2010, 0x2010, 0x2010, 0x2010, 0x2010, 0x2010, 0x2010, 0x2010, 0x2010, 0x2010, 0x2010, 0x2010, 0x2010, 0x2010, 0x2010,
    0x2010, 0x2010, 0x2010, 0x2010, 0x2010, 0x2010, 0x2010, 0x2010, 0x2010, 0x2010, 0x2010, 0x2010, 0x2010, 0x2010, 0x2010, 0x2010,
    0x2010, 0x2010, 0x2010, 0x2010, 0x2010, 0x2010, 0x2010, 0x2010, 0x2010, 0x2010, 0x2010, 0x2010, 0x2010, 0x2010, 0x2010, 0x2010,
    0x2010, 0x2010, 0x2010, 0x2010, 0x2010, 0x2010, 0x2010, 0x2010, 0x2010, 0x2010, 0x2010, 0x2010, 0x2010, 0x2010, 0x2010, 0x2010,
    0x2010, 0x2010, 0x2010, 0x2010, 0x2010, 0x2010, 0x2010, 0x2010, 0x2010, 0x2010, 0x2010, 0x2010, 0x2010, 0x2010, 0x2010, 0x2010,
    0x2010, 0x2010, 0x2010, 0x2010, 0x2010, 0x2010, 0x2010, 0x2010, 0x2010, 0x2010, 0x2010, 0x2010, 0x2010, 0x2010, 0x2010, 0x2010,
    0x2010, 0x2010, 0x2010, 0x2010, 0x2010, 0x2010, 0x2010, 0x2010, 0x2010, 0x2010, 0x2010, 0x2010, 0x2010, 0x2010, 0x2010, 0x2010,
    0x2010, 0x2010, 0x2010, 0x2010, 0x2010, 0x2010, 0x2010, 0x2010, 0x2010, 0x2010, 0x2010, 0x2010, 0x2010, 0x2010, 0x2010, 0x2010,
    0x2010, 0x2010, 0x2010, 0x2010, 0x2010, 0x2010, 0x2010, 0x2010, 0x2010, 0x2010, 0x2010, 0x2010, 0x2010, 0x2010, 0x2010, 0x2010,
    0x2010, 0x2010, 0x2010, 0x2010, 0x2010, 0x2010, 0x2010, 0x2010, 0x2010, 0x2010, 0x2010, 0x2010, 0x2010, 0x2010, 0x2010, 0x2010,
    0x2010, 0x2010, 0x2010, 0x2010, 0x2010, 0x2010, 0x2010, 0x2010, 0x2010, 0x2010, 0x2010, 0x2010, 0x2010, 0x2010, 0x2010, 0x2010,
    0x2010, 0x2010, 0x2010, 0x2010, 0x2010, 0x2010, 0x2010, 0x2010, 0x2010, 0x2010, 0x2010, 0x2010, 0x2010, 0x2010, 0x2010, 0x2010,
    0x2010, 0x2010, 0x2010, 0x2010, 0x2010, 0x2010, 0x2010, 0x2010, 0x2010, 0x2010, 0x2010, 0x2010, 0x2010, 0x2010, 0x2010, 0x2010,
    0x2010, 0x2010, 0x2010, 0x2010, 0x2010, 0x2010, 0x2010, 0x2010, 0x2010, 0x2010, 0x2010, 0x2010, 0x2010, 0x2010, 0x2010, 0x2010,
    0x2010, 0x2010, 0x2010, 0x2010, 0x2010, 0x2010, 0x2010, 0x2010, 0x2010, 0x2010, 0x2010, 0x2010, 0x2010, 0x2010, 0x2010, 0x2010,
    0x2010, 0x2010, 0x2010, 0x2010, 0x2010, 0x2010, 0x2010, 0x2010, 0x2010, 0x2010, 0x2010, 0x2010, 0x2010, 0x2010, 0x2010, 0x2010,
    0x2010, 0x2010, 0x2010, 0x2010, 0x2010, 0x2010, 0x2010, 0x2010, 0x2010, 0x2010, 0x2010, 0x2010, 0x2010, 0x2010, 0x2010, 0x2010,
    0x2010, 0x2010, 0x0000, 0x0000, 0x0000, 0x0000, 0x0000, 0x0000, 0x0000, 0x0000, 0x0000, 0x0000, 0x0000, 0x0000, 0x0000, 0x0000,
    0x2010, 0x2010, 0x2010, 0x2010, 0x2010, 0x2010, 0x2010, 0x2010, 0x2010, 0x2010, 0x2010, 0x2010, 0x2010, 0x2010, 0x2010, 0x2010,
    0x2010, 0x2010, 0x2010, 0x2010, 0x2010, 0x2010, 0x2010, 0x2010, 0x2010, 0x2010, 0x2010, 0x2010, 0x2010, 0x2010, 0x2010, 0x2010,
    0x2010, 0x2010, 0x2010, 0x2010, 0x2010, 0x2010, 0x2010, 0x2010, 0x2010, 0x2010, 0x2010, 0x2010, 0x2010, 0x2010, 0x2010, 0x2010,
    0x2010, 0x2010, 0x2010, 0x2010, 0x2010, 0x2010, 0x2010, 0x2010, 0x2010, 0x2010, 0x2010, 0x2010, 0x2010, 0x2010, 0x2010, 0x2010,
    0x2010, 0x2010, 0x2010, 0x2010, 0x2010, 0x2010, 0x2010, 0x2010, 0x2010, 0x2010, 0x2010, 0x2010, 0x2010, 0x2010, 0x2010, 0x2010,
    0x2010, 0x2010, 0x2010, 0x2010, 0x2010, 0x2010, 0x2010, 0x2010, 0x2010, 0x2010, 0x2010, 0x2010, 0x2010, 0x2010, 0x2010, 0x2010,
    0x2010, 0x2010, 0x2010, 0x2010, 0x2010, 0x2010, 0x2010, 0x2010, 0x2010, 0x2010, 0x2010, 0x2010, 0x2010, 0x2010, 0x2010, 0x2010,
    0x2010, 0x2010, 0x2010, 0x2010, 0x2010, 0x2010, 0x2010, 0x2010, 0x2010, 0x2010, 0x2010, 0x2010, 0x2010, 0x2010, 0x2010, 0x2010,
    0x2010, 0x2010, 0x2010, 0x2010, 0x2010, 0x2010, 0x2010, 0x2010, 0x2010, 0x2010, 0x2010, 0x2010, 0x2010, 0x2010, 0x2010, 0x2010,
    0x2010, 0x2010, 0x2010, 0x2010, 0x2010, 0x2010, 0x2010, 0x2010, 0x2010, 0x2010, 0x2010, 0x2010, 0x2010, 0x2010, 0x2010, 0x2010,
    0x2010, 0x2010, 0x2010, 0x2010, 0x2010, 0x2010, 0x2010, 0x2010, 0x2010, 0x2010, 0x2010, 0x2010, 0x2010, 0x2010, 0x2010, 0x2010,
    0x2010, 0x2010, 0x2010, 0x2010, 0x2010, 0x2010, 0x2010, 0x2010, 0x2010, 0x2010, 0x2010, 0x2010, 0x2010, 0x2010, 0x2010, 0x2010,
    0x2010, 0x2010, 0x2010, 0x2010, 0x2010, 0x2010, 0x2010, 0x2010, 0x2010, 0x2010, 0x2010, 0x2010, 0x2010, 0x2010, 0x2010, 0x2010,
    0x2010, 0x2010, 0x2010, 0x2010, 0x2010, 0x2010, 0x2010, 0x2010, 0x2010, 0x2010, 0x2010, 0x2010, 0x2010, 0x2010, 0x2010, 0x2010,
    0x2010, 0x2010, 0x2010, 0x2010, 0x2010, 0x2010, 0x2010, 0x2010, 0x2010, 0x2010, 0x2010, 0x2010, 0x2010, 0x2010, 0x2010, 0x2010,
    0x2010, 0x2010, 0x2010, 0x2010, 0x2010, 0x2010, 0x2010, 0x2010, 0x2010, 0x2010, 0x2010, 0x2010, 0x2010, 0x2010, 0x2010, 0x2010,
    0x2010, 0x2010, 0x2010, 0x2010, 0x2010, 0x2010, 0x2010, 0x2010, 0x2010, 0x2010, 0x2010, 0x2010, 0x2010, 0x2010, 0x2010, 0x2010,
    0x2010, 0x2010, 0x2010, 0x2010, 0x2010, 0x2010, 0x2010, 0x2010, 0x2010, 0x2010, 0x2010, 0x2010, 0x2010, 0x2010, 0x2010, 0x2010,
    0x2010, 0x2010, 0x2010, 0x2010, 0x2010, 0x2010, 0x2010, 0x2010, 0x2010, 0x2010, 0x2010, 0x2010, 0x2010, 0x2010, 0x2010, 0x2010,
    0x2010, 0x0000, 0x0000, 0x0000, 0x0000, 0x0000, 0x0000, 0x0000, 0x0000, 0x0000, 0x0000, 0x0000, 0x0000, 0x0000, 0x0000, 0x0000,
    0x2010, 0x2010, 0x2010, 0x2010, 0x2010, 0x2010, 0x2010, 0x2010, 0x2010, 0x2010, 0x2010, 0x2010, 0x2010, 0x2010, 0x2010, 0x2010,
    0x2010, 0x2010, 0x2010, 0x2010, 0x2010, 0x2010, 0x2010, 0x2010, 0x2010, 0x2010, 0x2010, 0x2010, 0x2010, 0x2010, 0x2010, 0x2010,
    0x2010, 0x2010, 0x2010, 0x2010, 0x2010, 0x2010, 0x2010, 0x2010, 0x2010, 0x2010, 0x2010, 0x2010, 0x2010, 0x2010, 0x2010, 0x2010,
    0x2010, 0x2010, 0x2010, 0x2010, 0x2010, 0x2010, 0x2010, 0x2010, 0x2010, 0x2010, 0x2010, 0x2010, 0x2010, 0x2010, 0x2010, 0x2010,
    0x2010, 0x2010, 0x2010, 0x2010, 0x2010, 0x2010, 0x2010, 0x2010, 0x2010, 0x2010, 0x2010, 0x2010, 0x2010, 0x2010, 0x2010, 0x2010,
    0x2010, 0x2010, 0x2010, 0x2010, 0x2010, 0x2010, 0x2010, 0x2010, 0x2010, 0x2010, 0x2010, 0x2010, 0x2010, 0x2010, 0x2010, 0x2010,
    0x2010, 0x2010, 0x2010, 0x2010, 0x2010, 0x2010, 0x2010, 0x2010, 0x2010, 0x2010, 0x2010, 0x2010, 0x2010, 0x2010, 0x0000, 0x0000,
    0x0000, 0x0000, 0x0000, 0x0000, 0x0000, 0x0000, 0x0000, 0x0000, 0x0000, 0x0000, 0x0000, 0x0000, 0x0000, 0x0000, 0x0000, 0x0000,
    0x0000, 0x0000, 0x0000, 0x0000, 0x0000, 0x0000, 0x0000, 0x0000, 0x0000, 0x0000, 0x0000, 0x0000, 0x0000, 0x0000, 0x0000, 0x0000,
    0x0000, 0x0000, 0x0000, 0x0000, 0x0000, 0x0000, 0x0000, 0x0000, 0x0000, 0x0000, 0x0000, 0x0000, 0x0000, 0x0000, 0x0000, 0x0000,
    0x0000, 0x0000, 0x0000, 0x0000, 0x0000, 0x0000, 0x0000, 0x0000, 0x0000, 0x0000, 0x0000, 0x0000, 0x0000, 0x0000, 0x0000, 0x0000,
    0x0000, 0x0000, 0x0000, 0x0000, 0x0000, 0x0000, 0x0000, 0x0000, 0x0000, 0x0000, 0x0000, 0x0000, 0x0000, 0x0000, 0x0000, 0x0000,
    0x0000, 0x0000, 0x0000, 0x0000, 0x0000, 0x0000, 0x0000, 0x0000, 0x0000, 0x0000, 0x0000, 0x0000, 0x0000, 0x0000, 0x0000, 0x0000,
    0x0000, 0x0000, 0x0000, 0x0000, 0x0000, 0x0000, 0x0000, 0x0000, 0x0000, 0x0000, 0x0000, 0x0000, 0x0000, 0x0000, 0x0000, 0x0000,
    0x0000, 0x0000, 0x0000, 0x0000, 0x0000, 0x0000, 0x0000, 0x0000, 0x0000, 0x0000, 0x0000, 0x0000, 0x0000, 0x0000, 0x0000, 0x0000,
    0x0000, 0x0000, 0x0000, 0x0000, 0x0000, 0x0000, 0x0000, 0x0000, 0x0000, 0x0000, 0x0000, 0x0000, 0x0000, 0x0000, 0x0000, 0x0000,
    0x0000, 0x0000, 0x0000, 0x0000, 0x0000, 0x0000, 0x0000, 0x0000, 0x0000, 0x0000, 0x0000, 0x0000, 0x0000, 0x0000, 0x0000, 0x0000,
    0x2010, 0x2010, 0x2010, 0x2010, 0x2010, 0x2010, 0x2010, 0x2010, 0x2010, 0x2010, 0x2010, 0x2010, 0x2010, 0x2010, 0x2010, 0x2010,
    0x2010, 0x2010, 0x2010, 0x2010, 0x2010, 0x2010, 0x2010, 0x2010, 0x2010, 0x2010, 0x2010, 0x2010, 0x2010, 0x2010, 0x0000, 0x0000,
    0x0000, 0x0000, 0x0000, 0x0000, 0x0000, 0x0000, 0x0000, 0x0000, 0x0000, 0x0000, 0x0000, 0x0000, 0x0000, 0x0000, 0x0000, 0x0000,
    0x0000, 0x0000, 0x0000, 0x0000, 0x0000, 0x0000, 0x0000, 0x0000, 0x0000, 0x0000, 0x0000, 0x0000, 0x0000, 0x0000, 0x0000, 0x0000,
    0x0000, 0x0000, 0x0000, 0x0000, 0x0000, 0x0000, 0x0000, 0x0000, 0x0000, 0x0000, 0x0000, 0x0000, 0x0000, 0x0000, 0x0000, 0x0000,
    0x0000, 0x0000, 0x0000, 0x0000, 0x0000, 0x0000, 0x0000, 0x0000, 0x0000, 0x0000, 0x0000, 0x0000, 0x0000, 0x0000, 0x0000, 0x0000,
    0x0000, 0x0000, 0x0000, 0x0000, 0x0000, 0x0000, 0x0000, 0x0000, 0x0000, 0x0000, 0x0000, 0x0000, 0x0000, 0x0000, 0x0000, 0x0000,
    0x0000, 0x0000, 0x0000, 0x0000, 0x0000, 0x0000, 0x0000, 0x0000, 0x0000, 0x0000, 0x0000, 0x0000, 0x0000, 0x0000, 0x0000, 0x0000,
    0x0000, 0x0000, 0x0000, 0x0000, 0x0000, 0x0000, 0x0000, 0x0000, 0x0000, 0x0000, 0x0000, 0x0000, 0x0000, 0x0000, 0x0000, 0x0000,
    0x0000, 0x0000, 0x0000, 0x0000, 0x0000, 0x0000, 0x0000, 0x0000, 0x0000, 0x0000, 0x0000, 0x0000, 0x0000, 0x0000, 0x0000, 0x0000,
    0x0000, 0x0000, 0x0000, 0x0000, 0x0000, 0x0000, 0x0000, 0x0000, 0x0000, 0x0000, 0x0000, 0x0000, 0x0000, 0x0000, 0x0000, 0x0000,
    0x0000, 0x0000, 0x0000, 0x0000, 0x0000, 0x0000, 0x0000, 0x0000, 0x0000, 0x0000, 0x0000, 0x0000, 0x0000, 0x0000, 0x0000, 0x0000,
    0x0000, 0x0000, 0x0000, 0x0000, 0x0000, 0x0000, 0x0000, 0x0000, 0x0000, 0x0000, 0x0000, 0x0000, 0x0000, 0x0000, 0x0000, 0x0000,
    0x0000, 0x0000, 0x0000, 0x0000, 0x0000, 0x0000, 0x0000, 0x0000, 0x0000, 0x0000, 0x0000, 0x0000, 0x0000, 0x0000, 0x0000, 0x0000,
    0x0000, 0x0000, 0x0000, 0x0000, 0x0000, 0x0000, 0x0000, 0x0000, 0x0000, 0x0000, 0x0000, 0x0000, 0x0000, 0x0000, 0x0000, 0x0000,
    0x0000, 0x0000, 0x0000, 0x0000, 0x0000, 0x0000, 0x0000, 0x0000, 0x0000, 0x0000, 0x0000, 0x0000, 0x0000, 0x0000, 0x0000, 0x0000,
    0x2010, 0x2010, 0x2010, 0x2010, 0x2010, 0x2010, 0x2010, 0x2010, 0x2010, 0x2010, 0x2010, 0x2010, 0x2010, 0x2010, 0x2010, 0x2010,
    0x2010, 0x2010, 0x2010, 0x2010, 0x2010, 0x2010, 0x2010, 0x2010, 0x2010, 0x2010, 0x2010, 0x2010, 0x2010, 0x2010, 0x2010, 0x2010,
    0x2010, 0x2010, 0x2010, 0x2010, 0x2010, 0x2010, 0x2010, 0x2010, 0x2010, 0x2010, 0x2010, 0x2010, 0x2010, 0x2010, 0x2010, 0x2010,
    0x2010, 0x2010, 0x2010, 0x2010, 0x2010, 0x2010, 0x2010, 0x2010, 0x2010, 0x2010, 0x2010, 0x2010, 0x2010, 0x2010, 0x2010, 0x2010,
    0x2010, 0x2010, 0x2010, 0x2010, 0x2010, 0x2010, 0x2010, 0x2010, 0x2010, 0x2010, 0x2010, 0x0000, 0x0000, 0x0000, 0x0000, 0x0000,
    0x2010, 0x2010, 0x2010, 0x2010, 0x2010, 0x2010, 0x2010, 0x2010, 0x2010, 0x2010, 0x2010, 0x2010, 0x2010, 0x2010, 0x2010, 0x2010,
    0x2010, 0x2010, 0x2010, 0x2010, 0x2010, 0x2010, 0x2010, 0x2010, 0x2010, 0x2010, 0x2010, 0x2010, 0x2010, 0x2010, 0x2010, 0x2010,
    0x2010, 0x2010, 0x2010, 0x2010, 0x2010, 0x2010, 0x2010, 0x2010, 0x2010, 0x2010, 0x2010, 0x2010, 0x2010, 0x2010, 0x2010, 0x2010,
    0x2010, 0x2010, 0x2010, 0x2010, 0x2010, 0x2010, 0x2010, 0x2010, 0x2010, 0x2010, 0x2010, 0x2010, 0x2010, 0x2010, 0x2010, 0x2010,
    0x2010, 0x2010, 0x2010, 0x2010, 0x2010, 0x2010, 0x2010, 0x2010, 0x2010, 0x2010, 0x2010, 0x2010, 0x2010, 0x2010, 0x2010, 0x2010,
    0x2010, 0x2010, 0x2010, 0x2010, 0x2010, 0x2010, 0x2010, 0x2010, 0x2010, 0x2010, 0x2010, 0x2010, 0x2010, 0x2010, 0x2010, 0x2010,
    0x2010, 0x2010, 0x2010, 0x2010, 0x2010, 0x2010, 0x2010, 0x2010, 0x2010, 0x2010, 0x2010, 0x2010, 0x2010, 0x2010, 0x2010, 0x2010,
    0x2010, 0x2010, 0x2010, 0x2010, 0x2010, 0x2010, 0x2010, 0x2010, 0x2010, 0x2010, 0x2010, 0x2010, 0x2010, 0x2010, 0x2010, 0x2010,
    0x2010, 0x2010, 0x2010, 0x2010, 0x2010, 0x2010, 0x2010, 0x2010, 0x2010, 0x2010, 0x2010, 0x2010, 0x2010, 0x2010, 0x2010, 0x2010,
    0x2010, 0x2010, 0x2010, 0x2010, 0x2010, 0x2010, 0x2010, 0x2010, 0x2010, 0x2010, 0x2010, 0x2010, 0x2010, 0x2010, 0x2010, 0x2010,
    0x2010, 0x2010, 0x2010, 0x2010, 0x2010, 0x2010, 0x2010, 0x2010, 0x2010, 0x2010, 0x2010, 0x2010, 0x2010, 0x2010, 0x2010, 0x2010,
    0x2010, 0x2010, 0x2010, 0x2010, 0x2010, 0x2010, 0x2010, 0x2010, 0x2010, 0x2010, 0x2010, 0x2010, 0x2010, 0x2010, 0x2010, 0x2010,
    0x2010, 0x2010, 0x2010, 0x2010, 0x2010, 0x2010, 0x2010, 0x2010, 0x2010, 0x2010, 0x2010, 0x2010, 0x2010, 0x2010, 0x2010, 0x2010,
    0x2010, 0x2010, 0x2010, 0x2010, 0x2010, 0x2010, 0x2010, 0x2010, 0x2010, 0x2010, 0x2010, 0x2010, 0x2010, 0x2010, 0x2010, 0x2010,
    0x2010, 0x2010, 0x2010, 0x2010, 0x2010, 0x2010, 0x2010, 0x2010, 0x2010, 0x2010, 0x2010, 0x2010, 0x2010, 0x2010, 0x2010, 0x2010,
    0x2010, 0x2010, 0x2010, 0x2010, 0x2010, 0x2010, 0x2010, 0x2010, 0x2010, 0x2010, 0x2010, 0x2010, 0x2010, 0x2010, 0x2010, 0x2010,
    0x2010, 0x2010, 0x2010, 0x2010, 0x2010, 0x2010, 0x2010, 0x2010, 0x2010, 0x2010, 0x2010, 0x2010, 0x2010, 0x2010, 0x2010, 0x2010,
    0x2010, 0x2010, 0x2010, 0x2010, 0x2010, 0x2010, 0x2010, 0x2010, 0x2010, 0x2010, 0x2010, 0x2010, 0x2010, 0x2010, 0x2010, 0x2010,
    0x2010, 0x2010, 0x2010, 0x2010, 0x2010, 0x2010, 0x2010, 0x2010, 0x2010, 0x2010, 0x2010, 0x2010, 0x2010, 0x2010, 0x2010, 0x2010,
    0x2010, 0x2010, 0x2010, 0x2010, 0x2010, 0x2010, 0x2010, 0x2010, 0x2010, 0x2010, 0x2010, 0x2010, 0x2010, 0x2010, 0x2010, 0x2010,
    0x2010, 0x2010, 0x2010, 0x2010, 0x2010, 0x2010, 0x2010, 0x2010, 0x2010, 0x2010, 0x2010, 0x2010, 0x2010, 0x2010, 0x2010, 0x2010,
    0x2010, 0x2010, 0x2010, 0x2010, 0x2010, 0x2010, 0x2010, 0x2010, 0x2010, 0x2010, 0x2010, 0x2010, 0x2010, 0x2010, 0x2010, 0x2010,
    0x0000, 0x0000, 0x0000, 0x0000, 0x0000, 0x0000, 0x0000, 0x0000, 0x0000, 0x0000, 0x0000, 0x0000, 0x0000, 0x0000, 0x0000, 0x0000,
    0x0000, 0x0000, 0x0000, 0x0000, 0x0000, 0x0000, 0x0000, 0x0000, 0x0000, 0x0000, 0x0000, 0x0000, 0x0000, 0x0000, 0x0000, 0x0000,
    0x0000, 0x0000, 0x0000, 0x0000, 0x0000, 0x0000, 0x0000, 0x0000, 0x0000, 0x0000, 0x0000, 0x0000, 0x0000, 0x0000, 0x0000, 0x0000,
    0x0000, 0x0000, 0x0000, 0x0000, 0x0000, 0x0000, 0x0000, 0x0000, 0x0000, 0x0000, 0x0000, 0x0000, 0x0000, 0x0000, 0x0000, 0x0000,
    0x0000, 0x0000, 0x0000, 0x0000, 0x0000, 0x0000, 0x0000, 0x0000, 0x0000, 0x0000, 0x0000, 0x0000, 0x0000, 0x0000, 0x0000, 0x0000,
    0x2020, 0x2020, 0x2020, 0x2020, 0x2020, 0x2020, 0x2020, 0x2020, 0x2020, 0x2020, 0x2020, 0x2020, 0x2020, 0x2020, 0x2020, 0x2020,
    0x2020, 0x2020, 0x2020, 0x2020, 0x2020, 0x2020, 0x2020, 0x2020, 0x2020, 0x2020, 0x2020, 0x2020, 0x2020, 0x2020, 0x2020, 0x2020,
    0x2020, 0x2020, 0x2020, 0x2020, 0x2020, 0x2020, 0x2020, 0x2020, 0x2020, 0x2020, 0x2020, 0x2020, 0x2020, 0x2020, 0x2020, 0x2020,
    0x2020, 0x2020, 0x2020, 0x2020, 0x2020, 0x2020, 0x2020, 0x2020, 0x2020, 0x2020, 0x2020, 0x2020, 0x2020, 0x2020, 0x2020, 0x2020,
    0x2020, 0x2020, 0x2020, 0x2020, 0x2020, 0x2020, 0x2020, 0x2020, 0x2020, 0x2020, 0x2020, 0x2020, 0x2020, 0x2020, 0x2020, 0x2020,
    0x2020, 0x2020, 0x2020, 0x2020, 0x2020, 0x2020, 0x2020, 0x2020, 0x2020, 0x2020, 0x2020, 0x2020, 0x2020, 0x2020, 0x2020, 0x2020,
    0x2020, 0x2020, 0x2020, 0x2020, 0x2020, 0x2020, 0x2020, 0x2020, 0x2020, 0x2020, 0x2020, 0x2020, 0x2020, 0x2020, 0x2020, 0x2020,
    0x2020, 0x2020, 0x2020, 0x2020, 0x2020, 0x2020, 0x2020, 0x2020, 0x2020, 0x2020, 0x2020, 0x2020, 0x2020, 0x2020, 0x2020, 0x2020,
    0x2020, 0x2020, 0x2020, 0x2020, 0x2020, 0x2020, 0x2020, 0x2020, 0x2020, 0x2020, 0x2020, 0x2020, 0x2020, 0x2020, 0x2020, 0x2020,
    0x2020, 0x2020, 0x2020, 0x2020, 0x2020, 0x2020, 0x2020, 0x2020, 0x2020, 0x2020, 0x2020, 0x2020, 0x2020, 0x2020, 0x2020, 0x2020,
    0x2020, 0x2020, 0x2020, 0x2020, 0x2020, 0x2020, 0x2020, 0x2020, 0x2020, 0x2020, 0x2020, 0x2020, 0x2020, 0x2020, 0x2020, 0x2020,
    0x2020, 0x2020, 0x2020, 0x2020, 0x2020, 0x2020, 0x2020, 0x2020, 0x2020, 0x2020, 0x2020, 0x2020, 0x2020, 0x2020, 0x2020, 0x2020,
    0x2020, 0x2020, 0x2020, 0x2020, 0x2020, 0x2020, 0x2020, 0x2020, 0x2020, 0x2020, 0x2020, 0x2020, 0x2020, 0x2020, 0x2020, 0x2020,
    0x2020, 0x2020, 0x2020, 0x2020, 0x2020, 0x2020, 0x2020, 0x2020, 0x2020, 0x2020, 0x2020, 0x2020, 0x2020, 0x2020, 0x2020, 0x2020,
    0x2020, 0x2020, 0x2020, 0x2020, 0x2020, 0x2020, 0x2020, 0x2020, 0x2020, 0x2020, 0x2020, 0x2020, 0x2020, 0x2020, 0x2020, 0x2020,
    0x0000, 0x0000, 0x0000, 0x0000, 0x0000, 0x0000, 0x0000, 0x0000, 0x0000, 0x0000, 0x0000, 0x0000, 0x0000, 0x0000, 0x0000, 0x0000,
};
